timestamp, index, memory.used [MiB], utilization.gpu [%], power.draw [W], clocks.current.sm [MHz]
2026/09/28 06:30:57.975, 0, 73075 MiB, 0 %, 184.13 W, 1980 MHz
2026/09/28 06:30:57.988, 1, 73075 MiB, 0 %, 132.02 W, 1980 MHz
2026/09/28 06:30:57.996, 2, 73075 MiB, 0 %, 133.36 W, 1980 MHz
2026/09/28 06:30:58.003, 3, 73075 MiB, 0 %, 125.55 W, 1980 MHz
2026/09/28 06:30:58.011, 4, 73075 MiB, 0 %, 124.93 W, 1980 MHz
2026/09/28 06:30:58.019, 5, 73075 MiB, 0 %, 129.28 W, 1980 MHz
2026/09/28 06:30:58.027, 6, 73075 MiB, 0 %, 127.21 W, 1980 MHz
2026/09/28 06:30:58.035, 7, 73075 MiB, 0 %, 122.44 W, 1980 MHz
2026/09/28 06:30:59.043, 0, 73075 MiB, 0 %, 180.92 W, 1980 MHz
2026/09/28 06:30:59.044, 1, 73075 MiB, 0 %, 129.02 W, 1980 MHz
2026/09/28 06:30:59.045, 2, 73075 MiB, 0 %, 125.70 W, 1980 MHz
2026/09/28 06:30:59.045, 3, 73075 MiB, 0 %, 123.44 W, 1980 MHz
2026/09/28 06:30:59.046, 4, 73075 MiB, 0 %, 122.39 W, 1980 MHz
2026/09/28 06:30:59.047, 5, 73075 MiB, 0 %, 122.74 W, 1980 MHz
2026/09/28 06:30:59.047, 6, 73075 MiB, 0 %, 125.18 W, 1980 MHz
2026/09/28 06:30:59.048, 7, 73075 MiB, 0 %, 120.64 W, 1980 MHz
2026/09/28 06:31:00.049, 0, 73075 MiB, 0 %, 179.17 W, 1980 MHz
2026/09/28 06:31:00.050, 1, 73075 MiB, 0 %, 128.42 W, 1980 MHz
2026/09/28 06:31:00.051, 2, 73075 MiB, 0 %, 125.30 W, 1980 MHz
2026/09/28 06:31:00.052, 3, 73075 MiB, 0 %, 123.04 W, 1980 MHz
2026/09/28 06:31:00.053, 4, 73075 MiB, 0 %, 121.98 W, 1980 MHz
2026/09/28 06:31:00.054, 5, 73075 MiB, 0 %, 122.81 W, 1980 MHz
2026/09/28 06:31:00.055, 6, 73075 MiB, 0 %, 124.83 W, 1980 MHz
2026/09/28 06:31:00.056, 7, 73075 MiB, 0 %, 120.24 W, 1980 MHz
2026/09/28 06:31:01.057, 0, 73075 MiB, 0 %, 178.22 W, 1980 MHz
2026/09/28 06:31:01.058, 1, 73075 MiB, 0 %, 128.12 W, 1980 MHz
2026/09/28 06:31:01.058, 2, 73075 MiB, 0 %, 125.09 W, 1980 MHz
2026/09/28 06:31:01.059, 3, 73075 MiB, 0 %, 122.82 W, 1980 MHz
2026/09/28 06:31:01.060, 4, 73075 MiB, 0 %, 121.73 W, 1980 MHz
2026/09/28 06:31:01.060, 5, 73075 MiB, 0 %, 122.57 W, 1980 MHz
2026/09/28 06:31:01.061, 6, 73075 MiB, 0 %, 124.59 W, 1980 MHz
2026/09/28 06:31:01.062, 7, 73075 MiB, 0 %, 120.03 W, 1980 MHz
2026/09/28 06:31:02.062, 0, 73075 MiB, 0 %, 177.74 W, 1980 MHz
2026/09/28 06:31:02.063, 1, 73075 MiB, 0 %, 127.82 W, 1980 MHz
2026/09/28 06:31:02.064, 2, 73075 MiB, 0 %, 124.83 W, 1980 MHz
2026/09/28 06:31:02.065, 3, 73075 MiB, 0 %, 122.60 W, 1980 MHz
2026/09/28 06:31:02.065, 4, 73075 MiB, 0 %, 121.56 W, 1980 MHz
2026/09/28 06:31:02.066, 5, 73075 MiB, 0 %, 122.35 W, 1980 MHz
2026/09/28 06:31:02.067, 6, 73075 MiB, 0 %, 124.31 W, 1980 MHz
2026/09/28 06:31:02.067, 7, 73075 MiB, 0 %, 119.75 W, 1980 MHz
2026/09/28 06:31:03.068, 0, 73075 MiB, 0 %, 177.41 W, 1980 MHz
2026/09/28 06:31:03.069, 1, 73075 MiB, 0 %, 127.59 W, 1980 MHz
2026/09/28 06:31:03.070, 2, 73075 MiB, 0 %, 124.63 W, 1980 MHz
2026/09/28 06:31:03.070, 3, 73075 MiB, 0 %, 122.50 W, 1980 MHz
2026/09/28 06:31:03.071, 4, 73075 MiB, 0 %, 121.45 W, 1980 MHz
2026/09/28 06:31:03.071, 5, 73075 MiB, 0 %, 122.24 W, 1980 MHz
2026/09/28 06:31:03.072, 6, 73075 MiB, 0 %, 124.10 W, 1980 MHz
2026/09/28 06:31:03.073, 7, 73075 MiB, 0 %, 119.64 W, 1980 MHz
2026/09/28 06:31:04.073, 0, 73075 MiB, 0 %, 177.05 W, 1980 MHz
2026/09/28 06:31:04.074, 1, 73075 MiB, 0 %, 127.38 W, 1980 MHz
2026/09/28 06:31:04.075, 2, 73075 MiB, 0 %, 124.51 W, 1980 MHz
2026/09/28 06:31:04.075, 3, 73075 MiB, 0 %, 122.43 W, 1980 MHz
2026/09/28 06:31:04.076, 4, 73075 MiB, 0 %, 121.29 W, 1980 MHz
2026/09/28 06:31:04.077, 5, 73075 MiB, 0 %, 122.11 W, 1980 MHz
2026/09/28 06:31:04.077, 6, 73075 MiB, 0 %, 123.98 W, 1980 MHz
2026/09/28 06:31:04.078, 7, 73075 MiB, 0 %, 119.42 W, 1980 MHz
2026/09/28 06:31:05.079, 0, 73075 MiB, 0 %, 176.77 W, 1980 MHz
2026/09/28 06:31:05.080, 1, 73075 MiB, 0 %, 127.22 W, 1980 MHz
2026/09/28 06:31:05.080, 2, 73075 MiB, 0 %, 124.35 W, 1980 MHz
2026/09/28 06:31:05.081, 3, 73075 MiB, 0 %, 122.24 W, 1980 MHz
2026/09/28 06:31:05.081, 4, 73075 MiB, 0 %, 121.19 W, 1980 MHz
2026/09/28 06:31:05.082, 5, 73075 MiB, 0 %, 121.93 W, 1980 MHz
2026/09/28 06:31:05.083, 6, 73075 MiB, 0 %, 123.86 W, 1980 MHz
2026/09/28 06:31:05.083, 7, 73075 MiB, 0 %, 119.64 W, 1980 MHz
2026/09/28 06:31:06.084, 0, 73075 MiB, 0 %, 176.53 W, 1980 MHz
2026/09/28 06:31:06.085, 1, 73075 MiB, 0 %, 127.03 W, 1980 MHz
2026/09/28 06:31:06.085, 2, 73075 MiB, 0 %, 124.18 W, 1980 MHz
2026/09/28 06:31:06.086, 3, 73075 MiB, 0 %, 122.11 W, 1980 MHz
2026/09/28 06:31:06.086, 4, 73075 MiB, 0 %, 121.00 W, 1980 MHz
2026/09/28 06:31:06.087, 5, 73075 MiB, 0 %, 121.77 W, 1980 MHz
2026/09/28 06:31:06.087, 6, 73075 MiB, 0 %, 123.66 W, 1980 MHz
2026/09/28 06:31:06.088, 7, 73075 MiB, 0 %, 119.42 W, 1980 MHz
2026/09/28 06:31:07.089, 0, 73075 MiB, 0 %, 176.34 W, 1980 MHz
2026/09/28 06:31:07.090, 1, 73075 MiB, 0 %, 126.86 W, 1980 MHz
2026/09/28 06:31:07.090, 2, 73075 MiB, 0 %, 124.11 W, 1980 MHz
2026/09/28 06:31:07.091, 3, 73075 MiB, 0 %, 121.95 W, 1980 MHz
2026/09/28 06:31:07.091, 4, 73075 MiB, 0 %, 120.91 W, 1980 MHz
2026/09/28 06:31:07.092, 5, 73075 MiB, 0 %, 121.59 W, 1980 MHz
2026/09/28 06:31:07.093, 6, 73075 MiB, 0 %, 123.53 W, 1980 MHz
2026/09/28 06:31:07.093, 7, 73075 MiB, 0 %, 119.08 W, 1980 MHz
2026/09/28 06:31:08.094, 0, 73075 MiB, 0 %, 176.08 W, 1980 MHz
2026/09/28 06:31:08.095, 1, 73075 MiB, 0 %, 126.69 W, 1980 MHz
2026/09/28 06:31:08.096, 2, 73075 MiB, 0 %, 123.93 W, 1980 MHz
2026/09/28 06:31:08.096, 3, 73075 MiB, 0 %, 121.83 W, 1980 MHz
2026/09/28 06:31:08.097, 4, 73075 MiB, 0 %, 120.84 W, 1980 MHz
2026/09/28 06:31:08.098, 5, 73075 MiB, 0 %, 121.46 W, 1980 MHz
2026/09/28 06:31:08.098, 6, 73075 MiB, 0 %, 123.37 W, 1980 MHz
2026/09/28 06:31:08.099, 7, 73075 MiB, 0 %, 119.00 W, 1980 MHz
2026/09/28 06:31:09.100, 0, 73075 MiB, 0 %, 175.86 W, 1980 MHz
2026/09/28 06:31:09.100, 1, 73075 MiB, 0 %, 126.50 W, 1980 MHz
2026/09/28 06:31:09.101, 2, 73075 MiB, 0 %, 123.82 W, 1980 MHz
2026/09/28 06:31:09.102, 3, 73075 MiB, 0 %, 121.81 W, 1980 MHz
2026/09/28 06:31:09.102, 4, 73075 MiB, 0 %, 120.71 W, 1980 MHz
2026/09/28 06:31:09.103, 5, 73075 MiB, 0 %, 121.42 W, 1980 MHz
2026/09/28 06:31:09.104, 6, 73075 MiB, 0 %, 123.18 W, 1980 MHz
2026/09/28 06:31:09.104, 7, 73075 MiB, 0 %, 118.82 W, 1980 MHz
2026/09/28 06:31:10.105, 0, 73075 MiB, 0 %, 175.69 W, 1980 MHz
2026/09/28 06:31:10.106, 1, 73075 MiB, 0 %, 126.20 W, 1980 MHz
2026/09/28 06:31:10.107, 2, 73075 MiB, 0 %, 123.69 W, 1980 MHz
2026/09/28 06:31:10.107, 3, 73075 MiB, 0 %, 121.71 W, 1980 MHz
2026/09/28 06:31:10.108, 4, 73075 MiB, 0 %, 120.67 W, 1980 MHz
2026/09/28 06:31:10.109, 5, 73075 MiB, 0 %, 121.28 W, 1980 MHz
2026/09/28 06:31:10.109, 6, 73075 MiB, 0 %, 123.09 W, 1980 MHz
2026/09/28 06:31:10.110, 7, 73075 MiB, 0 %, 118.74 W, 1980 MHz
2026/09/28 06:31:11.111, 0, 73075 MiB, 0 %, 175.52 W, 1980 MHz
2026/09/28 06:31:11.111, 1, 73075 MiB, 0 %, 125.42 W, 1980 MHz
2026/09/28 06:31:11.112, 2, 73075 MiB, 0 %, 123.57 W, 1980 MHz
2026/09/28 06:31:11.113, 3, 73075 MiB, 0 %, 121.65 W, 1980 MHz
2026/09/28 06:31:11.113, 4, 73075 MiB, 0 %, 120.61 W, 1980 MHz
2026/09/28 06:31:11.114, 5, 73075 MiB, 0 %, 121.22 W, 1980 MHz
2026/09/28 06:31:11.114, 6, 73075 MiB, 0 %, 122.98 W, 1980 MHz
2026/09/28 06:31:11.115, 7, 73075 MiB, 0 %, 118.71 W, 1980 MHz
2026/09/28 06:31:12.116, 0, 73075 MiB, 0 %, 175.32 W, 1980 MHz
2026/09/28 06:31:12.116, 1, 73075 MiB, 0 %, 125.23 W, 1980 MHz
2026/09/28 06:31:12.117, 2, 73075 MiB, 0 %, 123.42 W, 1980 MHz
2026/09/28 06:31:12.118, 3, 73075 MiB, 0 %, 121.52 W, 1980 MHz
2026/09/28 06:31:12.119, 4, 73075 MiB, 0 %, 120.46 W, 1980 MHz
2026/09/28 06:31:12.119, 5, 73075 MiB, 0 %, 121.05 W, 1980 MHz
2026/09/28 06:31:12.120, 6, 73075 MiB, 0 %, 122.89 W, 1980 MHz
2026/09/28 06:31:12.121, 7, 73075 MiB, 0 %, 118.63 W, 1980 MHz
2026/09/28 06:31:13.121, 0, 73075 MiB, 0 %, 175.17 W, 1980 MHz
2026/09/28 06:31:13.122, 1, 73075 MiB, 0 %, 125.16 W, 1980 MHz
2026/09/28 06:31:13.123, 2, 73075 MiB, 0 %, 123.23 W, 1980 MHz
2026/09/28 06:31:13.124, 3, 73075 MiB, 0 %, 121.43 W, 1980 MHz
2026/09/28 06:31:13.124, 4, 73075 MiB, 0 %, 120.40 W, 1980 MHz
2026/09/28 06:31:13.125, 5, 73075 MiB, 0 %, 120.90 W, 1980 MHz
2026/09/28 06:31:13.126, 6, 73075 MiB, 0 %, 122.79 W, 1980 MHz
2026/09/28 06:31:13.126, 7, 73075 MiB, 0 %, 118.58 W, 1980 MHz
2026/09/28 06:31:14.127, 0, 73075 MiB, 0 %, 175.01 W, 1980 MHz
2026/09/28 06:31:14.128, 1, 73075 MiB, 0 %, 125.06 W, 1980 MHz
2026/09/28 06:31:14.128, 2, 73075 MiB, 0 %, 123.19 W, 1980 MHz
2026/09/28 06:31:14.129, 3, 73075 MiB, 0 %, 121.38 W, 1980 MHz
2026/09/28 06:31:14.130, 4, 73075 MiB, 0 %, 120.31 W, 1980 MHz
2026/09/28 06:31:14.130, 5, 73075 MiB, 0 %, 120.89 W, 1980 MHz
2026/09/28 06:31:14.131, 6, 73075 MiB, 0 %, 122.25 W, 1980 MHz
2026/09/28 06:31:14.132, 7, 73075 MiB, 0 %, 118.48 W, 1980 MHz
2026/09/28 06:31:15.132, 0, 73075 MiB, 0 %, 175.67 W, 1980 MHz
2026/09/28 06:31:15.133, 1, 73075 MiB, 0 %, 124.90 W, 1980 MHz
2026/09/28 06:31:15.134, 2, 73075 MiB, 21 %, 141.26 W, 1980 MHz
2026/09/28 06:31:15.135, 3, 73075 MiB, 0 %, 129.85 W, 1980 MHz
2026/09/28 06:31:15.135, 4, 73075 MiB, 0 %, 121.64 W, 1980 MHz
2026/09/28 06:31:15.136, 5, 73075 MiB, 0 %, 147.46 W, 1980 MHz
2026/09/28 06:31:15.136, 6, 73075 MiB, 0 %, 133.38 W, 1980 MHz
2026/09/28 06:31:15.137, 7, 73075 MiB, 0 %, 132.28 W, 1980 MHz
2026/09/28 06:31:16.138, 0, 73075 MiB, 100 %, 484.21 W, 1980 MHz
2026/09/28 06:31:16.139, 1, 73075 MiB, 100 %, 432.61 W, 1980 MHz
2026/09/28 06:31:16.140, 2, 73075 MiB, 100 %, 412.85 W, 1980 MHz
2026/09/28 06:31:16.140, 3, 73075 MiB, 100 %, 420.45 W, 1980 MHz
2026/09/28 06:31:16.141, 4, 73075 MiB, 100 %, 410.66 W, 1980 MHz
2026/09/28 06:31:16.142, 5, 73075 MiB, 100 %, 415.20 W, 1980 MHz
2026/09/28 06:31:16.142, 6, 73075 MiB, 100 %, 426.72 W, 1980 MHz
2026/09/28 06:31:16.143, 7, 73075 MiB, 100 %, 401.86 W, 1980 MHz
2026/09/28 06:31:17.144, 0, 73075 MiB, 100 %, 441.98 W, 1980 MHz
2026/09/28 06:31:17.144, 1, 73075 MiB, 100 %, 380.54 W, 1980 MHz
2026/09/28 06:31:17.145, 2, 73075 MiB, 100 %, 384.71 W, 1980 MHz
2026/09/28 06:31:17.146, 3, 73075 MiB, 100 %, 379.02 W, 1980 MHz
2026/09/28 06:31:17.146, 4, 73075 MiB, 100 %, 360.13 W, 1980 MHz
2026/09/28 06:31:17.147, 5, 73075 MiB, 100 %, 392.91 W, 1980 MHz
2026/09/28 06:31:17.148, 6, 73075 MiB, 100 %, 391.35 W, 1980 MHz
2026/09/28 06:31:17.148, 7, 73075 MiB, 100 %, 375.43 W, 1980 MHz
2026/09/28 06:31:18.149, 0, 73075 MiB, 100 %, 446.37 W, 1980 MHz
2026/09/28 06:31:18.150, 1, 73075 MiB, 100 %, 382.60 W, 1980 MHz
2026/09/28 06:31:18.151, 2, 73075 MiB, 100 %, 374.56 W, 1980 MHz
2026/09/28 06:31:18.151, 3, 73075 MiB, 100 %, 368.65 W, 1980 MHz
2026/09/28 06:31:18.152, 4, 73075 MiB, 100 %, 361.73 W, 1980 MHz
2026/09/28 06:31:18.153, 5, 73075 MiB, 100 %, 371.48 W, 1980 MHz
2026/09/28 06:31:18.153, 6, 73075 MiB, 90 %, 381.15 W, 1980 MHz
2026/09/28 06:31:18.154, 7, 73075 MiB, 100 %, 365.39 W, 1980 MHz
2026/09/28 06:31:19.155, 0, 73075 MiB, 100 %, 440.75 W, 1980 MHz
2026/09/28 06:31:19.155, 1, 73075 MiB, 84 %, 379.02 W, 1980 MHz
2026/09/28 06:31:19.156, 2, 73075 MiB, 44 %, 364.90 W, 1980 MHz
2026/09/28 06:31:19.157, 3, 73075 MiB, 100 %, 375.14 W, 1980 MHz
2026/09/28 06:31:19.157, 4, 73075 MiB, 100 %, 380.62 W, 1980 MHz
2026/09/28 06:31:19.158, 5, 73075 MiB, 100 %, 359.20 W, 1980 MHz
2026/09/28 06:31:19.159, 6, 73075 MiB, 100 %, 375.89 W, 1980 MHz
2026/09/28 06:31:19.159, 7, 73075 MiB, 100 %, 364.18 W, 1980 MHz
2026/09/28 06:31:20.160, 0, 73075 MiB, 100 %, 487.62 W, 1980 MHz
2026/09/28 06:31:20.161, 1, 73075 MiB, 100 %, 436.95 W, 1980 MHz
2026/09/28 06:31:20.162, 2, 73075 MiB, 100 %, 424.07 W, 1980 MHz
2026/09/28 06:31:20.162, 3, 73075 MiB, 100 %, 426.18 W, 1980 MHz
2026/09/28 06:31:20.163, 4, 73075 MiB, 100 %, 411.86 W, 1980 MHz
2026/09/28 06:31:20.164, 5, 73075 MiB, 100 %, 422.45 W, 1980 MHz
2026/09/28 06:31:20.164, 6, 73075 MiB, 100 %, 435.10 W, 1980 MHz
2026/09/28 06:31:20.165, 7, 73075 MiB, 100 %, 416.38 W, 1980 MHz
2026/09/28 06:31:21.166, 0, 73075 MiB, 100 %, 441.72 W, 1980 MHz
2026/09/28 06:31:21.166, 1, 73075 MiB, 100 %, 407.87 W, 1980 MHz
2026/09/28 06:31:21.167, 2, 73075 MiB, 100 %, 388.09 W, 1980 MHz
2026/09/28 06:31:21.168, 3, 73075 MiB, 100 %, 376.19 W, 1980 MHz
2026/09/28 06:31:21.169, 4, 73075 MiB, 100 %, 386.27 W, 1980 MHz
2026/09/28 06:31:21.169, 5, 73075 MiB, 100 %, 392.09 W, 1980 MHz
2026/09/28 06:31:21.170, 6, 73075 MiB, 100 %, 382.20 W, 1980 MHz
2026/09/28 06:31:21.171, 7, 73075 MiB, 100 %, 376.56 W, 1980 MHz
2026/09/28 06:31:22.171, 0, 73075 MiB, 83 %, 392.52 W, 1980 MHz
2026/09/28 06:31:22.172, 1, 73075 MiB, 45 %, 347.49 W, 1980 MHz
2026/09/28 06:31:22.173, 2, 73075 MiB, 49 %, 339.55 W, 1980 MHz
2026/09/28 06:31:22.174, 3, 73075 MiB, 56 %, 332.04 W, 1980 MHz
2026/09/28 06:31:22.174, 4, 73075 MiB, 71 %, 329.12 W, 1980 MHz
2026/09/28 06:31:22.175, 5, 73075 MiB, 100 %, 326.32 W, 1980 MHz
2026/09/28 06:31:22.175, 6, 73075 MiB, 100 %, 337.19 W, 1980 MHz
2026/09/28 06:31:22.176, 7, 73075 MiB, 100 %, 324.49 W, 1980 MHz
2026/09/28 06:31:23.177, 0, 73075 MiB, 100 %, 496.99 W, 1980 MHz
2026/09/28 06:31:23.177, 1, 73075 MiB, 100 %, 423.01 W, 1980 MHz
2026/09/28 06:31:23.178, 2, 73075 MiB, 100 %, 415.25 W, 1980 MHz
2026/09/28 06:31:23.179, 3, 73075 MiB, 100 %, 416.89 W, 1980 MHz
2026/09/28 06:31:23.179, 4, 73075 MiB, 100 %, 406.02 W, 1980 MHz
2026/09/28 06:31:23.180, 5, 73075 MiB, 100 %, 413.97 W, 1980 MHz
2026/09/28 06:31:23.181, 6, 73075 MiB, 100 %, 432.12 W, 1980 MHz
2026/09/28 06:31:23.181, 7, 73075 MiB, 100 %, 407.64 W, 1980 MHz
2026/09/28 06:31:24.182, 0, 73075 MiB, 100 %, 491.57 W, 1980 MHz
2026/09/28 06:31:24.183, 1, 73075 MiB, 100 %, 434.77 W, 1980 MHz
2026/09/28 06:31:24.184, 2, 73075 MiB, 100 %, 422.62 W, 1980 MHz
2026/09/28 06:31:24.184, 3, 73075 MiB, 100 %, 422.22 W, 1980 MHz
2026/09/28 06:31:24.185, 4, 73075 MiB, 100 %, 413.54 W, 1980 MHz
2026/09/28 06:31:24.186, 5, 73075 MiB, 100 %, 421.13 W, 1980 MHz
2026/09/28 06:31:24.186, 6, 73075 MiB, 100 %, 434.89 W, 1980 MHz
2026/09/28 06:31:24.187, 7, 73075 MiB, 100 %, 411.13 W, 1980 MHz
2026/09/28 06:31:25.188, 0, 73075 MiB, 100 %, 496.50 W, 1980 MHz
2026/09/28 06:31:25.188, 1, 73075 MiB, 100 %, 441.32 W, 1980 MHz
2026/09/28 06:31:25.189, 2, 73075 MiB, 100 %, 414.07 W, 1980 MHz
2026/09/28 06:31:25.190, 3, 73075 MiB, 100 %, 422.91 W, 1980 MHz
2026/09/28 06:31:25.190, 4, 73075 MiB, 100 %, 410.80 W, 1980 MHz
2026/09/28 06:31:25.191, 5, 73075 MiB, 100 %, 417.34 W, 1980 MHz
2026/09/28 06:31:25.192, 6, 73075 MiB, 100 %, 430.86 W, 1980 MHz
2026/09/28 06:31:25.192, 7, 73075 MiB, 100 %, 409.02 W, 1980 MHz
2026/09/28 06:31:26.193, 0, 73075 MiB, 100 %, 340.11 W, 1980 MHz
2026/09/28 06:31:26.194, 1, 73075 MiB, 100 %, 274.79 W, 1980 MHz
2026/09/28 06:31:26.194, 2, 73075 MiB, 100 %, 272.66 W, 1980 MHz
2026/09/28 06:31:26.195, 3, 73075 MiB, 100 %, 268.55 W, 1980 MHz
2026/09/28 06:31:26.196, 4, 73075 MiB, 100 %, 263.78 W, 1980 MHz
2026/09/28 06:31:26.196, 5, 73075 MiB, 100 %, 269.55 W, 1980 MHz
2026/09/28 06:31:26.197, 6, 73075 MiB, 100 %, 290.66 W, 1980 MHz
2026/09/28 06:31:26.198, 7, 73075 MiB, 100 %, 273.28 W, 1980 MHz
2026/09/28 06:31:27.198, 0, 73075 MiB, 100 %, 506.90 W, 1980 MHz
2026/09/28 06:31:27.199, 1, 73075 MiB, 100 %, 443.21 W, 1980 MHz
2026/09/28 06:31:27.200, 2, 73075 MiB, 100 %, 414.22 W, 1980 MHz
2026/09/28 06:31:27.201, 3, 73075 MiB, 95 %, 426.99 W, 1980 MHz
2026/09/28 06:31:27.201, 4, 73075 MiB, 100 %, 424.83 W, 1980 MHz
2026/09/28 06:31:27.202, 5, 73075 MiB, 100 %, 419.05 W, 1980 MHz
2026/09/28 06:31:27.203, 6, 73075 MiB, 100 %, 426.09 W, 1980 MHz
2026/09/28 06:31:27.203, 7, 73075 MiB, 100 %, 418.11 W, 1980 MHz
2026/09/28 06:31:28.204, 0, 73075 MiB, 100 %, 495.40 W, 1980 MHz
2026/09/28 06:31:28.205, 1, 73075 MiB, 100 %, 442.29 W, 1980 MHz
2026/09/28 06:31:28.206, 2, 73075 MiB, 100 %, 429.36 W, 1980 MHz
2026/09/28 06:31:28.206, 3, 73075 MiB, 100 %, 419.14 W, 1980 MHz
2026/09/28 06:31:28.207, 4, 73075 MiB, 100 %, 425.62 W, 1980 MHz
2026/09/28 06:31:28.207, 5, 73075 MiB, 100 %, 423.84 W, 1980 MHz
2026/09/28 06:31:28.208, 6, 73075 MiB, 100 %, 436.26 W, 1980 MHz
2026/09/28 06:31:28.209, 7, 73075 MiB, 100 %, 415.78 W, 1980 MHz
2026/09/28 06:31:29.209, 0, 73075 MiB, 100 %, 416.17 W, 1980 MHz
2026/09/28 06:31:29.210, 1, 73075 MiB, 100 %, 348.71 W, 1980 MHz
2026/09/28 06:31:29.211, 2, 73075 MiB, 100 %, 328.62 W, 1980 MHz
2026/09/28 06:31:29.212, 3, 73075 MiB, 100 %, 350.44 W, 1980 MHz
2026/09/28 06:31:29.212, 4, 73075 MiB, 100 %, 334.16 W, 1980 MHz
2026/09/28 06:31:29.213, 5, 73075 MiB, 78 %, 333.33 W, 1980 MHz
2026/09/28 06:31:29.214, 6, 73075 MiB, 100 %, 359.35 W, 1980 MHz
2026/09/28 06:31:29.214, 7, 73075 MiB, 100 %, 340.19 W, 1980 MHz
2026/09/28 06:31:30.215, 0, 73075 MiB, 100 %, 422.36 W, 1980 MHz
2026/09/28 06:31:30.216, 1, 73075 MiB, 100 %, 366.98 W, 1980 MHz
2026/09/28 06:31:30.216, 2, 73075 MiB, 100 %, 369.98 W, 1980 MHz
2026/09/28 06:31:30.217, 3, 73075 MiB, 100 %, 351.42 W, 1980 MHz
2026/09/28 06:31:30.218, 4, 73075 MiB, 100 %, 355.01 W, 1980 MHz
2026/09/28 06:31:30.218, 5, 73075 MiB, 100 %, 367.73 W, 1980 MHz
2026/09/28 06:31:30.219, 6, 73075 MiB, 100 %, 357.82 W, 1980 MHz
2026/09/28 06:31:30.220, 7, 73075 MiB, 100 %, 344.37 W, 1980 MHz
2026/09/28 06:31:31.220, 0, 73075 MiB, 100 %, 483.94 W, 1980 MHz
2026/09/28 06:31:31.221, 1, 73075 MiB, 100 %, 426.20 W, 1980 MHz
2026/09/28 06:31:31.222, 2, 73075 MiB, 100 %, 424.73 W, 1980 MHz
2026/09/28 06:31:31.222, 3, 73075 MiB, 100 %, 421.56 W, 1980 MHz
2026/09/28 06:31:31.223, 4, 73075 MiB, 100 %, 402.65 W, 1980 MHz
2026/09/28 06:31:31.224, 5, 73075 MiB, 100 %, 398.34 W, 1980 MHz
2026/09/28 06:31:31.224, 6, 73075 MiB, 100 %, 425.08 W, 1980 MHz
2026/09/28 06:31:31.225, 7, 73075 MiB, 100 %, 410.91 W, 1980 MHz
2026/09/28 06:31:32.226, 0, 73075 MiB, 100 %, 442.57 W, 1980 MHz
2026/09/28 06:31:32.227, 1, 73075 MiB, 100 %, 385.08 W, 1980 MHz
2026/09/28 06:31:32.227, 2, 73075 MiB, 100 %, 379.05 W, 1980 MHz
2026/09/28 06:31:32.228, 3, 73075 MiB, 100 %, 370.68 W, 1980 MHz
2026/09/28 06:31:32.229, 4, 73075 MiB, 100 %, 368.08 W, 1980 MHz
2026/09/28 06:31:32.229, 5, 73075 MiB, 100 %, 371.67 W, 1980 MHz
2026/09/28 06:31:32.230, 6, 73075 MiB, 100 %, 388.63 W, 1980 MHz
2026/09/28 06:31:32.231, 7, 73075 MiB, 100 %, 367.10 W, 1980 MHz
2026/09/28 06:31:33.231, 0, 73075 MiB, 86 %, 435.72 W, 1980 MHz
2026/09/28 06:31:33.232, 1, 73075 MiB, 37 %, 394.40 W, 1980 MHz
2026/09/28 06:31:33.233, 2, 73075 MiB, 41 %, 370.29 W, 1980 MHz
2026/09/28 06:31:33.233, 3, 73075 MiB, 60 %, 369.30 W, 1980 MHz
2026/09/28 06:31:33.234, 4, 73075 MiB, 74 %, 368.30 W, 1980 MHz
2026/09/28 06:31:33.235, 5, 73075 MiB, 100 %, 366.64 W, 1980 MHz
2026/09/28 06:31:33.235, 6, 73075 MiB, 100 %, 378.54 W, 1980 MHz
2026/09/28 06:31:33.236, 7, 73075 MiB, 100 %, 365.47 W, 1980 MHz
2026/09/28 06:31:34.237, 0, 73075 MiB, 100 %, 469.27 W, 1980 MHz
2026/09/28 06:31:34.237, 1, 73075 MiB, 100 %, 417.54 W, 1980 MHz
2026/09/28 06:31:34.238, 2, 73075 MiB, 100 %, 388.09 W, 1980 MHz
2026/09/28 06:31:34.239, 3, 73075 MiB, 100 %, 393.93 W, 1980 MHz
2026/09/28 06:31:34.239, 4, 73075 MiB, 100 %, 399.40 W, 1980 MHz
2026/09/28 06:31:34.240, 5, 73075 MiB, 100 %, 386.36 W, 1980 MHz
2026/09/28 06:31:34.240, 6, 73075 MiB, 100 %, 404.33 W, 1980 MHz
2026/09/28 06:31:34.241, 7, 73075 MiB, 100 %, 384.77 W, 1980 MHz
2026/09/28 06:31:35.242, 0, 73075 MiB, 100 %, 452.50 W, 1980 MHz
2026/09/28 06:31:35.243, 1, 73075 MiB, 100 %, 393.68 W, 1980 MHz
2026/09/28 06:31:35.243, 2, 73075 MiB, 100 %, 385.74 W, 1980 MHz
2026/09/28 06:31:35.244, 3, 73075 MiB, 100 %, 387.18 W, 1980 MHz
2026/09/28 06:31:35.245, 4, 73075 MiB, 100 %, 363.53 W, 1980 MHz
2026/09/28 06:31:35.245, 5, 73075 MiB, 100 %, 393.81 W, 1980 MHz
2026/09/28 06:31:35.246, 6, 73075 MiB, 100 %, 404.43 W, 1980 MHz
2026/09/28 06:31:35.246, 7, 73075 MiB, 100 %, 377.24 W, 1980 MHz
2026/09/28 06:31:36.247, 0, 73075 MiB, 100 %, 388.21 W, 1980 MHz
2026/09/28 06:31:36.248, 1, 73075 MiB, 100 %, 332.80 W, 1980 MHz
2026/09/28 06:31:36.249, 2, 73075 MiB, 100 %, 309.94 W, 1980 MHz
2026/09/28 06:31:36.249, 3, 73075 MiB, 100 %, 321.53 W, 1980 MHz
2026/09/28 06:31:36.250, 4, 73075 MiB, 100 %, 324.17 W, 1980 MHz
2026/09/28 06:31:36.251, 5, 73075 MiB, 100 %, 299.21 W, 1980 MHz
2026/09/28 06:31:36.251, 6, 73075 MiB, 100 %, 325.83 W, 1980 MHz
2026/09/28 06:31:36.252, 7, 73075 MiB, 100 %, 303.77 W, 1980 MHz
2026/09/28 06:31:37.252, 0, 73075 MiB, 100 %, 488.64 W, 1980 MHz
2026/09/28 06:31:37.253, 1, 73075 MiB, 100 %, 448.71 W, 1980 MHz
2026/09/28 06:31:37.254, 2, 73075 MiB, 100 %, 426.22 W, 1980 MHz
2026/09/28 06:31:37.255, 3, 73075 MiB, 100 %, 424.52 W, 1980 MHz
2026/09/28 06:31:37.255, 4, 73075 MiB, 100 %, 422.20 W, 1980 MHz
2026/09/28 06:31:37.256, 5, 73075 MiB, 100 %, 413.79 W, 1980 MHz
2026/09/28 06:31:37.257, 6, 73075 MiB, 100 %, 429.01 W, 1980 MHz
2026/09/28 06:31:37.257, 7, 73075 MiB, 100 %, 407.65 W, 1980 MHz
2026/09/28 06:31:38.258, 0, 73075 MiB, 0 %, 286.37 W, 1980 MHz
2026/09/28 06:31:38.259, 1, 73075 MiB, 0 %, 215.43 W, 1980 MHz
2026/09/28 06:31:38.259, 2, 73075 MiB, 0 %, 216.40 W, 1980 MHz
2026/09/28 06:31:38.260, 3, 73075 MiB, 0 %, 220.64 W, 1980 MHz
2026/09/28 06:31:38.260, 4, 73075 MiB, 0 %, 221.88 W, 1980 MHz
2026/09/28 06:31:38.261, 5, 73075 MiB, 0 %, 209.29 W, 1980 MHz
2026/09/28 06:31:38.262, 6, 73075 MiB, 0 %, 222.37 W, 1980 MHz
2026/09/28 06:31:38.262, 7, 73075 MiB, 0 %, 211.58 W, 1980 MHz
