study,model,runtime,capture,kind,bucket,engine_B,rank_file,rank_index,group,steps_averaged,prefill_tokens,decode_reqs,span_ms,kernel_sum_ms,n_kernels,profiled_step_ms,span_share_of_step,moe_expert_gemm_ms,moe_route_combine_ms,allreduce_ms,allgather_other_comm_ms,attention_core_ms,indexer_topk_ms,qkv_rope_kvcache_ms,dense_gemm_ms,mhc_residual_norm_ms,engram_ms,gemm_input_prep_ms,recurrent_attention_ms,other_elementwise_ms,unit,evidence
qwen-bf16-h100-v1,qwen-38-bf16,0.31.1rc1.dev50+g554340f3d,decode1k_B1,decode,1k,1,dp0_pp0_tp0_dcp0_ep0_rank0.1791484260146569402.pt.trace.json.gz,0,decode_steps,50,0.0,1.0,8.734916201171876,9.2563459,1684.4,9.71372127532959,0.8992347992685735,0.7944262599999999,1.0461365999999999,2.8563223,0.01703624,0.06376833999999999,0.116862,0.00618362,2.01532242,1.4627015999999997,0.0,0.0,0.24926427999999998,0.6283222399999999,"ms per step, GPU kernel sum on this rank (not wall time); decode span = start of step to start of next step",results/qwen-bf16-h100-v1/qwen-38-bf16/profiles/decode1k_B1.manifest.json
qwen-bf16-h100-v1,qwen-38-bf16,0.31.1rc1.dev50+g554340f3d,decode1k_B1,decode,1k,1,dp0_pp0_tp1_dcp0_ep1_rank1.1791484260777664877.pt.trace.json.gz,1,decode_steps,50,0.0,1.0,8.802370219726562,8.1328383,1696.04,9.71372127532959,0.9061789987821011,0.8390704999999999,1.0514676,1.66994912,0.01965756,0.064117,0.11548014000000001,0.006302100000000001,2.0362782800000003,1.4444948999999996,0.0,0.0,0.2494948,0.6365262999999999,"ms per step, GPU kernel sum on this rank (not wall time); decode span = start of step to start of next step",results/qwen-bf16-h100-v1/qwen-38-bf16/profiles/decode1k_B1.manifest.json
qwen-bf16-h100-v1,qwen-38-bf16,0.31.1rc1.dev50+g554340f3d,decode1k_B1,decode,1k,1,dp0_pp0_tp2_dcp0_ep2_rank2.1791484260776948214.pt.trace.json.gz,2,decode_steps,50,0.0,1.0,9.19785748046875,7.895318919999999,1707.86,9.71372127532959,0.9468932883455279,0.8077122999999999,1.0584955999999999,1.4057693599999999,0.01869234,0.06462274,0.11612026,0.00627326,2.04764394,1.4745974399999995,0.0,0.0,0.25174221999999996,0.6436494599999999,"ms per step, GPU kernel sum on this rank (not wall time); decode span = start of step to start of next step",results/qwen-bf16-h100-v1/qwen-38-bf16/profiles/decode1k_B1.manifest.json
qwen-bf16-h100-v1,qwen-38-bf16,0.31.1rc1.dev50+g554340f3d,decode1k_B1,decode,1k,1,dp0_pp0_tp3_dcp0_ep3_rank3.1791484260144944608.pt.trace.json.gz,3,decode_steps,50,0.0,1.0,9.169682060546874,9.998754759999999,1699.0,9.71372127532959,0.9439927089359216,0.81431712,1.0563539,3.5230291599999997,0.01711038,0.06407052,0.11559608,0.00612994,2.0362530000000003,1.4738318599999998,0.0,0.0,0.2497402,0.6423225999999996,"ms per step, GPU kernel sum on this rank (not wall time); decode span = start of step to start of next step",results/qwen-bf16-h100-v1/qwen-38-bf16/profiles/decode1k_B1.manifest.json
qwen-bf16-h100-v1,qwen-38-bf16,0.31.1rc1.dev50+g554340f3d,decode1k_B1,decode,1k,1,dp0_pp0_tp4_dcp0_ep4_rank4.1791484260793378010.pt.trace.json.gz,4,decode_steps,50,0.0,1.0,8.830026240234375,9.87576758,1699.0,9.71372127532959,0.9090261074981039,0.80116468,1.0640337199999998,3.4071725199999996,0.01640384,0.06409163999999999,0.11499748,0.0062944,2.03372656,1.4785035599999992,0.0,0.0,0.24935783999999997,0.64002134,"ms per step, GPU kernel sum on this rank (not wall time); decode span = start of step to start of next step",results/qwen-bf16-h100-v1/qwen-38-bf16/profiles/decode1k_B1.manifest.json
qwen-bf16-h100-v1,qwen-38-bf16,0.31.1rc1.dev50+g554340f3d,decode1k_B1,decode,1k,1,dp0_pp0_tp5_dcp0_ep5_rank5.1791484260775482577.pt.trace.json.gz,5,decode_steps,50,0.0,1.0,8.834849919433593,9.856512259999999,1699.0,9.71372127532959,0.9095226915633137,0.7886059200000001,1.05475572,3.3872858000000003,0.01713342,0.06403396,0.11625782,0.00613444,2.0348839400000003,1.5007860799999995,0.0,0.0,0.24902086,0.6376142999999999,"ms per step, GPU kernel sum on this rank (not wall time); decode span = start of step to start of next step",results/qwen-bf16-h100-v1/qwen-38-bf16/profiles/decode1k_B1.manifest.json
qwen-bf16-h100-v1,qwen-38-bf16,0.31.1rc1.dev50+g554340f3d,decode1k_B1,decode,1k,1,dp0_pp0_tp6_dcp0_ep6_rank6.1791484260774440296.pt.trace.json.gz,6,decode_steps,50,0.0,1.0,9.151273300781249,9.88634802,1699.0,9.71372127532959,0.9420975794336597,0.8104758400000001,1.05934948,3.41461604,0.01653054,0.06439156,0.11669822,0.00635384,2.0357821400000002,1.4724682599999994,0.0,0.0,0.25019776,0.6394843399999998,"ms per step, GPU kernel sum on this rank (not wall time); decode span = start of step to start of next step",results/qwen-bf16-h100-v1/qwen-38-bf16/profiles/decode1k_B1.manifest.json
qwen-bf16-h100-v1,qwen-38-bf16,0.31.1rc1.dev50+g554340f3d,decode1k_B1,decode,1k,1,dp0_pp0_tp7_dcp0_ep7_rank7.1791484260762803398.pt.trace.json.gz,7,decode_steps,50,0.0,1.0,8.833101059570312,9.85866508,1699.0,9.71372127532959,0.9093426514104506,0.73299756,1.0670383,3.43392996,0.015798319999999998,0.064224,0.12353688,0.006236080000000001,2.02725178,1.5066681199999994,0.0,0.0,0.24726958,0.6337145000000003,"ms per step, GPU kernel sum on this rank (not wall time); decode span = start of step to start of next step",results/qwen-bf16-h100-v1/qwen-38-bf16/profiles/decode1k_B1.manifest.json
qwen-bf16-h100-v1,qwen-38-bf16,0.31.1rc1.dev50+g554340f3d,decode1k_B8,decode,1k,8,dp0_pp0_tp0_dcp0_ep0_rank0.1791484313845139871.pt.trace.json.gz,0,decode_steps,49,0.0,8.0,9.232920816226882,10.061241163265306,1760.4489795918366,9.480972679293885,0.9738368760824784,2.2699911020408163,1.0514175102040821,1.096485918367347,0.03220830612244898,0.12825920408163266,0.14557585714285712,0.0063431020408163275,2.305713367346939,1.8880591428571414,0.0,0.0,0.29710434693877547,0.8400833061224493,"ms per step, GPU kernel sum on this rank (not wall time); decode span = start of step to start of next step",results/qwen-bf16-h100-v1/qwen-38-bf16/profiles/decode1k_B8.manifest.json
qwen-bf16-h100-v1,qwen-38-bf16,0.31.1rc1.dev50+g554340f3d,decode1k_B8,decode,1k,8,dp0_pp0_tp1_dcp0_ep1_rank1.1791484313181662229.pt.trace.json.gz,1,decode_steps,49,0.0,8.0,9.265309490593111,10.887124530612242,1764.8979591836735,9.480972679293885,0.9772530524033917,2.2358080408163263,1.0396574897959185,1.8942383265306122,0.030979244897959182,0.1287637142857143,0.144526693877551,0.0063921224489795914,2.2996013265306123,1.96047463265306,0.0,0.0,0.2974197551020408,0.8492631836734693,"ms per step, GPU kernel sum on this rank (not wall time); decode span = start of step to start of next step",results/qwen-bf16-h100-v1/qwen-38-bf16/profiles/decode1k_B8.manifest.json
qwen-bf16-h100-v1,qwen-38-bf16,0.31.1rc1.dev50+g554340f3d,decode1k_B8,decode,1k,8,dp0_pp0_tp2_dcp0_ep2_rank2.1791484313837457913.pt.trace.json.gz,2,decode_steps,49,0.0,8.0,9.229807714345503,10.717475204081634,1759.9183673469388,9.480972679293885,0.9735085234981303,2.252541448979592,1.045262816326531,1.7520498775510203,0.031855632653061225,0.12863320408163265,0.1445434081632653,0.0064313469387755106,2.2981757142857147,1.9154130408163252,0.0,0.0,0.29591871428571426,0.8466500000000001,"ms per step, GPU kernel sum on this rank (not wall time); decode span = start of step to start of next step",results/qwen-bf16-h100-v1/qwen-38-bf16/profiles/decode1k_B8.manifest.json
qwen-bf16-h100-v1,qwen-38-bf16,0.31.1rc1.dev50+g554340f3d,decode1k_B8,decode,1k,8,dp0_pp0_tp3_dcp0_ep3_rank3.1791484313171236818.pt.trace.json.gz,3,decode_steps,49,0.0,8.0,9.259192978216678,10.766630857142857,1764.938775510204,9.480972679293885,0.9766079168689552,2.3275483265306125,1.0558252244897963,1.7728175102040815,0.03115889795918367,0.12872444897959184,0.14459663265306122,0.006311204081632653,2.3064208571428577,1.8417675306122439,0.0,0.0,0.2973492040816326,0.8541110204081634,"ms per step, GPU kernel sum on this rank (not wall time); decode span = start of step to start of next step",results/qwen-bf16-h100-v1/qwen-38-bf16/profiles/decode1k_B8.manifest.json
qwen-bf16-h100-v1,qwen-38-bf16,0.31.1rc1.dev50+g554340f3d,decode1k_B8,decode,1k,8,dp0_pp0_tp4_dcp0_ep4_rank4.1791484313190856579.pt.trace.json.gz,4,decode_steps,49,0.0,8.0,9.276084183673468,10.85910530612245,1764.938775510204,9.480972679293885,0.9783895067994568,2.2079356122448983,1.0311559591836736,1.9064641428571427,0.03093555102040816,0.1283358775510204,0.14449832653061223,0.00640265306122449,2.311976938775511,1.9823313265306108,0.0,0.0,0.2968501836734694,0.8122187346938777,"ms per step, GPU kernel sum on this rank (not wall time); decode span = start of step to start of next step",results/qwen-bf16-h100-v1/qwen-38-bf16/profiles/decode1k_B8.manifest.json
qwen-bf16-h100-v1,qwen-38-bf16,0.31.1rc1.dev50+g554340f3d,decode1k_B8,decode,1k,8,dp0_pp0_tp5_dcp0_ep5_rank5.1791484313183918781.pt.trace.json.gz,5,decode_steps,49,0.0,8.0,9.276006427375638,10.80965481632653,1764.9183673469388,9.480972679293885,0.9783813054998158,2.2755688979591837,1.0558624897959188,1.8267389387755104,0.031222244897959182,0.1289101836734694,0.14452379591836734,0.006386346938775511,2.3084943265306124,1.8919651836734679,0.0,0.0,0.29662173469387754,0.8433606734693878,"ms per step, GPU kernel sum on this rank (not wall time); decode span = start of step to start of next step",results/qwen-bf16-h100-v1/qwen-38-bf16/profiles/decode1k_B8.manifest.json
qwen-bf16-h100-v1,qwen-38-bf16,0.31.1rc1.dev50+g554340f3d,decode1k_B8,decode,1k,8,dp0_pp0_tp6_dcp0_ep6_rank6.1791484313189623698.pt.trace.json.gz,6,decode_steps,49,0.0,8.0,9.272959896165498,10.831193959183672,1764.938775510204,9.480972679293885,0.9780599744177431,2.267587469387755,1.0499281632653066,1.8386820612244898,0.030938714285714288,0.12880946938775512,0.14447524489795915,0.006458816326530612,2.304345265306123,1.911865326530611,0.0,0.0,0.29620857142857143,0.8518948571428573,"ms per step, GPU kernel sum on this rank (not wall time); decode span = start of step to start of next step",results/qwen-bf16-h100-v1/qwen-38-bf16/profiles/decode1k_B8.manifest.json
qwen-bf16-h100-v1,qwen-38-bf16,0.31.1rc1.dev50+g554340f3d,decode1k_B8,decode,1k,8,dp0_pp0_tp7_dcp0_ep7_rank7.1791484313644617051.pt.trace.json.gz,7,decode_steps,49,0.0,8.0,9.241743345922353,10.83382418367347,1762.2448979591836,9.480972679293885,0.9747674271972115,2.1972590204081635,1.0328724693877553,1.9065946326530612,0.030839571428571428,0.1283758775510204,0.14517195918367345,0.006264142857142858,2.308138816326531,1.983177938775509,0.0,0.0,0.29602520408163263,0.7991045510204087,"ms per step, GPU kernel sum on this rank (not wall time); decode span = start of step to start of next step",results/qwen-bf16-h100-v1/qwen-38-bf16/profiles/decode1k_B8.manifest.json
qwen-bf16-h100-v1,qwen-38-bf16,0.31.1rc1.dev50+g554340f3d,decode64k_B1,decode,64k,1,dp0_pp0_tp0_dcp0_ep0_rank0.1791484424728864313.pt.trace.json.gz,0,decode_steps,143,0.0,1.0,8.656464504001857,9.853057188811189,1696.4335664335665,26.070401072502136,0.3320418615704497,0.7966053566433565,1.0454084825174823,3.3259187202797205,0.01672211888111888,0.06477627972027972,0.20921857342657343,0.006142923076923077,2.0232690699300706,1.487452615384615,0.0,0.0,0.24958195104895103,0.6279610979020979,"ms per step, GPU kernel sum on this rank (not wall time); decode span = start of step to start of next step",results/qwen-bf16-h100-v1/qwen-38-bf16/profiles/decode64k_B1.manifest.json
qwen-bf16-h100-v1,qwen-38-bf16,0.31.1rc1.dev50+g554340f3d,decode64k_B1,decode,64k,1,dp0_pp0_tp1_dcp0_ep1_rank1.1791484426396472207.pt.trace.json.gz,1,decode_steps,143,0.0,1.0,8.665433392291302,7.328787496503495,1696.076923076923,26.070401072502136,0.33238588728238644,0.7775595804195804,1.0401796083916082,0.8219664965034965,0.019601895104895104,0.06422094405594406,0.20854506993006994,0.006277755244755245,2.031865104895105,1.4795531538461535,0.0,0.0,0.24803262237762239,0.6309852657342656,"ms per step, GPU kernel sum on this rank (not wall time); decode span = start of step to start of next step",results/qwen-bf16-h100-v1/qwen-38-bf16/profiles/decode64k_B1.manifest.json
qwen-bf16-h100-v1,qwen-38-bf16,0.31.1rc1.dev50+g554340f3d,decode64k_B1,decode,64k,1,dp0_pp0_tp2_dcp0_ep2_rank2.1791484424691785329.pt.trace.json.gz,2,decode_steps,143,0.0,1.0,8.65744403545673,9.862408538461539,1696.7552447552448,26.070401072502136,0.3320794341207204,0.805641034965035,1.0441527062937064,3.324465202797203,0.017853132867132866,0.06443827972027973,0.20880494405594408,0.006203993006993007,2.0230958181818184,1.4867204545454544,0.0,0.0,0.2479023006993007,0.6331306713286713,"ms per step, GPU kernel sum on this rank (not wall time); decode span = start of step to start of next step",results/qwen-bf16-h100-v1/qwen-38-bf16/profiles/decode64k_B1.manifest.json
qwen-bf16-h100-v1,qwen-38-bf16,0.31.1rc1.dev50+g554340f3d,decode64k_B1,decode,64k,1,dp0_pp0_tp3_dcp0_ep3_rank3.1791484424612313921.pt.trace.json.gz,3,decode_steps,143,0.0,1.0,8.659751608255027,9.831586713286713,1697.3916083916083,26.070401072502136,0.33216794725068255,0.8367745734265735,1.047558118881119,3.285720608391608,0.017128965034965034,0.06442923776223776,0.20948704195804196,0.006106615384615385,2.0253726153846157,1.4546348041958035,0.0,0.0,0.24744627972027974,0.6369278531468529,"ms per step, GPU kernel sum on this rank (not wall time); decode span = start of step to start of next step",results/qwen-bf16-h100-v1/qwen-38-bf16/profiles/decode64k_B1.manifest.json
qwen-bf16-h100-v1,qwen-38-bf16,0.31.1rc1.dev50+g554340f3d,decode64k_B1,decode,64k,1,dp0_pp0_tp4_dcp0_ep4_rank4.1791484424681763933.pt.trace.json.gz,4,decode_steps,143,0.0,1.0,8.660459923377404,9.862608783216782,1697.5594405594406,26.070401072502136,0.3321951165727197,0.7848062517482518,1.0554001468531466,3.322806755244755,0.016228517482517482,0.06426171328671329,0.20875394405594402,0.006269951048951049,2.025363125874126,1.4970770419580413,0.0,0.0,0.24760236363636362,0.634038972027972,"ms per step, GPU kernel sum on this rank (not wall time); decode span = start of step to start of next step",results/qwen-bf16-h100-v1/qwen-38-bf16/profiles/decode64k_B1.manifest.json
qwen-bf16-h100-v1,qwen-38-bf16,0.31.1rc1.dev50+g554340f3d,decode64k_B1,decode,64k,1,dp0_pp0_tp5_dcp0_ep5_rank5.1791484424669277675.pt.trace.json.gz,5,decode_steps,143,0.0,1.0,8.66341880446214,9.840345433566434,1698.4265734265734,26.070401072502136,0.33230861237497095,0.8335633566433567,1.0474956923076926,3.2954705874125874,0.017147755244755248,0.06434007692307692,0.21043324475524475,0.006080013986013986,2.027709825174825,1.4588501888111884,0.0,0.0,0.24724449650349653,0.6320101958041955,"ms per step, GPU kernel sum on this rank (not wall time); decode span = start of step to start of next step",results/qwen-bf16-h100-v1/qwen-38-bf16/profiles/decode64k_B1.manifest.json
qwen-bf16-h100-v1,qwen-38-bf16,0.31.1rc1.dev50+g554340f3d,decode64k_B1,decode,64k,1,dp0_pp0_tp6_dcp0_ep6_rank6.1791484424683005935.pt.trace.json.gz,6,decode_steps,143,0.0,1.0,8.66136402818373,9.879429153846154,1697.8461538461538,26.070401072502136,0.3322297959320365,0.7889776993006994,1.0471363146853148,3.3335054825174826,0.0165716013986014,0.06457216783216783,0.20955565034965035,0.00628565034965035,2.0264239790209793,1.5036135594405593,0.0,0.0,0.24803113986013983,0.6347559090909088,"ms per step, GPU kernel sum on this rank (not wall time); decode span = start of step to start of next step",results/qwen-bf16-h100-v1/qwen-38-bf16/profiles/decode64k_B1.manifest.json
qwen-bf16-h100-v1,qwen-38-bf16,0.31.1rc1.dev50+g554340f3d,decode64k_B1,decode,64k,1,dp0_pp0_tp7_dcp0_ep7_rank7.1791484424621070618.pt.trace.json.gz,7,decode_steps,143,0.0,1.0,8.660218104649259,9.77103597902098,1697.5174825174824,26.070401072502136,0.33218584096827186,0.8124483636363636,1.0617832587412588,3.274239867132867,0.01564560839160839,0.06465771328671328,0.20914952447552448,0.0062176433566433565,2.016791867132867,1.436430398601398,0.0,0.0,0.24479735664335667,0.6288743776223777,"ms per step, GPU kernel sum on this rank (not wall time); decode span = start of step to start of next step",results/qwen-bf16-h100-v1/qwen-38-bf16/profiles/decode64k_B1.manifest.json
qwen-bf16-h100-v1,qwen-38-bf16,0.31.1rc1.dev50+g554340f3d,decode64k_B8,decode,64k,8,dp0_pp0_tp0_dcp0_ep0_rank0.1791484512328188058.pt.trace.json.gz,0,decode_steps,48,0.0,8.0,9.027511187235515,10.679479854166667,1764.2708333333333,9.285688400268555,0.9721962226273312,2.36192425,1.0528397500000004,1.3083122708333332,0.0317886875,0.12683333333333333,0.35100358333333337,0.0063999166666666675,2.3082580833333344,1.9716917916666654,0.0,0.0,0.29827624999999997,0.8621519375000002,"ms per step, GPU kernel sum on this rank (not wall time); decode span = start of step to start of next step",results/qwen-bf16-h100-v1/qwen-38-bf16/profiles/decode64k_B8.manifest.json
qwen-bf16-h100-v1,qwen-38-bf16,0.31.1rc1.dev50+g554340f3d,decode64k_B8,decode,64k,8,dp0_pp0_tp1_dcp0_ep1_rank1.1791484512955896111.pt.trace.json.gz,1,decode_steps,48,0.0,8.0,8.982493082682291,10.526756395833333,1757.0,9.285688400268555,0.9673481055451425,2.3424176458333332,1.0355620208333338,1.1801667916666667,0.0309600625,0.12600504166666668,0.3509319166666667,0.0064506875,2.2891879375,1.9973102499999984,0.0,0.0,0.29590141666666664,0.8718626249999999,"ms per step, GPU kernel sum on this rank (not wall time); decode span = start of step to start of next step",results/qwen-bf16-h100-v1/qwen-38-bf16/profiles/decode64k_B8.manifest.json
qwen-bf16-h100-v1,qwen-38-bf16,0.31.1rc1.dev50+g554340f3d,decode64k_B8,decode,64k,8,dp0_pp0_tp2_dcp0_ep2_rank2.1791484512346431798.pt.trace.json.gz,2,decode_steps,48,0.0,8.0,9.034456438700358,10.681243770833333,1764.2083333333333,9.285688400268555,0.9729441748701226,2.3702464375,1.0463701458333337,1.3105619583333332,0.0316574375,0.12615991666666668,0.35190945833333337,0.006478750000000001,2.3017457708333335,1.974441270833332,0.0,0.0,0.2970577916666666,0.8646148333333334,"ms per step, GPU kernel sum on this rank (not wall time); decode span = start of step to start of next step",results/qwen-bf16-h100-v1/qwen-38-bf16/profiles/decode64k_B8.manifest.json
qwen-bf16-h100-v1,qwen-38-bf16,0.31.1rc1.dev50+g554340f3d,decode64k_B8,decode,64k,8,dp0_pp0_tp3_dcp0_ep3_rank3.1791484512319880462.pt.trace.json.gz,3,decode_steps,48,0.0,8.0,9.035379938761393,10.603807229166668,1764.2291666666667,9.285688400268555,0.9730436290000941,2.4330420416666665,1.0569621250000005,1.2228260833333333,0.03097195833333333,0.12632437500000002,0.355273,0.006378729166666667,2.308539229166667,1.8900024166666656,0.0,0.0,0.2979885208333333,0.8754987500000001,"ms per step, GPU kernel sum on this rank (not wall time); decode span = start of step to start of next step",results/qwen-bf16-h100-v1/qwen-38-bf16/profiles/decode64k_B8.manifest.json
qwen-bf16-h100-v1,qwen-38-bf16,0.31.1rc1.dev50+g554340f3d,decode64k_B8,decode,64k,8,dp0_pp0_tp4_dcp0_ep4_rank4.1791484512340281060.pt.trace.json.gz,4,decode_steps,48,0.0,8.0,9.027742396036784,10.737299229166666,1764.25,9.285688400268555,0.97222112210611,2.2786038124999997,1.0277497500000001,1.40979075,0.030794708333333334,0.1255961875,0.3548803541666667,0.006449479166666668,2.3063118750000005,2.080256374999999,0.0,0.0,0.29542406250000003,0.8214418750000001,"ms per step, GPU kernel sum on this rank (not wall time); decode span = start of step to start of next step",results/qwen-bf16-h100-v1/qwen-38-bf16/profiles/decode64k_B8.manifest.json
qwen-bf16-h100-v1,qwen-38-bf16,0.31.1rc1.dev50+g554340f3d,decode64k_B8,decode,64k,8,dp0_pp0_tp5_dcp0_ep5_rank5.1791484512339176322.pt.trace.json.gz,5,decode_steps,48,0.0,8.0,9.03082908376058,10.691966,1764.2083333333333,9.285688400268555,0.9725535355568679,2.3345560833333336,1.0537038541666672,1.3285900625,0.03132745833333333,0.1264073125,0.35523450000000006,0.006424625,2.3103340833333337,1.9919343333333321,0.0,0.0,0.2970775,0.8563761875,"ms per step, GPU kernel sum on this rank (not wall time); decode span = start of step to start of next step",results/qwen-bf16-h100-v1/qwen-38-bf16/profiles/decode64k_B8.manifest.json
qwen-bf16-h100-v1,qwen-38-bf16,0.31.1rc1.dev50+g554340f3d,decode64k_B8,decode,64k,8,dp0_pp0_tp6_dcp0_ep6_rank6.1791484512340375364.pt.trace.json.gz,6,decode_steps,48,0.0,8.0,9.03610560353597,10.704144854166666,1764.2083333333333,9.285688400268555,0.9731217777321317,2.334822104166667,1.0498785000000004,1.3320877500000001,0.031013979166666664,0.12647439583333334,0.35226268750000006,0.006544541666666666,2.3049483958333337,2.005217645833332,0.0,0.0,0.2965066041666667,0.8643882500000001,"ms per step, GPU kernel sum on this rank (not wall time); decode span = start of step to start of next step",results/qwen-bf16-h100-v1/qwen-38-bf16/profiles/decode64k_B8.manifest.json
qwen-bf16-h100-v1,qwen-38-bf16,0.31.1rc1.dev50+g554340f3d,decode64k_B8,decode,64k,8,dp0_pp0_tp7_dcp0_ep7_rank7.1791484512350561571.pt.trace.json.gz,7,decode_steps,48,0.0,8.0,9.034009000142415,10.751329375,1764.2083333333333,9.285688400268555,0.9728959890449413,2.245120479166667,1.0337383958333335,1.4357889166666666,0.030746729166666667,0.12559241666666668,0.3543996875,0.006311333333333333,2.3109022500000003,2.102573374999999,0.0,0.0,0.29645858333333336,0.8096972083333336,"ms per step, GPU kernel sum on this rank (not wall time); decode span = start of step to start of next step",results/qwen-bf16-h100-v1/qwen-38-bf16/profiles/decode64k_B8.manifest.json
qwen-bf16-h100-v1,qwen-38-bf16,0.31.1rc1.dev50+g554340f3d,prefill16k,prefill,16k,1,dp0_pp0_tp0_dcp0_ep0_rank0.1791484551633788997.pt.trace.json.gz,0,first_chunk,1,8192.0,0.0,310.1237370605469,242.40408700000006,2276.0,,,18.555844000000004,10.884158999999999,106.916273,0.0,25.702315,3.2239050000000007,0.060448,31.979400000000012,32.102389000000024,0.0,0.0,5.051092000000001,7.928262000000009,"ms per step, GPU kernel sum on this rank (not wall time); decode span = start of step to start of next step",results/qwen-bf16-h100-v1/qwen-38-bf16/profiles/prefill16k.manifest.json
qwen-bf16-h100-v1,qwen-38-bf16,0.31.1rc1.dev50+g554340f3d,prefill16k,prefill,16k,1,dp0_pp0_tp0_dcp0_ep0_rank0.1791484551633788997.pt.trace.json.gz,0,last_full_chunk,1,8192.0,0.0,238.41740502929687,227.22361699999996,2272.0,,,18.770434,10.940616999999996,85.82106499999995,0.0,29.46849,4.853924,0.059806000000000005,32.202633000000006,32.101229000000004,0.0,0.0,5.0968750000000025,7.908544000000014,"ms per step, GPU kernel sum on this rank (not wall time); decode span = start of step to start of next step",results/qwen-bf16-h100-v1/qwen-38-bf16/profiles/prefill16k.manifest.json
qwen-bf16-h100-v1,qwen-38-bf16,0.31.1rc1.dev50+g554340f3d,prefill16k,prefill,16k,1,dp0_pp0_tp1_dcp0_ep1_rank1.1791484551941960329.pt.trace.json.gz,1,first_chunk,1,8192.0,0.0,308.8313100585938,216.84849800000006,2276.0,,,18.91773100000001,10.923529000000002,80.926957,0.0,25.649348000000003,3.244063,0.06057799999999999,31.972023,32.094390000000026,0.0,0.0,5.1027190000000004,7.9571600000000045,"ms per step, GPU kernel sum on this rank (not wall time); decode span = start of step to start of next step",results/qwen-bf16-h100-v1/qwen-38-bf16/profiles/prefill16k.manifest.json
qwen-bf16-h100-v1,qwen-38-bf16,0.31.1rc1.dev50+g554340f3d,prefill16k,prefill,16k,1,dp0_pp0_tp1_dcp0_ep1_rank1.1791484551941960329.pt.trace.json.gz,1,last_full_chunk,1,8192.0,0.0,238.05674096679687,208.84132600000004,2272.0,,,18.943295999999997,10.936805999999995,67.52733799999999,0.0,29.368485,4.844897,0.058495000000000005,32.051653,32.09206000000003,0.0,0.0,5.103319,7.914977000000008,"ms per step, GPU kernel sum on this rank (not wall time); decode span = start of step to start of next step",results/qwen-bf16-h100-v1/qwen-38-bf16/profiles/prefill16k.manifest.json
qwen-bf16-h100-v1,qwen-38-bf16,0.31.1rc1.dev50+g554340f3d,prefill16k,prefill,16k,1,dp0_pp0_tp2_dcp0_ep2_rank2.1791484551937660448.pt.trace.json.gz,2,first_chunk,1,8192.0,0.0,308.7982060546875,157.45020399999999,2276.0,,,18.509894999999997,10.880446000000001,21.641414,0.0,25.68961,3.242565,0.060480000000000006,32.259073999999956,32.09450000000004,0.0,0.0,5.110526,7.9616940000000085,"ms per step, GPU kernel sum on this rank (not wall time); decode span = start of step to start of next step",results/qwen-bf16-h100-v1/qwen-38-bf16/profiles/prefill16k.manifest.json
qwen-bf16-h100-v1,qwen-38-bf16,0.31.1rc1.dev50+g554340f3d,prefill16k,prefill,16k,1,dp0_pp0_tp2_dcp0_ep2_rank2.1791484551937660448.pt.trace.json.gz,2,last_full_chunk,1,8192.0,0.0,237.672873046875,158.27272900000008,2272.0,,,18.702857999999996,10.918338999999996,16.917884000000008,0.0,29.434759999999997,4.8625609999999995,0.05875200000000001,32.214646,32.10925100000005,0.0,0.0,5.120677000000003,7.933001000000017,"ms per step, GPU kernel sum on this rank (not wall time); decode span = start of step to start of next step",results/qwen-bf16-h100-v1/qwen-38-bf16/profiles/prefill16k.manifest.json
qwen-bf16-h100-v1,qwen-38-bf16,0.31.1rc1.dev50+g554340f3d,prefill16k,prefill,16k,1,dp0_pp0_tp3_dcp0_ep3_rank3.1791484551597046243.pt.trace.json.gz,3,first_chunk,1,8192.0,0.0,309.6700689697266,242.91739700000005,2276.0,,,18.550413,10.889520000000001,107.23386800000002,0.0,25.650516,3.2437169999999997,0.060417,32.13166099999999,32.10198600000004,0.0,0.0,5.090532000000001,7.9647670000000135,"ms per step, GPU kernel sum on this rank (not wall time); decode span = start of step to start of next step",results/qwen-bf16-h100-v1/qwen-38-bf16/profiles/prefill16k.manifest.json
qwen-bf16-h100-v1,qwen-38-bf16,0.31.1rc1.dev50+g554340f3d,prefill16k,prefill,16k,1,dp0_pp0_tp3_dcp0_ep3_rank3.1791484551597046243.pt.trace.json.gz,3,last_full_chunk,1,8192.0,0.0,238.41890795898436,227.15658300000013,2272.0,,,18.767890000000012,10.918348,85.73616900000002,0.0,29.445015,4.857893000000002,0.060192,32.237586000000015,32.09960700000004,0.0,0.0,5.105052,7.928831000000018,"ms per step, GPU kernel sum on this rank (not wall time); decode span = start of step to start of next step",results/qwen-bf16-h100-v1/qwen-38-bf16/profiles/prefill16k.manifest.json
qwen-bf16-h100-v1,qwen-38-bf16,0.31.1rc1.dev50+g554340f3d,prefill16k,prefill,16k,1,dp0_pp0_tp4_dcp0_ep4_rank4.1791484551608173267.pt.trace.json.gz,4,first_chunk,1,8192.0,0.0,310.30615295410155,243.29054799999997,2276.0,,,18.765715000000004,10.91437100000001,107.59601699999996,0.0,25.792571000000002,3.2211899999999987,0.060543999999999994,31.758157999999998,32.09307899999998,0.0,0.0,5.052836000000003,8.036067000000006,"ms per step, GPU kernel sum on this rank (not wall time); decode span = start of step to start of next step",results/qwen-bf16-h100-v1/qwen-38-bf16/profiles/prefill16k.manifest.json
qwen-bf16-h100-v1,qwen-38-bf16,0.31.1rc1.dev50+g554340f3d,prefill16k,prefill,16k,1,dp0_pp0_tp4_dcp0_ep4_rank4.1791484551608173267.pt.trace.json.gz,4,last_full_chunk,1,8192.0,0.0,238.4170529785156,227.00671800000006,2272.0,,,18.824882999999993,10.941549000000013,85.65801200000004,0.0,29.581087999999998,4.834793,0.060032,31.884131999999994,32.09112999999999,0.0,0.0,5.083822000000002,8.047277000000014,"ms per step, GPU kernel sum on this rank (not wall time); decode span = start of step to start of next step",results/qwen-bf16-h100-v1/qwen-38-bf16/profiles/prefill16k.manifest.json
qwen-bf16-h100-v1,qwen-38-bf16,0.31.1rc1.dev50+g554340f3d,prefill16k,prefill,16k,1,dp0_pp0_tp5_dcp0_ep5_rank5.1791484551598589745.pt.trace.json.gz,5,first_chunk,1,8192.0,0.0,309.38714294433595,246.28483099999997,2276.0,,,18.812043,10.929945,110.54397499999997,0.0,25.618429999999996,3.2252829999999992,0.060864,31.918546,32.09432100000001,0.0,0.0,5.058343999999996,8.023079999999998,"ms per step, GPU kernel sum on this rank (not wall time); decode span = start of step to start of next step",results/qwen-bf16-h100-v1/qwen-38-bf16/profiles/prefill16k.manifest.json
qwen-bf16-h100-v1,qwen-38-bf16,0.31.1rc1.dev50+g554340f3d,prefill16k,prefill,16k,1,dp0_pp0_tp5_dcp0_ep5_rank5.1791484551598589745.pt.trace.json.gz,5,last_full_chunk,1,8192.0,0.0,238.42278100585938,227.44095600000006,2272.0,,,18.730642000000007,10.937437000000005,86.20676200000003,0.0,29.421093999999997,4.835177,0.059489999999999994,32.02453799999998,32.10253000000004,0.0,0.0,5.089225,8.034061000000017,"ms per step, GPU kernel sum on this rank (not wall time); decode span = start of step to start of next step",results/qwen-bf16-h100-v1/qwen-38-bf16/profiles/prefill16k.manifest.json
qwen-bf16-h100-v1,qwen-38-bf16,0.31.1rc1.dev50+g554340f3d,prefill16k,prefill,16k,1,dp0_pp0_tp6_dcp0_ep6_rank6.1791484551610337752.pt.trace.json.gz,6,first_chunk,1,8192.0,0.0,310.22769396972654,241.544325,2276.0,,,18.765985000000008,10.929118999999998,105.75658500000002,0.0,25.663390999999997,3.2396830000000003,0.06073699999999999,31.89602199999998,32.104753999999986,0.0,0.0,5.090273000000002,8.037776000000003,"ms per step, GPU kernel sum on this rank (not wall time); decode span = start of step to start of next step",results/qwen-bf16-h100-v1/qwen-38-bf16/profiles/prefill16k.manifest.json
qwen-bf16-h100-v1,qwen-38-bf16,0.31.1rc1.dev50+g554340f3d,prefill16k,prefill,16k,1,dp0_pp0_tp6_dcp0_ep6_rank6.1791484551610337752.pt.trace.json.gz,6,last_full_chunk,1,8192.0,0.0,238.417625,227.10890299999997,2272.0,,,18.783580999999998,10.938882999999992,85.75591399999999,0.0,29.429913,4.841279,0.0592,32.03690699999997,32.116355,0.0,0.0,5.117406999999997,8.029464000000003,"ms per step, GPU kernel sum on this rank (not wall time); decode span = start of step to start of next step",results/qwen-bf16-h100-v1/qwen-38-bf16/profiles/prefill16k.manifest.json
qwen-bf16-h100-v1,qwen-38-bf16,0.31.1rc1.dev50+g554340f3d,prefill16k,prefill,16k,1,dp0_pp0_tp7_dcp0_ep7_rank7.1791484551947551608.pt.trace.json.gz,7,first_chunk,1,8192.0,0.0,309.3047900390625,229.435395,2276.0,,,17.808729999999997,10.786424000000004,94.69107500000003,0.0,25.799085,3.2335110000000005,0.06073699999999999,31.829364999999992,32.11460399999997,0.0,0.0,5.055046000000001,8.056818000000005,"ms per step, GPU kernel sum on this rank (not wall time); decode span = start of step to start of next step",results/qwen-bf16-h100-v1/qwen-38-bf16/profiles/prefill16k.manifest.json
qwen-bf16-h100-v1,qwen-38-bf16,0.31.1rc1.dev50+g554340f3d,prefill16k,prefill,16k,1,dp0_pp0_tp7_dcp0_ep7_rank7.1791484551947551608.pt.trace.json.gz,7,last_full_chunk,1,8192.0,0.0,238.42105200195311,228.19299300000003,2272.0,,,18.003584000000004,10.842907000000013,87.628046,0.0,29.655539,4.840649000000001,0.060064000000000006,31.919527000000016,32.11366299999998,0.0,0.0,5.077226000000001,8.051787999999993,"ms per step, GPU kernel sum on this rank (not wall time); decode span = start of step to start of next step",results/qwen-bf16-h100-v1/qwen-38-bf16/profiles/prefill16k.manifest.json
qwen-bf16-h100-v1,qwen-38-bf16,0.31.1rc1.dev50+g554340f3d,prefill64k,prefill,64k,1,dp0_pp0_tp0_dcp0_ep0_rank0.1791484587532090172.pt.trace.json.gz,0,first_chunk,1,8192.0,0.0,346.79254296875,228.98316200000005,2276.0,,,18.715035999999998,10.879512,93.35138099999999,0.0,25.739038,3.2078379999999997,0.060256,31.917045000000016,32.08731800000001,0.0,0.0,5.0301110000000016,7.995627000000014,"ms per step, GPU kernel sum on this rank (not wall time); decode span = start of step to start of next step",results/qwen-bf16-h100-v1/qwen-38-bf16/profiles/prefill64k.manifest.json
qwen-bf16-h100-v1,qwen-38-bf16,0.31.1rc1.dev50+g554340f3d,prefill64k,prefill,64k,1,dp0_pp0_tp0_dcp0_ep0_rank0.1791484587532090172.pt.trace.json.gz,0,last_full_chunk,1,8192.0,0.0,227.62119396972656,216.57643500000006,2272.0,,,18.881885,10.962783,67.22534399999999,0.0,29.986079000000004,12.192192000000004,0.05993600000000001,32.217930000000024,32.09958500000002,0.0,0.0,5.1005490000000036,7.8501520000000005,"ms per step, GPU kernel sum on this rank (not wall time); decode span = start of step to start of next step",results/qwen-bf16-h100-v1/qwen-38-bf16/profiles/prefill64k.manifest.json
qwen-bf16-h100-v1,qwen-38-bf16,0.31.1rc1.dev50+g554340f3d,prefill64k,prefill,64k,1,dp0_pp0_tp1_dcp0_ep1_rank1.1791484587506518439.pt.trace.json.gz,1,first_chunk,1,8192.0,0.0,346.5625100097656,228.5557890000001,2276.0,,,18.784694999999996,10.924956999999988,92.52029100000004,0.0,25.705109000000004,3.2481900000000006,0.060446,32.016247000000014,32.11598300000003,0.0,0.0,5.106746000000001,8.07312500000001,"ms per step, GPU kernel sum on this rank (not wall time); decode span = start of step to start of next step",results/qwen-bf16-h100-v1/qwen-38-bf16/profiles/prefill64k.manifest.json
qwen-bf16-h100-v1,qwen-38-bf16,0.31.1rc1.dev50+g554340f3d,prefill64k,prefill,64k,1,dp0_pp0_tp1_dcp0_ep1_rank1.1791484587506518439.pt.trace.json.gz,1,last_full_chunk,1,8192.0,0.0,227.62178198242188,216.3264,2272.0,,,18.698648000000002,10.904277000000004,67.46212,0.0,29.936948000000005,12.150808999999999,0.059872,32.044596,32.09951699999998,0.0,0.0,5.1034650000000035,7.8661480000000115,"ms per step, GPU kernel sum on this rank (not wall time); decode span = start of step to start of next step",results/qwen-bf16-h100-v1/qwen-38-bf16/profiles/prefill64k.manifest.json
qwen-bf16-h100-v1,qwen-38-bf16,0.31.1rc1.dev50+g554340f3d,prefill64k,prefill,64k,1,dp0_pp0_tp2_dcp0_ep2_rank2.1791484588510521769.pt.trace.json.gz,2,first_chunk,1,8192.0,0.0,345.4125909423828,226.1200360000001,2276.0,,,18.561761999999987,10.886012000000003,90.25180400000005,0.0,25.684832999999998,3.2397759999999995,0.060352,32.18725800000002,32.11179500000003,0.0,0.0,5.096476,8.039968000000012,"ms per step, GPU kernel sum on this rank (not wall time); decode span = start of step to start of next step",results/qwen-bf16-h100-v1/qwen-38-bf16/profiles/prefill64k.manifest.json
qwen-bf16-h100-v1,qwen-38-bf16,0.31.1rc1.dev50+g554340f3d,prefill64k,prefill,64k,1,dp0_pp0_tp2_dcp0_ep2_rank2.1791484588510521769.pt.trace.json.gz,2,last_full_chunk,1,8192.0,0.0,227.6251729736328,217.312917,2272.0,,,18.699009999999998,10.908898999999995,68.20969199999999,0.0,29.979137,12.157121000000004,0.05967999999999999,32.20541199999996,32.11115700000001,0.0,0.0,5.107076000000001,7.875733000000019,"ms per step, GPU kernel sum on this rank (not wall time); decode span = start of step to start of next step",results/qwen-bf16-h100-v1/qwen-38-bf16/profiles/prefill64k.manifest.json
qwen-bf16-h100-v1,qwen-38-bf16,0.31.1rc1.dev50+g554340f3d,prefill64k,prefill,64k,1,dp0_pp0_tp3_dcp0_ep3_rank3.1791484587455821898.pt.trace.json.gz,3,first_chunk,1,8192.0,0.0,347.5700109863281,229.187725,2276.0,,,18.919677999999994,10.919204999999998,93.04001800000005,0.0,25.712895999999994,3.2376639999999997,0.060287999999999994,32.06974999999996,32.10354600000001,0.0,0.0,5.075741000000001,8.048939000000011,"ms per step, GPU kernel sum on this rank (not wall time); decode span = start of step to start of next step",results/qwen-bf16-h100-v1/qwen-38-bf16/profiles/prefill64k.manifest.json
qwen-bf16-h100-v1,qwen-38-bf16,0.31.1rc1.dev50+g554340f3d,prefill64k,prefill,64k,1,dp0_pp0_tp3_dcp0_ep3_rank3.1791484587455821898.pt.trace.json.gz,3,last_full_chunk,1,8192.0,0.0,227.6227600097656,216.50597700000003,2272.0,,,18.920927000000002,10.948188,67.04632099999998,0.0,29.999418000000002,12.199266,0.0592,32.236602,32.10764500000003,0.0,0.0,5.101727000000004,7.8866830000000085,"ms per step, GPU kernel sum on this rank (not wall time); decode span = start of step to start of next step",results/qwen-bf16-h100-v1/qwen-38-bf16/profiles/prefill64k.manifest.json
qwen-bf16-h100-v1,qwen-38-bf16,0.31.1rc1.dev50+g554340f3d,prefill64k,prefill,64k,1,dp0_pp0_tp4_dcp0_ep4_rank4.1791484587509852134.pt.trace.json.gz,4,first_chunk,1,8192.0,0.0,347.724875,229.15058599999992,2276.0,,,18.607561999999998,10.863424999999987,93.57949999999997,0.0,25.822955999999998,3.210689,0.060447,31.701909999999994,32.093041999999976,0.0,0.0,5.0415649999999985,8.169490000000005,"ms per step, GPU kernel sum on this rank (not wall time); decode span = start of step to start of next step",results/qwen-bf16-h100-v1/qwen-38-bf16/profiles/prefill64k.manifest.json
qwen-bf16-h100-v1,qwen-38-bf16,0.31.1rc1.dev50+g554340f3d,prefill64k,prefill,64k,1,dp0_pp0_tp4_dcp0_ep4_rank4.1791484587509852134.pt.trace.json.gz,4,last_full_chunk,1,8192.0,0.0,227.61963305664062,216.36885399999997,2272.0,,,18.691626000000003,10.921524000000002,67.33165099999998,0.0,30.146385,12.143142,0.059936,31.895178999999985,32.093548,0.0,0.0,5.087269,7.998594000000003,"ms per step, GPU kernel sum on this rank (not wall time); decode span = start of step to start of next step",results/qwen-bf16-h100-v1/qwen-38-bf16/profiles/prefill64k.manifest.json
qwen-bf16-h100-v1,qwen-38-bf16,0.31.1rc1.dev50+g554340f3d,prefill64k,prefill,64k,1,dp0_pp0_tp5_dcp0_ep5_rank5.1791484588510661348.pt.trace.json.gz,5,first_chunk,1,8192.0,0.0,345.3571779785156,152.55005300000002,2276.0,,,18.53532699999999,10.885292000000007,16.926403000000008,0.0,25.70113,3.225257,0.060512,31.89918799999998,32.087170000000015,0.0,0.0,5.073926,8.15584800000001,"ms per step, GPU kernel sum on this rank (not wall time); decode span = start of step to start of next step",results/qwen-bf16-h100-v1/qwen-38-bf16/profiles/prefill64k.manifest.json
qwen-bf16-h100-v1,qwen-38-bf16,0.31.1rc1.dev50+g554340f3d,prefill64k,prefill,64k,1,dp0_pp0_tp5_dcp0_ep5_rank5.1791484588510661348.pt.trace.json.gz,5,last_full_chunk,1,8192.0,0.0,227.63503295898437,166.47009899999998,2272.0,,,18.565022000000003,10.917903999999997,17.551451999999998,0.0,29.958674999999996,12.152696000000002,0.058687,32.045875999999986,32.10997100000001,0.0,0.0,5.113699000000001,7.996117000000004,"ms per step, GPU kernel sum on this rank (not wall time); decode span = start of step to start of next step",results/qwen-bf16-h100-v1/qwen-38-bf16/profiles/prefill64k.manifest.json
qwen-bf16-h100-v1,qwen-38-bf16,0.31.1rc1.dev50+g554340f3d,prefill64k,prefill,64k,1,dp0_pp0_tp6_dcp0_ep6_rank6.1791484587476036769.pt.trace.json.gz,6,first_chunk,1,8192.0,0.0,348.5084090576172,228.55343299999998,2276.0,,,18.582930000000005,10.887344999999996,92.93203199999995,0.0,25.711534000000004,3.225535,0.060769000000000004,31.805718000000002,32.10503400000002,0.0,0.0,5.076536999999999,8.165999000000012,"ms per step, GPU kernel sum on this rank (not wall time); decode span = start of step to start of next step",results/qwen-bf16-h100-v1/qwen-38-bf16/profiles/prefill64k.manifest.json
qwen-bf16-h100-v1,qwen-38-bf16,0.31.1rc1.dev50+g554340f3d,prefill64k,prefill,64k,1,dp0_pp0_tp6_dcp0_ep6_rank6.1791484587476036769.pt.trace.json.gz,6,last_full_chunk,1,8192.0,0.0,227.62238793945312,216.45166700000001,2272.0,,,18.929106,10.944217000000007,67.145838,0.0,29.998248,12.166611,0.059487,32.004550999999964,32.104131000000045,0.0,0.0,5.116185000000001,7.983293000000006,"ms per step, GPU kernel sum on this rank (not wall time); decode span = start of step to start of next step",results/qwen-bf16-h100-v1/qwen-38-bf16/profiles/prefill64k.manifest.json
qwen-bf16-h100-v1,qwen-38-bf16,0.31.1rc1.dev50+g554340f3d,prefill64k,prefill,64k,1,dp0_pp0_tp7_dcp0_ep7_rank7.1791484587515072855.pt.trace.json.gz,7,first_chunk,1,8192.0,0.0,346.7798210449219,229.968084,2276.0,,,17.860662,10.831237000000003,94.81041700000002,0.0,25.859483,3.2431099999999997,0.060352,31.894895000000034,32.11485799999996,0.0,0.0,5.082601,8.210468999999998,"ms per step, GPU kernel sum on this rank (not wall time); decode span = start of step to start of next step",results/qwen-bf16-h100-v1/qwen-38-bf16/profiles/prefill64k.manifest.json
qwen-bf16-h100-v1,qwen-38-bf16,0.31.1rc1.dev50+g554340f3d,prefill64k,prefill,64k,1,dp0_pp0_tp7_dcp0_ep7_rank7.1791484587515072855.pt.trace.json.gz,7,last_full_chunk,1,8192.0,0.0,227.62458203125,216.81347600000004,2272.0,,,18.521558,10.920128000000005,67.82420499999999,0.0,30.210850999999998,12.141456,0.060032,31.925311000000022,32.12604999999999,0.0,0.0,5.087490000000001,7.996395000000005,"ms per step, GPU kernel sum on this rank (not wall time); decode span = start of step to start of next step",results/qwen-bf16-h100-v1/qwen-38-bf16/profiles/prefill64k.manifest.json
qwen-bf16-h100-v1,mimo-v26,0.31.1rc1.dev50+g554340f3d,decode1k_B1,decode,1k,1,dp0_pp0_tp0_dcp0_ep0_rank0.1791490753504748172.pt.trace.json.gz,0,decode_steps,815,0.0,1.0,6.1398647165871845,5.524641480981595,1032.0625766871165,278.4036530388726,0.022053822389068632,1.4349843828220858,0.9477090895705527,1.0888822208588955,0.015985592638036807,0.5480842883435584,0.0,0.07473730061349693,1.0892132134969321,0.0,0.0,0.16628256073619632,0.0,0.15876283190184046,"ms per step, GPU kernel sum on this rank (not wall time); decode span = start of step to start of next step",results/qwen-bf16-h100-v1/mimo-v26/profiles/decode1k_B1.manifest.json
qwen-bf16-h100-v1,mimo-v26,0.31.1rc1.dev50+g554340f3d,decode1k_B1,decode,1k,1,dp0_pp0_tp1_dcp0_ep1_rank1.1791490747290789139.pt.trace.json.gz,1,decode_steps,815,0.0,1.0,6.142354101862059,5.64119256809816,1032.2711656441718,278.4036530388726,0.02206276402919333,1.4019993288343557,0.9460531288343563,1.2467491852760735,0.016934525153374232,0.5478867423312884,0.0,0.07465231533742331,1.0794499975460117,0.0,0.0,0.16785750674846625,0.0,0.15960983803680978,"ms per step, GPU kernel sum on this rank (not wall time); decode span = start of step to start of next step",results/qwen-bf16-h100-v1/mimo-v26/profiles/decode1k_B1.manifest.json
qwen-bf16-h100-v1,mimo-v26,0.31.1rc1.dev50+g554340f3d,decode1k_B1,decode,1k,1,dp0_pp0_tp2_dcp0_ep2_rank2.1791490747395761967.pt.trace.json.gz,2,decode_steps,815,0.0,1.0,6.142224674828652,5.639104690797546,1032.2711656441718,278.4036530388726,0.022062299139340075,1.4545230306748465,0.9506652171779146,1.1783131546012269,0.015446371779141103,0.5484946159509203,0.0,0.07469154355828221,1.0899886846625761,0.0,0.0,0.16796621226993863,0.0,0.1590158601226994,"ms per step, GPU kernel sum on this rank (not wall time); decode span = start of step to start of next step",results/qwen-bf16-h100-v1/mimo-v26/profiles/decode1k_B1.manifest.json
qwen-bf16-h100-v1,mimo-v26,0.31.1rc1.dev50+g554340f3d,decode1k_B1,decode,1k,1,dp0_pp0_tp3_dcp0_ep3_rank3.1791490747203392514.pt.trace.json.gz,3,decode_steps,815,0.0,1.0,6.142232557125911,5.6474909496932515,1032.2711656441718,278.4036530388726,0.02206232745181792,1.4238160306748466,0.9495957558282212,1.2165965398773007,0.015648203680981593,0.5499147055214725,0.0,0.07469185521472393,1.0889934368098155,0.0,0.0,0.16908619509202452,0.0,0.159148226993865,"ms per step, GPU kernel sum on this rank (not wall time); decode span = start of step to start of next step",results/qwen-bf16-h100-v1/mimo-v26/profiles/decode1k_B1.manifest.json
qwen-bf16-h100-v1,mimo-v26,0.31.1rc1.dev50+g554340f3d,decode1k_B1,decode,1k,1,dp0_pp0_tp4_dcp0_ep4_rank4.1791490753473972602.pt.trace.json.gz,4,decode_steps,815,0.0,1.0,6.13712804292082,5.603042564417178,1031.6,278.4036530388726,0.02204399251206633,1.437083954601227,0.9669114773006138,1.1339811509202453,0.015613225766871165,0.5518106944785275,0.0,0.07707502576687116,1.084861397546012,0.0,0.0,0.17030875460122696,0.0,0.16539688343558276,"ms per step, GPU kernel sum on this rank (not wall time); decode span = start of step to start of next step",results/qwen-bf16-h100-v1/mimo-v26/profiles/decode1k_B1.manifest.json
qwen-bf16-h100-v1,mimo-v26,0.31.1rc1.dev50+g554340f3d,decode1k_B1,decode,1k,1,dp0_pp0_tp5_dcp0_ep5_rank5.1791490750019721325.pt.trace.json.gz,5,decode_steps,815,0.0,1.0,6.142084872417801,5.60548158773006,1032.283435582822,278.4036530388726,0.022061796982097075,1.4596440466257667,0.9578579779141109,1.1273835950920243,0.016296420858895704,0.548002527607362,0.0,0.07587518282208588,1.0914040429447849,0.0,0.0,0.1696009693251534,0.0,0.1594168245398773,"ms per step, GPU kernel sum on this rank (not wall time); decode span = start of step to start of next step",results/qwen-bf16-h100-v1/mimo-v26/profiles/decode1k_B1.manifest.json
qwen-bf16-h100-v1,mimo-v26,0.31.1rc1.dev50+g554340f3d,decode1k_B1,decode,1k,1,dp0_pp0_tp6_dcp0_ep6_rank6.1791490753461095807.pt.trace.json.gz,6,decode_steps,815,0.0,1.0,6.13847339016967,5.5943853693251535,1031.8282208588957,278.4036530388726,0.022048824874121083,1.4297200883435583,0.9537792282208595,1.1538423165644172,0.01580256073619632,0.5485476036809817,0.0,0.07579738282208588,1.0888175104294473,0.0,0.0,0.16880769325153375,0.0,0.1592709852760736,"ms per step, GPU kernel sum on this rank (not wall time); decode span = start of step to start of next step",results/qwen-bf16-h100-v1/mimo-v26/profiles/decode1k_B1.manifest.json
qwen-bf16-h100-v1,mimo-v26,0.31.1rc1.dev50+g554340f3d,decode1k_B1,decode,1k,1,dp0_pp0_tp7_dcp0_ep7_rank7.1791490753600859692.pt.trace.json.gz,7,decode_steps,815,0.0,1.0,6.141759776558906,5.583973727607362,1032.283435582822,278.4036530388726,0.022060629268041074,1.4343134613496933,0.945893435582822,1.1770049337423312,0.01762898282208589,0.5414530220858897,0.0,0.07600946012269938,1.0697878036809811,0.0,0.0,0.16308869202453988,0.0,0.15879393619631899,"ms per step, GPU kernel sum on this rank (not wall time); decode span = start of step to start of next step",results/qwen-bf16-h100-v1/mimo-v26/profiles/decode1k_B1.manifest.json
qwen-bf16-h100-v1,mimo-v26,0.31.1rc1.dev50+g554340f3d,decode1k_B8,decode,1k,8,dp0_pp0_tp0_dcp0_ep0_rank0.1791490889069156802.pt.trace.json.gz,0,decode_steps,49,0.0,8.0,10.172779939612564,9.652524489795917,1034.204081632653,10.246335243692203,0.9928213061226041,4.8051514285714285,0.7028293877551018,1.742911020408163,0.025134979591836734,0.8134396326530612,0.0,0.07589304081632654,1.1154419183673465,0.0,0.0,0.19588659183673468,0.0,0.17583648979591826,"ms per step, GPU kernel sum on this rank (not wall time); decode span = start of step to start of next step",results/qwen-bf16-h100-v1/mimo-v26/profiles/decode1k_B8.manifest.json
qwen-bf16-h100-v1,mimo-v26,0.31.1rc1.dev50+g554340f3d,decode1k_B8,decode,1k,8,dp0_pp0_tp1_dcp0_ep1_rank1.1791490889068866910.pt.trace.json.gz,1,decode_steps,49,0.0,8.0,10.174622040417729,9.652050265306121,1034.3877551020407,10.246335243692203,0.9930010875528769,4.737674142857143,0.700289775510204,1.8155411020408163,0.025289714285714283,0.8127276938775511,0.0,0.07579132653061224,1.1139522653061218,0.0,0.0,0.19576110204081631,0.0,0.17502314285714277,"ms per step, GPU kernel sum on this rank (not wall time); decode span = start of step to start of next step",results/qwen-bf16-h100-v1/mimo-v26/profiles/decode1k_B8.manifest.json
qwen-bf16-h100-v1,mimo-v26,0.31.1rc1.dev50+g554340f3d,decode1k_B8,decode,1k,8,dp0_pp0_tp2_dcp0_ep2_rank2.1791490889090667991.pt.trace.json.gz,2,decode_steps,49,0.0,8.0,10.170842875577966,9.651651204081633,1033.9795918367347,10.246335243692203,0.9926322566733593,4.851714346938776,0.7035035510204081,1.6945858163265304,0.024387857142857145,0.8142674081632653,0.0,0.07581693877551021,1.1149615918367344,0.0,0.0,0.19691120408163268,0.0,0.17550248979591826,"ms per step, GPU kernel sum on this rank (not wall time); decode span = start of step to start of next step",results/qwen-bf16-h100-v1/mimo-v26/profiles/decode1k_B8.manifest.json
qwen-bf16-h100-v1,mimo-v26,0.31.1rc1.dev50+g554340f3d,decode1k_B8,decode,1k,8,dp0_pp0_tp3_dcp0_ep3_rank3.1791490889077195434.pt.trace.json.gz,3,decode_steps,49,0.0,8.0,10.171601019411671,9.651665408163264,1034.0816326530612,10.246335243692203,0.9927062483802158,4.7809699387755105,0.7085881428571427,1.7564563265306123,0.024585061224489797,0.8142651428571428,0.0,0.0768972448979592,1.1179608571428568,0.0,0.0,0.19551373469387756,0.0,0.17642895918367343,"ms per step, GPU kernel sum on this rank (not wall time); decode span = start of step to start of next step",results/qwen-bf16-h100-v1/mimo-v26/profiles/decode1k_B8.manifest.json
qwen-bf16-h100-v1,mimo-v26,0.31.1rc1.dev50+g554340f3d,decode1k_B8,decode,1k,8,dp0_pp0_tp4_dcp0_ep4_rank4.1791490889068694975.pt.trace.json.gz,4,decode_steps,49,0.0,8.0,10.176556080098054,9.655253204081632,1034.6326530612246,10.246335243692203,0.993189841837636,4.749706857142857,0.7118904285714285,1.801531632653061,0.02456357142857143,0.8110184081632654,0.0,0.07644816326530614,1.1097177346938771,0.0,0.0,0.19365271428571432,0.0,0.17672369387755096,"ms per step, GPU kernel sum on this rank (not wall time); decode span = start of step to start of next step",results/qwen-bf16-h100-v1/mimo-v26/profiles/decode1k_B8.manifest.json
qwen-bf16-h100-v1,mimo-v26,0.31.1rc1.dev50+g554340f3d,decode1k_B8,decode,1k,8,dp0_pp0_tp5_dcp0_ep5_rank5.1791490889087164949.pt.trace.json.gz,5,decode_steps,49,0.0,8.0,10.177752000458387,9.660030673469388,1034.591836734694,10.246335243692203,0.993306558725371,4.826759836734694,0.7063469591836734,1.7249699591836734,0.02518657142857143,0.8145779795918368,0.0,0.07648012244897961,1.1132747755102037,0.0,0.0,0.19764355102040815,0.0,0.17479091836734686,"ms per step, GPU kernel sum on this rank (not wall time); decode span = start of step to start of next step",results/qwen-bf16-h100-v1/mimo-v26/profiles/decode1k_B8.manifest.json
qwen-bf16-h100-v1,mimo-v26,0.31.1rc1.dev50+g554340f3d,decode1k_B8,decode,1k,8,dp0_pp0_tp6_dcp0_ep6_rank6.1791490889068700211.pt.trace.json.gz,6,decode_steps,49,0.0,8.0,10.17280928382095,9.650542469387755,1034.1632653061224,10.246335243692203,0.9928241699961441,4.839890836734694,0.7054524897959182,1.6992977142857144,0.024448632653061225,0.8159971428571429,0.0,0.07638500000000002,1.1157287346938771,0.0,0.0,0.198133387755102,0.0,0.1752085306122448,"ms per step, GPU kernel sum on this rank (not wall time); decode span = start of step to start of next step",results/qwen-bf16-h100-v1/mimo-v26/profiles/decode1k_B8.manifest.json
qwen-bf16-h100-v1,mimo-v26,0.31.1rc1.dev50+g554340f3d,decode1k_B8,decode,1k,8,dp0_pp0_tp7_dcp0_ep7_rank7.1791490889462686839.pt.trace.json.gz,7,decode_steps,49,0.0,8.0,10.162278123505262,9.626309448979592,1032.9591836734694,10.246335243692203,0.9917963722455121,4.770658163265306,0.6988286530612243,1.7680503469387756,0.029968346938775512,0.81147,0.0,0.07870089795918365,1.100481183673469,0.0,0.0,0.19247844897959188,0.0,0.17567340816326527,"ms per step, GPU kernel sum on this rank (not wall time); decode span = start of step to start of next step",results/qwen-bf16-h100-v1/mimo-v26/profiles/decode1k_B8.manifest.json
qwen-bf16-h100-v1,mimo-v26,0.31.1rc1.dev50+g554340f3d,decode64k_B1,decode,64k,1,dp0_pp0_tp0_dcp0_ep0_rank0.1791491018663983856.pt.trace.json.gz,0,decode_steps,801,0.0,1.0,6.255647706602098,5.754496759051186,1031.8951310861423,,,1.4383324044943822,0.9447491872659181,1.034077047440699,0.015514513108614233,0.834010481897628,0.0,0.07618913233458177,1.0852589176029959,0.0,0.0,0.16830052059925094,0.0,0.15806455430711608,"ms per step, GPU kernel sum on this rank (not wall time); decode span = start of step to start of next step",results/qwen-bf16-h100-v1/mimo-v26/profiles/decode64k_B1.manifest.json
qwen-bf16-h100-v1,mimo-v26,0.31.1rc1.dev50+g554340f3d,decode64k_B1,decode,64k,1,dp0_pp0_tp1_dcp0_ep1_rank1.1791491018734789959.pt.trace.json.gz,1,decode_steps,801,0.0,1.0,6.255842009926556,5.754981235955055,1031.9263420724094,,,1.402484245942572,0.9427060611735334,1.082181647940075,0.017007803995006242,0.8309974494382024,0.0,0.07599782646691634,1.0763331111111107,0.0,0.0,0.1684197690387016,0.0,0.15885332084893883,"ms per step, GPU kernel sum on this rank (not wall time); decode span = start of step to start of next step",results/qwen-bf16-h100-v1/mimo-v26/profiles/decode64k_B1.manifest.json
qwen-bf16-h100-v1,mimo-v26,0.31.1rc1.dev50+g554340f3d,decode64k_B1,decode,64k,1,dp0_pp0_tp2_dcp0_ep2_rank2.1791491018661103065.pt.trace.json.gz,2,decode_steps,801,0.0,1.0,6.2556615791844665,5.753809878901373,1031.8938826466917,,,1.453072667915106,0.9464783270911366,1.0171565006242196,0.015495243445692884,0.8344858626716606,0.0,0.07608842946317103,1.0848867840199745,0.0,0.0,0.16799186641697877,0.0,0.15815419725343322,"ms per step, GPU kernel sum on this rank (not wall time); decode span = start of step to start of next step",results/qwen-bf16-h100-v1/mimo-v26/profiles/decode64k_B1.manifest.json
qwen-bf16-h100-v1,mimo-v26,0.31.1rc1.dev50+g554340f3d,decode64k_B1,decode,64k,1,dp0_pp0_tp3_dcp0_ep3_rank3.1791491018556495143.pt.trace.json.gz,3,decode_steps,801,0.0,1.0,6.255833815213893,5.761230397003745,1031.9250936329588,,,1.4178152334581773,0.945516439450687,1.0612008489388265,0.015571466916354557,0.8339881685393259,0.0,0.07616160174781524,1.0841305942571782,0.0,0.0,0.1683570024968789,0.0,0.15848904119850188,"ms per step, GPU kernel sum on this rank (not wall time); decode span = start of step to start of next step",results/qwen-bf16-h100-v1/mimo-v26/profiles/decode64k_B1.manifest.json
qwen-bf16-h100-v1,mimo-v26,0.31.1rc1.dev50+g554340f3d,decode64k_B1,decode,64k,1,dp0_pp0_tp4_dcp0_ep4_rank4.1791491018668096951.pt.trace.json.gz,4,decode_steps,801,0.0,1.0,6.255525404493163,5.7584474431960055,1031.8689138576779,,,1.4317549088639199,0.9623644119850192,1.0168149712858927,0.015499318352059924,0.8380850611735331,0.0,0.07846313483146067,1.08018506741573,0.0,0.0,0.17094061548064918,0.0,0.16433995380774025,"ms per step, GPU kernel sum on this rank (not wall time); decode span = start of step to start of next step",results/qwen-bf16-h100-v1/mimo-v26/profiles/decode64k_B1.manifest.json
qwen-bf16-h100-v1,mimo-v26,0.31.1rc1.dev50+g554340f3d,decode64k_B1,decode,64k,1,dp0_pp0_tp5_dcp0_ep5_rank5.1791491018681588593.pt.trace.json.gz,5,decode_steps,801,0.0,1.0,6.256145895206676,5.7567000362047445,1031.972534332085,,,1.4524203920099874,0.9539936017478158,1.0103153320848939,0.01633485393258427,0.8341297827715356,0.0,0.07728727965043695,1.0846932459425713,0.0,0.0,0.1690660274656679,0.0,0.15845952059925092,"ms per step, GPU kernel sum on this rank (not wall time); decode span = start of step to start of next step",results/qwen-bf16-h100-v1/mimo-v26/profiles/decode64k_B1.manifest.json
qwen-bf16-h100-v1,mimo-v26,0.31.1rc1.dev50+g554340f3d,decode64k_B1,decode,64k,1,dp0_pp0_tp6_dcp0_ep6_rank6.1791491018692950168.pt.trace.json.gz,6,decode_steps,801,0.0,1.0,6.255672871374161,5.75354247940075,1031.8976279650437,,,1.402233047440699,0.9475220886392016,1.0663138876404494,0.0155333620474407,0.8347410374531836,0.0,0.07738768913857677,1.0839192771535575,0.0,0.0,0.16721149188514353,0.0,0.15868059800249687,"ms per step, GPU kernel sum on this rank (not wall time); decode span = start of step to start of next step",results/qwen-bf16-h100-v1/mimo-v26/profiles/decode64k_B1.manifest.json
qwen-bf16-h100-v1,mimo-v26,0.31.1rc1.dev50+g554340f3d,decode64k_B1,decode,64k,1,dp0_pp0_tp7_dcp0_ep7_rank7.1791491018546723399.pt.trace.json.gz,7,decode_steps,801,0.0,1.0,6.255527056176118,5.729056191011235,1031.8714107365793,,,1.4293603058676656,0.9440626604244695,1.0415750711610485,0.017404238451935082,0.8298442097378279,0.0,0.07758013358302121,1.0665098938826463,0.0,0.0,0.16421587016229713,0.0,0.15850380774032458,"ms per step, GPU kernel sum on this rank (not wall time); decode span = start of step to start of next step",results/qwen-bf16-h100-v1/mimo-v26/profiles/decode64k_B1.manifest.json
qwen-bf16-h100-v1,mimo-v26,0.31.1rc1.dev50+g554340f3d,decode64k_B8,decode,64k,8,dp0_pp0_tp0_dcp0_ep0_rank0.1791491164826170482.pt.trace.json.gz,0,decode_steps,48,0.0,8.0,11.135750144958495,10.614910583333334,1033.5208333333333,11.191421625565509,0.9950255220051902,4.761659666666667,0.7003880833333332,1.7064282708333334,0.024878083333333332,1.869208291666667,0.0,0.07773491666666667,1.1034626041666664,0.0,0.0,0.1962993541666667,0.0,0.17485131249999994,"ms per step, GPU kernel sum on this rank (not wall time); decode span = start of step to start of next step",results/qwen-bf16-h100-v1/mimo-v26/profiles/decode64k_B8.manifest.json
qwen-bf16-h100-v1,mimo-v26,0.31.1rc1.dev50+g554340f3d,decode64k_B8,decode,64k,8,dp0_pp0_tp1_dcp0_ep1_rank1.1791491164823926990.pt.trace.json.gz,1,decode_steps,48,0.0,8.0,11.140822105407715,10.617401270833332,1033.8541666666667,11.191421625565509,0.9954787227350809,4.692635854166666,0.6987237916666665,1.7742516458333333,0.0252760625,1.876297354166667,0.0,0.07768541666666667,1.1023223541666662,0.0,0.0,0.19543914583333333,0.0,0.1747696458333333,"ms per step, GPU kernel sum on this rank (not wall time); decode span = start of step to start of next step",results/qwen-bf16-h100-v1/mimo-v26/profiles/decode64k_B8.manifest.json
qwen-bf16-h100-v1,mimo-v26,0.31.1rc1.dev50+g554340f3d,decode64k_B8,decode,64k,8,dp0_pp0_tp2_dcp0_ep2_rank2.1791491164828587365.pt.trace.json.gz,2,decode_steps,48,0.0,8.0,11.141799644470217,10.621768937499999,1033.9375,11.191421625565509,0.9955660699100161,4.815952895833333,0.7023626874999999,1.649761625,0.024381354166666664,1.8731352708333338,0.0,0.07780152083333335,1.1064587291666663,0.0,0.0,0.197181625,0.0,0.1747332291666666,"ms per step, GPU kernel sum on this rank (not wall time); decode span = start of step to start of next step",results/qwen-bf16-h100-v1/mimo-v26/profiles/decode64k_B8.manifest.json
qwen-bf16-h100-v1,mimo-v26,0.31.1rc1.dev50+g554340f3d,decode64k_B8,decode,64k,8,dp0_pp0_tp3_dcp0_ep3_rank3.1791491164821640425.pt.trace.json.gz,3,decode_steps,48,0.0,8.0,11.142161478678384,10.621717333333335,1033.9375,11.191421625565509,0.9955984012992062,4.735290333333333,0.7069101458333331,1.7288117708333335,0.024446791666666665,1.8705611875000006,0.0,0.07858014583333335,1.1054748749999996,0.0,0.0,0.19581425,0.0,0.1758278333333333,"ms per step, GPU kernel sum on this rank (not wall time); decode span = start of step to start of next step",results/qwen-bf16-h100-v1/mimo-v26/profiles/decode64k_B8.manifest.json
qwen-bf16-h100-v1,mimo-v26,0.31.1rc1.dev50+g554340f3d,decode64k_B8,decode,64k,8,dp0_pp0_tp4_dcp0_ep4_rank4.1791491164825006955.pt.trace.json.gz,4,decode_steps,48,0.0,8.0,11.1420162302653,10.619644770833334,1033.9375,11.191421625565509,0.9955854227502833,4.729035312500001,0.7097803124999998,1.7347644166666667,0.024862041666666668,1.872989854166667,0.0,0.07838672916666668,1.1000519166666662,0.0,0.0,0.19363147916666668,0.0,0.17614270833333331,"ms per step, GPU kernel sum on this rank (not wall time); decode span = start of step to start of next step",results/qwen-bf16-h100-v1/mimo-v26/profiles/decode64k_B8.manifest.json
qwen-bf16-h100-v1,mimo-v26,0.31.1rc1.dev50+g554340f3d,decode64k_B8,decode,64k,8,dp0_pp0_tp5_dcp0_ep5_rank5.1791491164823719881.pt.trace.json.gz,5,decode_steps,48,0.0,8.0,11.133196980794272,10.616036541666666,1033.2708333333333,11.191421625565509,0.9947973861838759,4.732658145833334,0.7019396041666665,1.7352212708333334,0.02524879166666667,1.8685043750000003,0.0,0.07827725,1.102892583333333,0.0,0.0,0.1972779583333333,0.0,0.17401656249999994,"ms per step, GPU kernel sum on this rank (not wall time); decode span = start of step to start of next step",results/qwen-bf16-h100-v1/mimo-v26/profiles/decode64k_B8.manifest.json
qwen-bf16-h100-v1,mimo-v26,0.31.1rc1.dev50+g554340f3d,decode64k_B8,decode,64k,8,dp0_pp0_tp6_dcp0_ep6_rank6.1791491164826145646.pt.trace.json.gz,6,decode_steps,48,0.0,8.0,11.141330251057942,10.6185455625,1033.8958333333333,11.191421625565509,0.9955241276592477,4.771891083333333,0.7016199791666665,1.6884445000000001,0.024451458333333332,1.8752729375000003,0.0,0.07846206250000001,1.106839333333333,0.0,0.0,0.19736616666666665,0.0,0.1741980416666666,"ms per step, GPU kernel sum on this rank (not wall time); decode span = start of step to start of next step",results/qwen-bf16-h100-v1/mimo-v26/profiles/decode64k_B8.manifest.json
qwen-bf16-h100-v1,mimo-v26,0.31.1rc1.dev50+g554340f3d,decode64k_B8,decode,64k,8,dp0_pp0_tp7_dcp0_ep7_rank7.1791491164821253300.pt.trace.json.gz,7,decode_steps,48,0.0,8.0,11.140078125,10.602361437499999,1033.75,11.191421625565509,0.9954122449959154,4.7247358125,0.6990025208333331,1.7341565208333334,0.029830104166666666,1.8753593750000004,0.0,0.08058127083333333,1.0907442291666662,0.0,0.0,0.19316408333333335,0.0,0.17478752083333327,"ms per step, GPU kernel sum on this rank (not wall time); decode span = start of step to start of next step",results/qwen-bf16-h100-v1/mimo-v26/profiles/decode64k_B8.manifest.json
qwen-bf16-h100-v1,mimo-v26,0.31.1rc1.dev50+g554340f3d,prefill16k,prefill,16k,1,dp0_pp0_tp0_dcp0_ep0_rank0.1791491215947697813.pt.trace.json.gz,0,first_chunk,1,8192.0,0.0,333.5101779785156,309.09425899999997,1102.0,,,235.85780799999995,4.681738000000002,32.30942700000001,0.0,4.413742999999999,0.0,1.1485499999999997,11.664535000000003,8.552090999999997,0.0,9.254078999999997,0.0,1.2122879999999996,"ms per step, GPU kernel sum on this rank (not wall time); decode span = start of step to start of next step",results/qwen-bf16-h100-v1/mimo-v26/profiles/prefill16k.manifest.json
qwen-bf16-h100-v1,mimo-v26,0.31.1rc1.dev50+g554340f3d,prefill16k,prefill,16k,1,dp0_pp0_tp0_dcp0_ep0_rank0.1791491215947697813.pt.trace.json.gz,0,last_full_chunk,1,8192.0,0.0,333.5101779785156,309.09425899999997,1102.0,,,235.85780799999995,4.681738000000002,32.30942700000001,0.0,4.413742999999999,0.0,1.1485499999999997,11.664535000000003,8.552090999999997,0.0,9.254078999999997,0.0,1.2122879999999996,"ms per step, GPU kernel sum on this rank (not wall time); decode span = start of step to start of next step",results/qwen-bf16-h100-v1/mimo-v26/profiles/prefill16k.manifest.json
qwen-bf16-h100-v1,mimo-v26,0.31.1rc1.dev50+g554340f3d,prefill16k,prefill,16k,1,dp0_pp0_tp1_dcp0_ep1_rank1.1791491215946385302.pt.trace.json.gz,1,first_chunk,1,8192.0,0.0,333.56980102539063,306.95027099999993,1102.0,,,235.32741299999995,4.690892000000002,30.770199999999996,0.0,4.414157,0.0,1.14583,11.625978000000002,8.536146999999998,0.0,9.235231000000002,0.0,1.2044230000000002,"ms per step, GPU kernel sum on this rank (not wall time); decode span = start of step to start of next step",results/qwen-bf16-h100-v1/mimo-v26/profiles/prefill16k.manifest.json
qwen-bf16-h100-v1,mimo-v26,0.31.1rc1.dev50+g554340f3d,prefill16k,prefill,16k,1,dp0_pp0_tp1_dcp0_ep1_rank1.1791491215946385302.pt.trace.json.gz,1,last_full_chunk,1,8192.0,0.0,333.56980102539063,306.95027099999993,1102.0,,,235.32741299999995,4.690892000000002,30.770199999999996,0.0,4.414157,0.0,1.14583,11.625978000000002,8.536146999999998,0.0,9.235231000000002,0.0,1.2044230000000002,"ms per step, GPU kernel sum on this rank (not wall time); decode span = start of step to start of next step",results/qwen-bf16-h100-v1/mimo-v26/profiles/prefill16k.manifest.json
qwen-bf16-h100-v1,mimo-v26,0.31.1rc1.dev50+g554340f3d,prefill16k,prefill,16k,1,dp0_pp0_tp2_dcp0_ep2_rank2.1791491215959026126.pt.trace.json.gz,2,first_chunk,1,8192.0,0.0,333.5674639892578,311.2446510000001,1102.0,,,238.39087000000006,4.680173000000006,31.882075,0.0,4.465357,0.0,1.1530899999999997,11.759422000000006,8.516798000000003,0.0,9.184223,0.0,1.2126429999999997,"ms per step, GPU kernel sum on this rank (not wall time); decode span = start of step to start of next step",results/qwen-bf16-h100-v1/mimo-v26/profiles/prefill16k.manifest.json
qwen-bf16-h100-v1,mimo-v26,0.31.1rc1.dev50+g554340f3d,prefill16k,prefill,16k,1,dp0_pp0_tp2_dcp0_ep2_rank2.1791491215959026126.pt.trace.json.gz,2,last_full_chunk,1,8192.0,0.0,333.5674639892578,311.2446510000001,1102.0,,,238.39087000000006,4.680173000000006,31.882075,0.0,4.465357,0.0,1.1530899999999997,11.759422000000006,8.516798000000003,0.0,9.184223,0.0,1.2126429999999997,"ms per step, GPU kernel sum on this rank (not wall time); decode span = start of step to start of next step",results/qwen-bf16-h100-v1/mimo-v26/profiles/prefill16k.manifest.json
qwen-bf16-h100-v1,mimo-v26,0.31.1rc1.dev50+g554340f3d,prefill16k,prefill,16k,1,dp0_pp0_tp3_dcp0_ep3_rank3.1791491215953509327.pt.trace.json.gz,3,first_chunk,1,8192.0,0.0,333.6806669921875,309.761672,1102.0,,,238.11934399999998,4.769450000000001,30.44819999999999,0.0,4.464210000000001,0.0,1.149858,11.707027000000002,8.527387999999998,0.0,9.370942,0.0,1.205253,"ms per step, GPU kernel sum on this rank (not wall time); decode span = start of step to start of next step",results/qwen-bf16-h100-v1/mimo-v26/profiles/prefill16k.manifest.json
qwen-bf16-h100-v1,mimo-v26,0.31.1rc1.dev50+g554340f3d,prefill16k,prefill,16k,1,dp0_pp0_tp3_dcp0_ep3_rank3.1791491215953509327.pt.trace.json.gz,3,last_full_chunk,1,8192.0,0.0,333.6806669921875,309.761672,1102.0,,,238.11934399999998,4.769450000000001,30.44819999999999,0.0,4.464210000000001,0.0,1.149858,11.707027000000002,8.527387999999998,0.0,9.370942,0.0,1.205253,"ms per step, GPU kernel sum on this rank (not wall time); decode span = start of step to start of next step",results/qwen-bf16-h100-v1/mimo-v26/profiles/prefill16k.manifest.json
qwen-bf16-h100-v1,mimo-v26,0.31.1rc1.dev50+g554340f3d,prefill16k,prefill,16k,1,dp0_pp0_tp4_dcp0_ep4_rank4.1791491215954267025.pt.trace.json.gz,4,first_chunk,1,8192.0,0.0,335.3325789794922,315.58978499999995,1102.0,,,228.28561,4.599169000000005,47.097301,0.0,4.300177,0.0,1.136162,11.363047999999997,8.524954999999999,0.0,9.086240999999998,0.0,1.197122,"ms per step, GPU kernel sum on this rank (not wall time); decode span = start of step to start of next step",results/qwen-bf16-h100-v1/mimo-v26/profiles/prefill16k.manifest.json
qwen-bf16-h100-v1,mimo-v26,0.31.1rc1.dev50+g554340f3d,prefill16k,prefill,16k,1,dp0_pp0_tp4_dcp0_ep4_rank4.1791491215954267025.pt.trace.json.gz,4,last_full_chunk,1,8192.0,0.0,335.3325789794922,315.58978499999995,1102.0,,,228.28561,4.599169000000005,47.097301,0.0,4.300177,0.0,1.136162,11.363047999999997,8.524954999999999,0.0,9.086240999999998,0.0,1.197122,"ms per step, GPU kernel sum on this rank (not wall time); decode span = start of step to start of next step",results/qwen-bf16-h100-v1/mimo-v26/profiles/prefill16k.manifest.json
qwen-bf16-h100-v1,mimo-v26,0.31.1rc1.dev50+g554340f3d,prefill16k,prefill,16k,1,dp0_pp0_tp5_dcp0_ep5_rank5.1791491215956592512.pt.trace.json.gz,5,first_chunk,1,8192.0,0.0,333.4601140136719,307.8293250000001,1102.0,,,231.32835900000006,4.606260000000001,36.065849,0.0,4.367126,0.0,1.139846,11.532504999999997,8.522128,0.0,9.065166999999999,0.0,1.2020849999999996,"ms per step, GPU kernel sum on this rank (not wall time); decode span = start of step to start of next step",results/qwen-bf16-h100-v1/mimo-v26/profiles/prefill16k.manifest.json
qwen-bf16-h100-v1,mimo-v26,0.31.1rc1.dev50+g554340f3d,prefill16k,prefill,16k,1,dp0_pp0_tp5_dcp0_ep5_rank5.1791491215956592512.pt.trace.json.gz,5,last_full_chunk,1,8192.0,0.0,333.4601140136719,307.8293250000001,1102.0,,,231.32835900000006,4.606260000000001,36.065849,0.0,4.367126,0.0,1.139846,11.532504999999997,8.522128,0.0,9.065166999999999,0.0,1.2020849999999996,"ms per step, GPU kernel sum on this rank (not wall time); decode span = start of step to start of next step",results/qwen-bf16-h100-v1/mimo-v26/profiles/prefill16k.manifest.json
qwen-bf16-h100-v1,mimo-v26,0.31.1rc1.dev50+g554340f3d,prefill16k,prefill,16k,1,dp0_pp0_tp6_dcp0_ep6_rank6.1791491215961675912.pt.trace.json.gz,6,first_chunk,1,8192.0,0.0,334.3166120605469,316.198741,1102.0,,,231.937331,4.7179709999999995,43.47870299999998,0.0,4.373292999999999,0.0,1.138883,11.498114999999997,8.554165999999995,0.0,9.299188000000001,0.0,1.201091,"ms per step, GPU kernel sum on this rank (not wall time); decode span = start of step to start of next step",results/qwen-bf16-h100-v1/mimo-v26/profiles/prefill16k.manifest.json
qwen-bf16-h100-v1,mimo-v26,0.31.1rc1.dev50+g554340f3d,prefill16k,prefill,16k,1,dp0_pp0_tp6_dcp0_ep6_rank6.1791491215961675912.pt.trace.json.gz,6,last_full_chunk,1,8192.0,0.0,334.3166120605469,316.198741,1102.0,,,231.937331,4.7179709999999995,43.47870299999998,0.0,4.373292999999999,0.0,1.138883,11.498114999999997,8.554165999999995,0.0,9.299188000000001,0.0,1.201091,"ms per step, GPU kernel sum on this rank (not wall time); decode span = start of step to start of next step",results/qwen-bf16-h100-v1/mimo-v26/profiles/prefill16k.manifest.json
qwen-bf16-h100-v1,mimo-v26,0.31.1rc1.dev50+g554340f3d,prefill16k,prefill,16k,1,dp0_pp0_tp7_dcp0_ep7_rank7.1791491215946531417.pt.trace.json.gz,7,first_chunk,1,8192.0,0.0,334.40116003417967,316.47545599999995,1102.0,,,233.7916019999999,4.664245000000002,42.05626600000002,0.0,4.39266,0.0,1.1478079999999995,11.531367,8.525033000000002,0.0,9.169863,0.0,1.1966119999999998,"ms per step, GPU kernel sum on this rank (not wall time); decode span = start of step to start of next step",results/qwen-bf16-h100-v1/mimo-v26/profiles/prefill16k.manifest.json
qwen-bf16-h100-v1,mimo-v26,0.31.1rc1.dev50+g554340f3d,prefill16k,prefill,16k,1,dp0_pp0_tp7_dcp0_ep7_rank7.1791491215946531417.pt.trace.json.gz,7,last_full_chunk,1,8192.0,0.0,334.40116003417967,316.47545599999995,1102.0,,,233.7916019999999,4.664245000000002,42.05626600000002,0.0,4.39266,0.0,1.1478079999999995,11.531367,8.525033000000002,0.0,9.169863,0.0,1.1966119999999998,"ms per step, GPU kernel sum on this rank (not wall time); decode span = start of step to start of next step",results/qwen-bf16-h100-v1/mimo-v26/profiles/prefill16k.manifest.json
qwen-bf16-h100-v1,mimo-v26,0.31.1rc1.dev50+g554340f3d,prefill64k,prefill,64k,1,dp0_pp0_tp0_dcp0_ep0_rank0.1791491246948237746.pt.trace.json.gz,0,first_chunk,1,8192.0,0.0,354.1289990234375,307.214674,1102.0,,,236.14165300000002,4.6903760000000005,30.091388000000002,0.0,4.426894000000001,0.0,1.1466900000000002,11.641874999999997,8.544606000000002,0.0,9.249171999999998,0.0,1.28202,"ms per step, GPU kernel sum on this rank (not wall time); decode span = start of step to start of next step",results/qwen-bf16-h100-v1/mimo-v26/profiles/prefill64k.manifest.json
qwen-bf16-h100-v1,mimo-v26,0.31.1rc1.dev50+g554340f3d,prefill64k,prefill,64k,1,dp0_pp0_tp0_dcp0_ep0_rank0.1791491246948237746.pt.trace.json.gz,0,last_full_chunk,1,8192.0,0.0,357.7444620361328,346.575815,1099.0,,,247.525932,4.830409000000004,25.80311999999999,0.0,35.979877,0.0,1.178849,12.045748000000001,8.553168999999999,0.0,9.472758000000002,0.0,1.1859530000000005,"ms per step, GPU kernel sum on this rank (not wall time); decode span = start of step to start of next step",results/qwen-bf16-h100-v1/mimo-v26/profiles/prefill64k.manifest.json
qwen-bf16-h100-v1,mimo-v26,0.31.1rc1.dev50+g554340f3d,prefill64k,prefill,64k,1,dp0_pp0_tp1_dcp0_ep1_rank1.1791491246942066681.pt.trace.json.gz,1,first_chunk,1,8192.0,0.0,354.1097900390625,306.991679,1102.0,,,232.678477,4.675463000000004,33.61043200000001,0.0,4.363914,0.0,1.1375090000000003,11.503383,8.528141999999999,0.0,9.223538000000001,0.0,1.2708210000000002,"ms per step, GPU kernel sum on this rank (not wall time); decode span = start of step to start of next step",results/qwen-bf16-h100-v1/mimo-v26/profiles/prefill64k.manifest.json
qwen-bf16-h100-v1,mimo-v26,0.31.1rc1.dev50+g554340f3d,prefill64k,prefill,64k,1,dp0_pp0_tp1_dcp0_ep1_rank1.1791491246942066681.pt.trace.json.gz,1,last_full_chunk,1,8192.0,0.0,357.5970279541016,346.221634,1099.0,,,242.74323500000003,4.784735999999999,31.14368099999999,0.0,35.35117400000001,0.0,1.1708179999999995,11.924724,8.533872,0.0,9.395188000000003,0.0,1.1742059999999994,"ms per step, GPU kernel sum on this rank (not wall time); decode span = start of step to start of next step",results/qwen-bf16-h100-v1/mimo-v26/profiles/prefill64k.manifest.json
qwen-bf16-h100-v1,mimo-v26,0.31.1rc1.dev50+g554340f3d,prefill64k,prefill,64k,1,dp0_pp0_tp2_dcp0_ep2_rank2.1791491246963482217.pt.trace.json.gz,2,first_chunk,1,8192.0,0.0,353.83538903808596,307.19915000000003,1102.0,,,235.90457500000002,4.659846000000004,30.426564000000006,0.0,4.423177000000002,0.0,1.1473969999999998,11.684890000000001,8.519535999999999,0.0,9.156589,0.0,1.2765760000000002,"ms per step, GPU kernel sum on this rank (not wall time); decode span = start of step to start of next step",results/qwen-bf16-h100-v1/mimo-v26/profiles/prefill64k.manifest.json
qwen-bf16-h100-v1,mimo-v26,0.31.1rc1.dev50+g554340f3d,prefill64k,prefill,64k,1,dp0_pp0_tp2_dcp0_ep2_rank2.1791491246963482217.pt.trace.json.gz,2,last_full_chunk,1,8192.0,0.0,357.635333984375,346.43839900000006,1099.0,,,244.58360000000005,4.741639,29.386232999999997,0.0,35.597578,0.0,1.1698590000000002,11.977113,8.540239999999997,0.0,9.262969000000004,0.0,1.179168,"ms per step, GPU kernel sum on this rank (not wall time); decode span = start of step to start of next step",results/qwen-bf16-h100-v1/mimo-v26/profiles/prefill64k.manifest.json
qwen-bf16-h100-v1,mimo-v26,0.31.1rc1.dev50+g554340f3d,prefill64k,prefill,64k,1,dp0_pp0_tp3_dcp0_ep3_rank3.1791491246938400268.pt.trace.json.gz,3,first_chunk,1,8192.0,0.0,353.82731494140626,307.167632,1102.0,,,240.04752700000003,4.774905000000001,25.787547,0.0,4.4971309999999995,0.0,1.1543370000000002,11.743647,8.51995,0.0,9.370397,0.0,1.2721909999999996,"ms per step, GPU kernel sum on this rank (not wall time); decode span = start of step to start of next step",results/qwen-bf16-h100-v1/mimo-v26/profiles/prefill64k.manifest.json
qwen-bf16-h100-v1,mimo-v26,0.31.1rc1.dev50+g554340f3d,prefill64k,prefill,64k,1,dp0_pp0_tp3_dcp0_ep3_rank3.1791491246938400268.pt.trace.json.gz,3,last_full_chunk,1,8192.0,0.0,357.6500439453125,346.3930210000001,1099.0,,,246.68267600000004,4.821709000000001,26.658022000000006,0.0,35.916726000000004,0.0,1.1754270000000002,12.028865000000003,8.52554,0.0,9.404537999999997,0.0,1.179518,"ms per step, GPU kernel sum on this rank (not wall time); decode span = start of step to start of next step",results/qwen-bf16-h100-v1/mimo-v26/profiles/prefill64k.manifest.json
qwen-bf16-h100-v1,mimo-v26,0.31.1rc1.dev50+g554340f3d,prefill64k,prefill,64k,1,dp0_pp0_tp4_dcp0_ep4_rank4.1791491247528840901.pt.trace.json.gz,4,first_chunk,1,8192.0,0.0,354.11228002929687,306.11845400000004,1102.0,,,225.62558700000002,4.591079,40.337478999999995,0.0,4.265805999999999,0.0,1.1309170000000002,11.313723000000005,8.523757000000002,0.0,9.063514000000003,0.0,1.266592,"ms per step, GPU kernel sum on this rank (not wall time); decode span = start of step to start of next step",results/qwen-bf16-h100-v1/mimo-v26/profiles/prefill64k.manifest.json
qwen-bf16-h100-v1,mimo-v26,0.31.1rc1.dev50+g554340f3d,prefill64k,prefill,64k,1,dp0_pp0_tp4_dcp0_ep4_rank4.1791491247528840901.pt.trace.json.gz,4,last_full_chunk,1,8192.0,0.0,357.50185595703124,346.12561400000004,1099.0,,,231.84585800000005,4.607372000000002,44.35444800000001,0.0,33.82978300000001,0.0,1.149093,11.556486,8.524883999999998,0.0,9.093046999999999,0.0,1.164643,"ms per step, GPU kernel sum on this rank (not wall time); decode span = start of step to start of next step",results/qwen-bf16-h100-v1/mimo-v26/profiles/prefill64k.manifest.json
qwen-bf16-h100-v1,mimo-v26,0.31.1rc1.dev50+g554340f3d,prefill64k,prefill,64k,1,dp0_pp0_tp5_dcp0_ep5_rank5.1791491246955856992.pt.trace.json.gz,5,first_chunk,1,8192.0,0.0,354.29261499023437,307.213417,1102.0,,,231.30654000000004,4.628718999999997,35.35680799999998,0.0,4.378960999999999,0.0,1.1403860000000003,11.524429000000003,8.513825,0.0,9.098626999999997,0.0,1.2651219999999999,"ms per step, GPU kernel sum on this rank (not wall time); decode span = start of step to start of next step",results/qwen-bf16-h100-v1/mimo-v26/profiles/prefill64k.manifest.json
qwen-bf16-h100-v1,mimo-v26,0.31.1rc1.dev50+g554340f3d,prefill64k,prefill,64k,1,dp0_pp0_tp5_dcp0_ep5_rank5.1791491246955856992.pt.trace.json.gz,5,last_full_chunk,1,8192.0,0.0,357.4676359863281,346.29803000000004,1099.0,,,238.493907,4.760406000000002,36.23045300000002,0.0,34.820335,0.0,1.1628539999999996,11.796655000000003,8.513089999999998,0.0,9.348324999999999,0.0,1.172005,"ms per step, GPU kernel sum on this rank (not wall time); decode span = start of step to start of next step",results/qwen-bf16-h100-v1/mimo-v26/profiles/prefill64k.manifest.json
qwen-bf16-h100-v1,mimo-v26,0.31.1rc1.dev50+g554340f3d,prefill64k,prefill,64k,1,dp0_pp0_tp6_dcp0_ep6_rank6.1791491246964102431.pt.trace.json.gz,6,first_chunk,1,8192.0,0.0,354.14639904785156,307.061047,1102.0,,,232.770401,4.7050750000000034,33.429873999999984,0.0,4.400613000000001,0.0,1.144255,11.550934000000007,8.556061999999999,0.0,9.232560999999999,0.0,1.2712720000000004,"ms per step, GPU kernel sum on this rank (not wall time); decode span = start of step to start of next step",results/qwen-bf16-h100-v1/mimo-v26/profiles/prefill64k.manifest.json
qwen-bf16-h100-v1,mimo-v26,0.31.1rc1.dev50+g554340f3d,prefill64k,prefill,64k,1,dp0_pp0_tp6_dcp0_ep6_rank6.1791491246964102431.pt.trace.json.gz,6,last_full_chunk,1,8192.0,0.0,357.5612840576172,346.2594999999999,1099.0,,,241.54929999999987,4.798091999999999,32.765522999999995,0.0,35.01218599999999,0.0,1.1695030000000002,11.846995000000009,8.561735999999998,0.0,9.385636999999996,0.0,1.170528,"ms per step, GPU kernel sum on this rank (not wall time); decode span = start of step to start of next step",results/qwen-bf16-h100-v1/mimo-v26/profiles/prefill64k.manifest.json
qwen-bf16-h100-v1,mimo-v26,0.31.1rc1.dev50+g554340f3d,prefill64k,prefill,64k,1,dp0_pp0_tp7_dcp0_ep7_rank7.1791491247520112625.pt.trace.json.gz,7,first_chunk,1,8192.0,0.0,354.1439659423828,306.53180399999997,1102.0,,,233.40556699999993,4.653460000000005,32.457347,0.0,4.392625999999999,0.0,1.1466,11.533993999999998,8.525341999999998,0.0,9.148895999999999,0.0,1.2679719999999999,"ms per step, GPU kernel sum on this rank (not wall time); decode span = start of step to start of next step",results/qwen-bf16-h100-v1/mimo-v26/profiles/prefill64k.manifest.json
qwen-bf16-h100-v1,mimo-v26,0.31.1rc1.dev50+g554340f3d,prefill64k,prefill,64k,1,dp0_pp0_tp7_dcp0_ep7_rank7.1791491247520112625.pt.trace.json.gz,7,last_full_chunk,1,8192.0,0.0,357.6347609863281,346.5111420000001,1099.0,,,243.5366360000001,4.719142999999998,30.738146,0.0,35.56405,0.0,1.1705969999999994,11.850598000000003,8.525238,0.0,9.233801999999997,0.0,1.1729319999999999,"ms per step, GPU kernel sum on this rank (not wall time); decode span = start of step to start of next step",results/qwen-bf16-h100-v1/mimo-v26/profiles/prefill64k.manifest.json
