study,model,runtime,bucket,live_sequences,live_tokens_client_content_plus_generated,kv_usage_frac,kv_usage_frac_idle,pool_gib_per_rank,pool_tokens,live_gib_per_rank,live_gib_8_ranks,live_kib_per_token_per_rank,gpu_mem_mib_rank0,gpu_mem_mib_sum,evidence
qwen-bf16-h100-v1,qwen-38-bf16,0.31.1rc1.dev50+g554340f3d,16k,1,18697,0.0069010416666667185,0.0,37.37,3046184.0,0.25789192708333525,2.063135416666682,14.463244656005527,76169,608898,results/qwen-bf16-h100-v1/qwen-38-bf16/_kv/live_16k_B1.json
qwen-bf16-h100-v1,qwen-38-bf16,0.31.1rc1.dev50+g554340f3d,16k,8,149031,0.0546875,0.0,37.37,3046184.0,2.043671875,16.349375,14.37919144339097,76169,608898,results/qwen-bf16-h100-v1/qwen-38-bf16/_kv/live_16k_B8.json
qwen-bf16-h100-v1,qwen-38-bf16,0.31.1rc1.dev50+g554340f3d,1k,1,3427,0.001822916666666674,0.0,37.37,3046184.0,0.0681223958333336,0.5449791666666688,20.843743604707793,76157,608802,results/qwen-bf16-h100-v1/qwen-38-bf16/_kv/live_1k_B1.json
qwen-bf16-h100-v1,qwen-38-bf16,0.31.1rc1.dev50+g554340f3d,1k,8,20420,0.012760416666666718,0.0,37.37,3046184.0,0.4768567708333352,3.8148541666666818,24.48680535422798,76169,608898,results/qwen-bf16-h100-v1/qwen-38-bf16/_kv/live_1k_B8.json
qwen-bf16-h100-v1,qwen-38-bf16,0.31.1rc1.dev50+g554340f3d,64k,1,69481,0.023307291666666674,0.0,37.37,3046184.0,0.8709934895833336,6.9679479166666685,13.14464197886233,76169,608898,results/qwen-bf16-h100-v1/qwen-38-bf16/_kv/live_64k_B1.json
qwen-bf16-h100-v1,qwen-38-bf16,0.31.1rc1.dev50+g554340f3d,64k,8,563329,0.18958333333333333,0.0,37.37,3046184.0,7.084729166666666,56.677833333333325,13.187457011207776,76169,608898,results/qwen-bf16-h100-v1/qwen-38-bf16/_kv/live_64k_B8.json
qwen-bf16-h100-v1,mimo-v26,0.31.1rc1.dev50+g554340f3d,16k,1,17657,0.0020063575364023256,0.0,49.2,6972733.0,0.09871279079099443,0.7897023263279555,5.862143247236664,75465,603720,results/qwen-bf16-h100-v1/mimo-v26/_kv/live_16k_B1.json
qwen-bf16-h100-v1,mimo-v26,0.31.1rc1.dev50+g554340f3d,16k,8,140731,0.016097966076855652,0.0,49.2,6972733.0,0.7920199309812981,6.336159447850385,5.901280394146603,75465,603720,results/qwen-bf16-h100-v1/mimo-v26/_kv/live_16k_B8.json
qwen-bf16-h100-v1,mimo-v26,0.31.1rc1.dev50+g554340f3d,1k,1,3487,0.000460589904008879,0.0,49.2,6972733.0,0.022661023277236847,0.18128818621789478,6.814397804402611,74883,599064,results/qwen-bf16-h100-v1/mimo-v26/_kv/live_1k_B1.json
qwen-bf16-h100-v1,mimo-v26,0.31.1rc1.dev50+g554340f3d,1k,8,16409,0.0026693278527787356,0.0,49.2,6972733.0,0.1313309303567138,1.0506474428537105,8.392373796679964,75273,602184,results/qwen-bf16-h100-v1/mimo-v26/_kv/live_1k_B8.json
qwen-bf16-h100-v1,mimo-v26,0.31.1rc1.dev50+g554340f3d,64k,1,64302,0.0071722920279564395,0.0,49.2,6972733.0,0.35287676777545685,2.8230141422036548,5.754379485038061,75467,603736,results/qwen-bf16-h100-v1/mimo-v26/_kv/live_64k_B1.json
qwen-bf16-h100-v1,mimo-v26,0.31.1rc1.dev50+g554340f3d,64k,8,534380,0.059149164831867274,0.0,49.2,6972733.0,2.91013890972787,23.28111127782296,5.710359327457635,75467,603736,results/qwen-bf16-h100-v1/mimo-v26/_kv/live_64k_B8.json
