study,model,runtime,capture,kind,bucket,engine_B,rank_file,rank_index,group,steps_averaged,steps_in_trace,prefill_tokens,decode_reqs,span_ms,kernel_sum_ms,n_kernels,profiled_step_ms,unprofiled_step_ms,moe_expert_gemm_ms,moe_route_combine_ms,allreduce_ms,allgather_other_comm_ms,attention_core_ms,indexer_topk_ms,qkv_rope_kvcache_ms,dense_gemm_ms,mhc_residual_norm_ms,engram_ms,gemm_input_prep_ms,recurrent_attention_ms,other_elementwise_ms,unit,evidence
five-model-rerun-h100-v1,v4-0731,0.31.1rc1.dev260+ga98247ab4,decode128k_B1,decode,128k,1,dp0_pp0_tp0_dcp0_ep0_rank0.1791631409112085720.pt.trace.json.gz,0,decode_steps,50,50,0.0,1.0,8.130911440429687,11.515057200000001,1971.76,8.305846428384585,8.036277912281177,1.3047144000000004,1.0928793399999999,1.1096784,0.01803682,1.04265258,0.42810265999999997,0.2389653,3.650141720000002,1.9038805400000007,0.0,0.16252187999999998,0.0,0.5634835599999998,"ms per step, GPU kernel sum on this rank (not wall time); decode span = start of step to start of next step",results/five-model-rerun-h100-v1/v4-0731/profiles/decode128k_B1.manifest.json
five-model-rerun-h100-v1,v4-0731,0.31.1rc1.dev260+ga98247ab4,decode128k_B1,decode,128k,1,dp0_pp0_tp1_dcp0_ep1_rank1.1791631409144524104.pt.trace.json.gz,1,decode_steps,50,50,0.0,1.0,8.096660959472656,10.49560014,1966.46,8.305846428384585,8.036277912281177,1.2941383400000002,1.0759845799999999,0.7338404,0.01603874,1.02270306,0.43062204000000004,0.23330404000000002,3.4921802600000014,1.4827372999999997,0.0,0.16217453999999992,0.0,0.5518768399999998,"ms per step, GPU kernel sum on this rank (not wall time); decode span = start of step to start of next step",results/five-model-rerun-h100-v1/v4-0731/profiles/decode128k_B1.manifest.json
five-model-rerun-h100-v1,v4-0731,0.31.1rc1.dev260+ga98247ab4,decode128k_B1,decode,128k,1,dp0_pp0_tp2_dcp0_ep2_rank2.1791631409137675028.pt.trace.json.gz,2,decode_steps,50,50,0.0,1.0,8.099485400390625,10.530815240000003,1967.56,8.305846428384585,8.036277912281177,1.28326104,1.0733803,0.75273612,0.0162168,1.01661166,0.4295358,0.23513299999999998,3.510261820000001,1.5020564,0.0,0.16099979999999994,0.0,0.5506225,"ms per step, GPU kernel sum on this rank (not wall time); decode span = start of step to start of next step",results/five-model-rerun-h100-v1/v4-0731/profiles/decode128k_B1.manifest.json
five-model-rerun-h100-v1,v4-0731,0.31.1rc1.dev260+ga98247ab4,decode128k_B1,decode,128k,1,dp0_pp0_tp3_dcp0_ep3_rank3.1791631409134777688.pt.trace.json.gz,3,decode_steps,50,50,0.0,1.0,8.1000075,10.530661420000001,1966.74,8.305846428384585,8.036277912281177,1.2900126200000002,1.07547006,0.7464242,0.017053,1.01758456,0.43152706,0.23436923999999998,3.5102786000000012,1.49482228,0.0,0.16248031999999998,0.0,0.5506394799999998,"ms per step, GPU kernel sum on this rank (not wall time); decode span = start of step to start of next step",results/five-model-rerun-h100-v1/v4-0731/profiles/decode128k_B1.manifest.json
five-model-rerun-h100-v1,v4-0731,0.31.1rc1.dev260+ga98247ab4,decode128k_B1,decode,128k,1,dp0_pp0_tp4_dcp0_ep4_rank4.1791631409115671980.pt.trace.json.gz,4,decode_steps,50,50,0.0,1.0,8.099138181152343,10.526475900000001,1968.02,8.305846428384585,8.036277912281177,1.27580528,1.0750915799999998,0.74959598,0.01695156,1.0183763200000002,0.43212218,0.23472662,3.50169946,1.5136380199999993,0.0,0.15971160000000006,0.0,0.5487573000000002,"ms per step, GPU kernel sum on this rank (not wall time); decode span = start of step to start of next step",results/five-model-rerun-h100-v1/v4-0731/profiles/decode128k_B1.manifest.json
five-model-rerun-h100-v1,v4-0731,0.31.1rc1.dev260+ga98247ab4,decode128k_B1,decode,128k,1,dp0_pp0_tp5_dcp0_ep5_rank5.1791631409115666470.pt.trace.json.gz,5,decode_steps,50,50,0.0,1.0,8.097295180664062,10.53334628,1967.44,8.305846428384585,8.036277912281177,1.29716872,1.0750954,0.74494856,0.0170861,1.0202528400000002,0.43089476,0.23503656,3.5178903600000013,1.4830798399999994,0.0,0.16188770000000005,0.0,0.5500054400000002,"ms per step, GPU kernel sum on this rank (not wall time); decode span = start of step to start of next step",results/five-model-rerun-h100-v1/v4-0731/profiles/decode128k_B1.manifest.json
five-model-rerun-h100-v1,v4-0731,0.31.1rc1.dev260+ga98247ab4,decode128k_B1,decode,128k,1,dp0_pp0_tp6_dcp0_ep6_rank6.1791631409074913225.pt.trace.json.gz,6,decode_steps,50,50,0.0,1.0,8.119157600097656,10.52489918,1972.0,8.305846428384585,8.036277912281177,1.2942415400000002,1.0788800599999997,0.7262507199999999,0.01582314,1.02241932,0.43125744,0.23676478,3.514044600000001,1.4938804200000002,0.0,0.16187133999999997,0.0,0.54946582,"ms per step, GPU kernel sum on this rank (not wall time); decode span = start of step to start of next step",results/five-model-rerun-h100-v1/v4-0731/profiles/decode128k_B1.manifest.json
five-model-rerun-h100-v1,v4-0731,0.31.1rc1.dev260+ga98247ab4,decode128k_B1,decode,128k,1,dp0_pp0_tp7_dcp0_ep7_rank7.1791631409088553547.pt.trace.json.gz,7,decode_steps,50,50,0.0,1.0,8.09667716064453,10.5329017,1966.5,8.305846428384585,8.036277912281177,1.29087554,1.0754024199999999,0.7497354,0.01617356,1.02240642,0.43038772000000003,0.23530914000000003,3.5001079800000015,1.4964560199999997,0.0,0.16174207999999993,0.0,0.5543054199999998,"ms per step, GPU kernel sum on this rank (not wall time); decode span = start of step to start of next step",results/five-model-rerun-h100-v1/v4-0731/profiles/decode128k_B1.manifest.json
five-model-rerun-h100-v1,v4-0731,0.31.1rc1.dev260+ga98247ab4,decode128k_B8,decode,128k,8,dp0_pp0_tp0_dcp0_ep0_rank0.1791631498016021896.pt.trace.json.gz,0,decode_steps,50,50,0.0,8.0,12.035218999023437,15.389960259999995,1977.5,12.20769298319914,11.803582657215207,3.72140736,1.0446456,1.38577058,0.02133188,1.2680907000000001,0.81856562,0.26031023999999997,3.938771599999995,2.1562684,0.0,0.18300312000000005,0.0,0.5917951600000003,"ms per step, GPU kernel sum on this rank (not wall time); decode span = start of step to start of next step",results/five-model-rerun-h100-v1/v4-0731/profiles/decode128k_B8.manifest.json
five-model-rerun-h100-v1,v4-0731,0.31.1rc1.dev260+ga98247ab4,decode128k_B8,decode,128k,8,dp0_pp0_tp1_dcp0_ep1_rank1.1791631498022306043.pt.trace.json.gz,1,decode_steps,50,50,0.0,8.0,12.007020461425782,15.3999363,1973.32,12.20769298319914,11.803582657215207,3.69025658,1.02292922,1.4200693999999998,0.021217220000000002,1.2607966800000001,0.8195912599999999,0.25739848,3.930902519999999,2.19894646,0.0,0.18231171999999998,0.0,0.5955167600000002,"ms per step, GPU kernel sum on this rank (not wall time); decode span = start of step to start of next step",results/five-model-rerun-h100-v1/v4-0731/profiles/decode128k_B8.manifest.json
five-model-rerun-h100-v1,v4-0731,0.31.1rc1.dev260+ga98247ab4,decode128k_B8,decode,128k,8,dp0_pp0_tp2_dcp0_ep2_rank2.1791631498025833228.pt.trace.json.gz,2,decode_steps,50,50,0.0,8.0,12.003657099609375,15.382041820000001,1972.96,12.20769298319914,11.803582657215207,3.6718964,1.03597804,1.41453378,0.02137808,1.26344692,0.81513836,0.25702876,3.92998124,2.1942478200000006,0.0,0.18063469999999998,0.0,0.5977777200000002,"ms per step, GPU kernel sum on this rank (not wall time); decode span = start of step to start of next step",results/five-model-rerun-h100-v1/v4-0731/profiles/decode128k_B8.manifest.json
five-model-rerun-h100-v1,v4-0731,0.31.1rc1.dev260+ga98247ab4,decode128k_B8,decode,128k,8,dp0_pp0_tp3_dcp0_ep3_rank3.1791631498016806849.pt.trace.json.gz,3,decode_steps,50,50,0.0,8.0,12.00702617919922,15.320506519999999,1973.26,12.20769298319914,11.803582657215207,3.7434276,1.033061,1.34370468,0.02157348,1.2663315,0.8157475200000001,0.25688354,3.9480520599999984,2.1179533399999997,0.0,0.18070546000000004,0.0,0.5930663400000002,"ms per step, GPU kernel sum on this rank (not wall time); decode span = start of step to start of next step",results/five-model-rerun-h100-v1/v4-0731/profiles/decode128k_B8.manifest.json
five-model-rerun-h100-v1,v4-0731,0.31.1rc1.dev260+ga98247ab4,decode128k_B8,decode,128k,8,dp0_pp0_tp4_dcp0_ep4_rank4.1791631497960956974.pt.trace.json.gz,4,decode_steps,50,50,0.0,8.0,12.006825539550782,15.361691620000002,1973.3,12.20769298319914,11.803582657215207,3.7062208200000004,1.0445076599999998,1.37710104,0.02141594,1.2691947399999999,0.81890636,0.25786802000000003,3.941050000000002,2.14768144,0.0,0.18398175999999997,0.0,0.5937638399999999,"ms per step, GPU kernel sum on this rank (not wall time); decode span = start of step to start of next step",results/five-model-rerun-h100-v1/v4-0731/profiles/decode128k_B8.manifest.json
five-model-rerun-h100-v1,v4-0731,0.31.1rc1.dev260+ga98247ab4,decode128k_B8,decode,128k,8,dp0_pp0_tp5_dcp0_ep5_rank5.1791631497982370852.pt.trace.json.gz,5,decode_steps,50,50,0.0,8.0,12.0063966796875,15.359939780000001,1973.3,12.20769298319914,11.803582657215207,3.7157525199999997,1.0397802999999999,1.3803307599999999,0.02174374,1.2645084800000002,0.81457296,0.25690274,3.946982580000002,2.14515662,0.0,0.18094579999999996,0.0,0.5932632800000001,"ms per step, GPU kernel sum on this rank (not wall time); decode span = start of step to start of next step",results/five-model-rerun-h100-v1/v4-0731/profiles/decode128k_B8.manifest.json
five-model-rerun-h100-v1,v4-0731,0.31.1rc1.dev260+ga98247ab4,decode128k_B8,decode,128k,8,dp0_pp0_tp6_dcp0_ep6_rank6.1791631498018404906.pt.trace.json.gz,6,decode_steps,50,50,0.0,8.0,12.004695581054687,15.366174939999999,1973.16,12.20769298319914,11.803582657215207,3.6964002799999998,1.04094056,1.39811822,0.02110592,1.2638693799999998,0.8170034600000001,0.25753754,3.9272107399999987,2.1682167199999993,0.0,0.18360416000000002,0.0,0.5921679600000002,"ms per step, GPU kernel sum on this rank (not wall time); decode span = start of step to start of next step",results/five-model-rerun-h100-v1/v4-0731/profiles/decode128k_B8.manifest.json
five-model-rerun-h100-v1,v4-0731,0.31.1rc1.dev260+ga98247ab4,decode128k_B8,decode,128k,8,dp0_pp0_tp7_dcp0_ep7_rank7.1791631497969635315.pt.trace.json.gz,7,decode_steps,50,50,0.0,8.0,12.009406440429686,15.412565060000002,1973.82,12.20769298319914,11.803582657215207,3.6820050600000003,1.0314700399999999,1.43898848,0.02140034,1.2541356000000001,0.8148835999999998,0.25669298,3.9228795800000023,2.21467574,0.0,0.18106921999999995,0.0,0.5943644200000001,"ms per step, GPU kernel sum on this rank (not wall time); decode span = start of step to start of next step",results/five-model-rerun-h100-v1/v4-0731/profiles/decode128k_B8.manifest.json
five-model-rerun-h100-v1,v4-0731,0.31.1rc1.dev260+ga98247ab4,decode16k_B1,decode,16k,1,dp0_pp0_tp0_dcp0_ep0_rank0.1791631256084722689.pt.trace.json.gz,0,decode_steps,51,51,0.0,1.0,7.96158070523131,10.374084470588237,1971.686274509804,8.191313743591309,7.724484375544956,1.3006062745098041,0.9941296274509804,0.7348550196078432,0.015760098039215686,0.9657226862745099,0.40414203921568626,0.22493025490196075,3.5152235882352962,1.5058063137254907,0.0,0.1614469019607843,0.0,0.5514616666666663,"ms per step, GPU kernel sum on this rank (not wall time); decode span = start of step to start of next step",results/five-model-rerun-h100-v1/v4-0731/profiles/decode16k_B1.manifest.json
five-model-rerun-h100-v1,v4-0731,0.31.1rc1.dev260+ga98247ab4,decode16k_B1,decode,16k,1,dp0_pp0_tp1_dcp0_ep1_rank1.1791631256036771937.pt.trace.json.gz,1,decode_steps,51,51,0.0,1.0,7.981149823357077,10.397915137254902,1972.6666666666667,8.191313743591309,7.724484375544956,1.2898257647058824,0.9853975882352941,0.7743410392156863,0.01626123529411765,0.9635314117647057,0.40500486274509806,0.22293566666666667,3.505089019607844,1.5209932941176476,0.0,0.16273325490196078,0.0,0.551802,"ms per step, GPU kernel sum on this rank (not wall time); decode span = start of step to start of next step",results/five-model-rerun-h100-v1/v4-0731/profiles/decode16k_B1.manifest.json
five-model-rerun-h100-v1,v4-0731,0.31.1rc1.dev260+ga98247ab4,decode16k_B1,decode,16k,1,dp0_pp0_tp2_dcp0_ep2_rank2.1791631256048503642.pt.trace.json.gz,2,decode_steps,51,51,0.0,1.0,7.979754803825827,10.424247666666668,1972.6078431372548,8.191313743591309,7.724484375544956,1.2801980784313727,0.9830487647058822,0.7916381176470588,0.01611590196078431,0.9570457450980391,0.40429345098039216,0.22390113725490196,3.519051862745099,1.5390880196078438,0.0,0.15954645098039216,0.0,0.5503201372549019,"ms per step, GPU kernel sum on this rank (not wall time); decode span = start of step to start of next step",results/five-model-rerun-h100-v1/v4-0731/profiles/decode16k_B1.manifest.json
five-model-rerun-h100-v1,v4-0731,0.31.1rc1.dev260+ga98247ab4,decode16k_B1,decode,16k,1,dp0_pp0_tp3_dcp0_ep3_rank3.1791631256078979307.pt.trace.json.gz,3,decode_steps,51,51,0.0,1.0,7.93036286238128,10.381796000000001,1965.0588235294117,8.191313743591309,7.724484375544956,1.2839441764705883,0.982073862745098,0.7746881372549018,0.015928098039215684,0.9563300980392155,0.4046341960784314,0.2218229607843137,3.513226588235297,1.5201708039215684,0.0,0.1603795490196078,0.0,0.5485975294117645,"ms per step, GPU kernel sum on this rank (not wall time); decode span = start of step to start of next step",results/five-model-rerun-h100-v1/v4-0731/profiles/decode16k_B1.manifest.json
five-model-rerun-h100-v1,v4-0731,0.31.1rc1.dev260+ga98247ab4,decode16k_B1,decode,16k,1,dp0_pp0_tp4_dcp0_ep4_rank4.1791631255985726906.pt.trace.json.gz,4,decode_steps,51,51,0.0,1.0,7.986417607326133,10.42500868627451,1971.7058823529412,8.191313743591309,7.724484375544956,1.2768375294117646,0.9846145490196075,0.7930084509803921,0.015931627450980392,0.959033,0.4042905882352941,0.22262807843137256,3.511050411764707,1.5521016862745094,0.0,0.16006443137254897,0.0,0.5454483333333331,"ms per step, GPU kernel sum on this rank (not wall time); decode span = start of step to start of next step",results/five-model-rerun-h100-v1/v4-0731/profiles/decode16k_B1.manifest.json
five-model-rerun-h100-v1,v4-0731,0.31.1rc1.dev260+ga98247ab4,decode16k_B1,decode,16k,1,dp0_pp0_tp5_dcp0_ep5_rank5.1791631255992283834.pt.trace.json.gz,5,decode_steps,51,51,0.0,1.0,7.962931508980546,10.44783692156863,1971.6078431372548,8.191313743591309,7.724484375544956,1.277753588235294,0.9848822352941177,0.8002176078431371,0.016009333333333334,0.9620123725490197,0.40594133333333327,0.22390207843137255,3.530464784313728,1.5388357450980394,0.0,0.15974250980392157,0.0,0.5480753333333331,"ms per step, GPU kernel sum on this rank (not wall time); decode span = start of step to start of next step",results/five-model-rerun-h100-v1/v4-0731/profiles/decode16k_B1.manifest.json
five-model-rerun-h100-v1,v4-0731,0.31.1rc1.dev260+ga98247ab4,decode16k_B1,decode,16k,1,dp0_pp0_tp6_dcp0_ep6_rank6.1791631256013689147.pt.trace.json.gz,6,decode_steps,51,51,0.0,1.0,7.984161960975796,10.385196137254903,1972.5686274509803,8.191313743591309,7.724484375544956,1.29238,0.9874112941176469,0.7522663333333334,0.015989725490196078,0.9636519411764706,0.4050670980392157,0.22373999999999997,3.519809549019609,1.5162199215686278,0.0,0.16188845098039212,0.0,0.5467718235294118,"ms per step, GPU kernel sum on this rank (not wall time); decode span = start of step to start of next step",results/five-model-rerun-h100-v1/v4-0731/profiles/decode16k_B1.manifest.json
five-model-rerun-h100-v1,v4-0731,0.31.1rc1.dev260+ga98247ab4,decode16k_B1,decode,16k,1,dp0_pp0_tp7_dcp0_ep7_rank7.1791631255997024954.pt.trace.json.gz,7,decode_steps,51,51,0.0,1.0,7.98531478582644,10.416145450980393,1971.862745098039,8.191313743591309,7.724484375544956,1.2874791960784313,0.9843745686274507,0.7736703725490196,0.01631021568627451,0.978330156862745,0.4098957254901961,0.22486850980392156,3.5082663725490204,1.5189377843137253,0.0,0.16201431372549016,0.0,0.5519982352941174,"ms per step, GPU kernel sum on this rank (not wall time); decode span = start of step to start of next step",results/five-model-rerun-h100-v1/v4-0731/profiles/decode16k_B1.manifest.json
five-model-rerun-h100-v1,v4-0731,0.31.1rc1.dev260+ga98247ab4,decode16k_B8,decode,16k,8,dp0_pp0_tp0_dcp0_ep0_rank0.1791631289754477096.pt.trace.json.gz,0,decode_steps,52,52,0.0,8.0,11.382171633206882,14.579890250000002,1974.3653846153845,11.606380051257563,11.103094541109526,3.7259596923076925,0.9464618461538462,1.3418125576923075,0.021379211538461538,1.0453110576923077,0.5376955769230769,0.24342509615384617,3.848669326923078,2.108551038461538,0.0,0.183552173076923,0.0,0.5770726730769229,"ms per step, GPU kernel sum on this rank (not wall time); decode span = start of step to start of next step",results/five-model-rerun-h100-v1/v4-0731/profiles/decode16k_B8.manifest.json
five-model-rerun-h100-v1,v4-0731,0.31.1rc1.dev260+ga98247ab4,decode16k_B8,decode,16k,8,dp0_pp0_tp1_dcp0_ep1_rank1.1791631289733100918.pt.trace.json.gz,1,decode_steps,52,52,0.0,8.0,11.334392559344952,14.612419980769232,1969.9038461538462,11.606380051257563,11.103094541109526,3.6626172884615382,0.9224386538461538,1.4046675192307692,0.02134473076923077,1.0384002115384616,0.5342114615384616,0.2405583461538462,3.8462354615384635,2.1789163653846155,0.0,0.18321819230769226,0.0,0.57981175,"ms per step, GPU kernel sum on this rank (not wall time); decode span = start of step to start of next step",results/five-model-rerun-h100-v1/v4-0731/profiles/decode16k_B8.manifest.json
five-model-rerun-h100-v1,v4-0731,0.31.1rc1.dev260+ga98247ab4,decode16k_B8,decode,16k,8,dp0_pp0_tp2_dcp0_ep2_rank2.1791631289731463900.pt.trace.json.gz,2,decode_steps,52,52,0.0,8.0,11.334176325871395,14.525189788461542,1970.0192307692307,11.606380051257563,11.103094541109526,3.7309724230769232,0.9332176538461537,1.3223095576923076,0.021300596153846156,1.0356414615384617,0.531428326923077,0.2404004807692308,3.8526314807692335,2.0961121923076926,0.0,0.18194926923076915,0.0,0.5792263461538462,"ms per step, GPU kernel sum on this rank (not wall time); decode span = start of step to start of next step",results/five-model-rerun-h100-v1/v4-0731/profiles/decode16k_B8.manifest.json
five-model-rerun-h100-v1,v4-0731,0.31.1rc1.dev260+ga98247ab4,decode16k_B8,decode,16k,8,dp0_pp0_tp3_dcp0_ep3_rank3.1791631289696014404.pt.trace.json.gz,3,decode_steps,52,52,0.0,8.0,11.359104672945461,14.57680978846154,1974.2115384615386,11.606380051257563,11.103094541109526,3.717964769230769,0.932653596153846,1.3441397884615385,0.02125921153846154,1.0392363846153847,0.5333015,0.2430171153846154,3.8658382884615388,2.118351000000001,0.0,0.18232444230769224,0.0,0.5787236923076924,"ms per step, GPU kernel sum on this rank (not wall time); decode span = start of step to start of next step",results/five-model-rerun-h100-v1/v4-0731/profiles/decode16k_B8.manifest.json
five-model-rerun-h100-v1,v4-0731,0.31.1rc1.dev260+ga98247ab4,decode16k_B8,decode,16k,8,dp0_pp0_tp4_dcp0_ep4_rank4.1791631289717542525.pt.trace.json.gz,4,decode_steps,52,52,0.0,8.0,11.349009307861328,14.607735653846156,1972.0192307692307,11.606380051257563,11.103094541109526,3.6737598461538465,0.9454702884615382,1.3827456923076924,0.02145698076923077,1.0423573076923078,0.5358900961538461,0.24158238461538464,3.856526461538464,2.1467677884615384,0.0,0.18447561538461532,0.0,0.5767031923076921,"ms per step, GPU kernel sum on this rank (not wall time); decode span = start of step to start of next step",results/five-model-rerun-h100-v1/v4-0731/profiles/decode16k_B8.manifest.json
five-model-rerun-h100-v1,v4-0731,0.31.1rc1.dev260+ga98247ab4,decode16k_B8,decode,16k,8,dp0_pp0_tp5_dcp0_ep5_rank5.1791631289719424960.pt.trace.json.gz,5,decode_steps,52,52,0.0,8.0,11.35172909780649,14.591071846153849,1972.576923076923,11.606380051257563,11.103094541109526,3.702862038461539,0.9400154999999999,1.3654669807692308,0.021700346153846153,1.036964173076923,0.5344421153846154,0.2415890576923077,3.859166134615386,2.129529346153846,0.0,0.1818183076923076,0.0,0.577517846153846,"ms per step, GPU kernel sum on this rank (not wall time); decode span = start of step to start of next step",results/five-model-rerun-h100-v1/v4-0731/profiles/decode16k_B8.manifest.json
five-model-rerun-h100-v1,v4-0731,0.31.1rc1.dev260+ga98247ab4,decode16k_B8,decode,16k,8,dp0_pp0_tp6_dcp0_ep6_rank6.1791631289658528791.pt.trace.json.gz,6,decode_steps,52,52,0.0,8.0,11.39011182814378,14.626837615384614,1974.2307692307693,11.606380051257563,11.103094541109526,3.6801464999999998,0.9430807692307691,1.3836077884615383,0.021231826923076923,1.0434957115384615,0.5372626923076923,0.24344594230769234,3.858916346153847,2.1530175384615378,0.0,0.1847730961538461,0.0,0.5778594038461535,"ms per step, GPU kernel sum on this rank (not wall time); decode span = start of step to start of next step",results/five-model-rerun-h100-v1/v4-0731/profiles/decode16k_B8.manifest.json
five-model-rerun-h100-v1,v4-0731,0.31.1rc1.dev260+ga98247ab4,decode16k_B8,decode,16k,8,dp0_pp0_tp7_dcp0_ep7_rank7.1791631289689751818.pt.trace.json.gz,7,decode_steps,52,52,0.0,8.0,11.36559301992563,14.642321423076925,1974.5,11.606380051257563,11.103094541109526,3.678037615384615,0.9317765192307692,1.4113305192307695,0.021370865384615387,1.031155596153846,0.5351473269230769,0.2425796153846154,3.843475519230772,2.1853052307692313,0.0,0.18230728846153837,0.0,0.5798353269230769,"ms per step, GPU kernel sum on this rank (not wall time); decode span = start of step to start of next step",results/five-model-rerun-h100-v1/v4-0731/profiles/decode16k_B8.manifest.json
five-model-rerun-h100-v1,v4-0731,0.31.1rc1.dev260+ga98247ab4,decode1k_B1,decode,1k,1,dp0_pp0_tp0_dcp0_ep0_rank0.1791631202449861369.pt.trace.json.gz,0,decode_steps,50,50,0.0,1.0,7.8684627807617185,10.302114880000001,1972.26,8.369285233166753,7.639477438960515,1.2903035399999998,0.8914861599999999,0.75244214,0.0161388,0.9678488799999999,0.40872152,0.22476464,3.5096971400000028,1.5256211599999998,0.0,0.16078333999999997,0.0,0.5543075599999999,"ms per step, GPU kernel sum on this rank (not wall time); decode span = start of step to start of next step",results/five-model-rerun-h100-v1/v4-0731/profiles/decode1k_B1.manifest.json
five-model-rerun-h100-v1,v4-0731,0.31.1rc1.dev260+ga98247ab4,decode1k_B1,decode,1k,1,dp0_pp0_tp1_dcp0_ep1_rank1.1791631202453000670.pt.trace.json.gz,1,decode_steps,50,50,0.0,1.0,7.847831501464843,10.28597156,1967.18,8.369285233166753,7.639477438960515,1.28626478,0.8823327799999998,0.77110258,0.01626092,0.96455168,0.40657911999999996,0.22127456,3.49871058,1.5220434600000001,0.0,0.16210179999999996,0.0,0.5547493,"ms per step, GPU kernel sum on this rank (not wall time); decode span = start of step to start of next step",results/five-model-rerun-h100-v1/v4-0731/profiles/decode1k_B1.manifest.json
five-model-rerun-h100-v1,v4-0731,0.31.1rc1.dev260+ga98247ab4,decode1k_B1,decode,1k,1,dp0_pp0_tp2_dcp0_ep2_rank2.1791631202466156043.pt.trace.json.gz,2,decode_steps,50,50,0.0,1.0,7.880984580078125,10.337023180000001,1973.96,8.369285233166753,7.639477438960515,1.2861913,0.8840165599999998,0.77362082,0.0162316,0.9619120800000001,0.40926811999999996,0.22538364000000002,3.5344128000000024,1.5290843599999997,0.0,0.16159959999999998,0.0,0.5553023,"ms per step, GPU kernel sum on this rank (not wall time); decode span = start of step to start of next step",results/five-model-rerun-h100-v1/v4-0731/profiles/decode1k_B1.manifest.json
five-model-rerun-h100-v1,v4-0731,0.31.1rc1.dev260+ga98247ab4,decode1k_B1,decode,1k,1,dp0_pp0_tp3_dcp0_ep3_rank3.1791631202484773552.pt.trace.json.gz,3,decode_steps,50,50,0.0,1.0,7.842404680175781,10.298851260000001,1965.86,8.369285233166753,7.639477438960515,1.2764808,0.87974734,0.77512996,0.01640352,0.95916228,0.40727662000000003,0.22311186000000002,3.51949166,1.5258589000000002,0.0,0.16190556,0.0,0.5542827600000001,"ms per step, GPU kernel sum on this rank (not wall time); decode span = start of step to start of next step",results/five-model-rerun-h100-v1/v4-0731/profiles/decode1k_B1.manifest.json
five-model-rerun-h100-v1,v4-0731,0.31.1rc1.dev260+ga98247ab4,decode1k_B1,decode,1k,1,dp0_pp0_tp4_dcp0_ep4_rank4.1791631202427172770.pt.trace.json.gz,4,decode_steps,50,50,0.0,1.0,7.833780261230469,10.27917304,1963.74,8.369285233166753,7.639477438960515,1.27490446,0.88095434,0.77170816,0.01630654,0.9596530200000001,0.4052954,0.22213842000000003,3.50177656,1.5352025799999995,0.0,0.16094425999999998,0.0,0.5502893,"ms per step, GPU kernel sum on this rank (not wall time); decode span = start of step to start of next step",results/five-model-rerun-h100-v1/v4-0731/profiles/decode1k_B1.manifest.json
five-model-rerun-h100-v1,v4-0731,0.31.1rc1.dev260+ga98247ab4,decode1k_B1,decode,1k,1,dp0_pp0_tp5_dcp0_ep5_rank5.1791631202412854102.pt.trace.json.gz,5,decode_steps,50,50,0.0,1.0,7.866356801757812,10.34527714,1971.72,8.369285233166753,7.639477438960515,1.2844248999999999,0.88279084,0.78513358,0.01751906,0.9623910800000001,0.40772206,0.22360238000000002,3.53832004,1.5280786200000003,0.0,0.1617743,0.0,0.5535202800000001,"ms per step, GPU kernel sum on this rank (not wall time); decode span = start of step to start of next step",results/five-model-rerun-h100-v1/v4-0731/profiles/decode1k_B1.manifest.json
five-model-rerun-h100-v1,v4-0731,0.31.1rc1.dev260+ga98247ab4,decode1k_B1,decode,1k,1,dp0_pp0_tp6_dcp0_ep6_rank6.1791631202407586062.pt.trace.json.gz,6,decode_steps,50,50,0.0,1.0,7.9123326586914065,10.31952736,1973.82,8.369285233166753,7.639477438960515,1.28617604,0.8866918799999999,0.75737228,0.01607928,0.96714764,0.4088701999999999,0.22543340000000003,3.5282480200000004,1.5286081799999998,0.0,0.16261488,0.0,0.5522855600000001,"ms per step, GPU kernel sum on this rank (not wall time); decode span = start of step to start of next step",results/five-model-rerun-h100-v1/v4-0731/profiles/decode1k_B1.manifest.json
five-model-rerun-h100-v1,v4-0731,0.31.1rc1.dev260+ga98247ab4,decode1k_B1,decode,1k,1,dp0_pp0_tp7_dcp0_ep7_rank7.1791631202415084156.pt.trace.json.gz,7,decode_steps,50,50,0.0,1.0,7.864035979003907,10.315158060000003,1970.72,8.369285233166753,7.639477438960515,1.3002702,0.88594514,0.7618993199999999,0.01705058,0.9640615,0.40908866000000005,0.22428484,3.5213407000000023,1.5136220000000007,0.0,0.16403614,0.0,0.5535589800000001,"ms per step, GPU kernel sum on this rank (not wall time); decode span = start of step to start of next step",results/five-model-rerun-h100-v1/v4-0731/profiles/decode1k_B1.manifest.json
five-model-rerun-h100-v1,v4-0731,0.31.1rc1.dev260+ga98247ab4,decode1k_B8,decode,1k,8,dp0_pp0_tp0_dcp0_ep0_rank0.1791631229207145545.pt.trace.json.gz,0,decode_steps,49,49,0.0,8.0,11.22708608199139,14.52944014285715,1977.6734693877552,11.340503891309103,10.971469145554762,3.659047326530612,0.8399477346938773,1.3850792244897958,0.021250673469387756,1.0033999387755104,0.5442076326530612,0.24349873469387756,3.9242687346938845,2.1504635510204078,0.0,0.18316308163265305,0.0,0.5751135102040814,"ms per step, GPU kernel sum on this rank (not wall time); decode span = start of step to start of next step",results/five-model-rerun-h100-v1/v4-0731/profiles/decode1k_B8.manifest.json
five-model-rerun-h100-v1,v4-0731,0.31.1rc1.dev260+ga98247ab4,decode1k_B8,decode,1k,8,dp0_pp0_tp1_dcp0_ep1_rank1.1791631229211795841.pt.trace.json.gz,1,decode_steps,49,49,0.0,8.0,11.220186652981505,14.544473693877553,1975.7142857142858,11.340503891309103,10.971469145554762,3.649560306122449,0.8223704897959184,1.3903941428571427,0.021402428571428572,1.004717387755102,0.546944612244898,0.242333693877551,3.936231408163267,2.1672720612244905,0.0,0.18367467346938776,0.0,0.5795724897959187,"ms per step, GPU kernel sum on this rank (not wall time); decode span = start of step to start of next step",results/five-model-rerun-h100-v1/v4-0731/profiles/decode1k_B8.manifest.json
five-model-rerun-h100-v1,v4-0731,0.31.1rc1.dev260+ga98247ab4,decode1k_B8,decode,1k,8,dp0_pp0_tp2_dcp0_ep2_rank2.1791631229214546847.pt.trace.json.gz,2,decode_steps,49,49,0.0,8.0,11.192719427614795,14.49975506122449,1969.8367346938776,11.340503891309103,10.971469145554762,3.6374589795918366,0.825455857142857,1.3804780408163264,0.021739673469387755,0.9965578163265306,0.5460326326530612,0.23949344897959185,3.9416212857142874,2.1528688163265306,0.0,0.1821422653061224,0.0,0.575906244897959,"ms per step, GPU kernel sum on this rank (not wall time); decode span = start of step to start of next step",results/five-model-rerun-h100-v1/v4-0731/profiles/decode1k_B8.manifest.json
five-model-rerun-h100-v1,v4-0731,0.31.1rc1.dev260+ga98247ab4,decode1k_B8,decode,1k,8,dp0_pp0_tp3_dcp0_ep3_rank3.1791631229205264379.pt.trace.json.gz,3,decode_steps,49,49,0.0,8.0,11.222763081453285,14.548245448979591,1974.4897959183672,11.340503891309103,10.971469145554762,3.6368408775510206,0.8271651428571426,1.3978249591836736,0.021438,0.9992551020408162,0.5460865102040816,0.24116902040816326,3.9484249795918376,2.171752795918367,0.0,0.1818431836734693,0.0,0.5764448775510203,"ms per step, GPU kernel sum on this rank (not wall time); decode span = start of step to start of next step",results/five-model-rerun-h100-v1/v4-0731/profiles/decode1k_B8.manifest.json
five-model-rerun-h100-v1,v4-0731,0.31.1rc1.dev260+ga98247ab4,decode1k_B8,decode,1k,8,dp0_pp0_tp4_dcp0_ep4_rank4.1791631229184920271.pt.trace.json.gz,4,decode_steps,49,49,0.0,8.0,11.21523604163345,14.610084999999996,1974.3877551020407,11.340503891309103,10.971469145554762,3.5701935102040814,0.8360246530612248,1.4638038775510203,0.021838632653061223,1.001346918367347,0.5445546326530613,0.24169838775510202,3.941864653061221,2.227788632653061,0.0,0.18306316326530614,0.0,0.5779079387755106,"ms per step, GPU kernel sum on this rank (not wall time); decode span = start of step to start of next step",results/five-model-rerun-h100-v1/v4-0731/profiles/decode1k_B8.manifest.json
five-model-rerun-h100-v1,v4-0731,0.31.1rc1.dev260+ga98247ab4,decode1k_B8,decode,1k,8,dp0_pp0_tp5_dcp0_ep5_rank5.1791631229182956698.pt.trace.json.gz,5,decode_steps,49,49,0.0,8.0,11.21502263283243,14.425072938775513,1974.9591836734694,11.340503891309103,10.971469145554762,3.749417408163265,0.8328802857142857,1.2783584489795918,0.02130110204081633,1.0014043469387754,0.5436554897959184,0.24152197959183672,3.955800938775513,2.0416966122448987,0.0,0.18260291836734696,0.0,0.5764334081632655,"ms per step, GPU kernel sum on this rank (not wall time); decode span = start of step to start of next step",results/five-model-rerun-h100-v1/v4-0731/profiles/decode1k_B8.manifest.json
five-model-rerun-h100-v1,v4-0731,0.31.1rc1.dev260+ga98247ab4,decode1k_B8,decode,1k,8,dp0_pp0_tp6_dcp0_ep6_rank6.1791631229197262258.pt.trace.json.gz,6,decode_steps,49,49,0.0,8.0,11.21420967444595,14.507277693877553,1974.142857142857,11.340503891309103,10.971469145554762,3.6663738571428572,0.8355348979591837,1.3620521428571428,0.021137122448979594,1.0014804897959184,0.5483481836734694,0.2417031632653061,3.941115489795918,2.1296385918367355,0.0,0.18437942857142853,0.0,0.5755143265306123,"ms per step, GPU kernel sum on this rank (not wall time); decode span = start of step to start of next step",results/five-model-rerun-h100-v1/v4-0731/profiles/decode1k_B8.manifest.json
five-model-rerun-h100-v1,v4-0731,0.31.1rc1.dev260+ga98247ab4,decode1k_B8,decode,1k,8,dp0_pp0_tp7_dcp0_ep7_rank7.1791631229178289082.pt.trace.json.gz,7,decode_steps,49,49,0.0,8.0,11.215756325235173,14.547995755102034,1974.408163265306,11.340503891309103,10.971469145554762,3.6405751632653063,0.8264430000000003,1.4069128979591836,0.02159669387755102,0.9971245306122449,0.5471900612244898,0.24149063265306123,3.92394546938775,2.1814166122448975,0.0,0.1820731428571429,0.0,0.5792275510204085,"ms per step, GPU kernel sum on this rank (not wall time); decode span = start of step to start of next step",results/five-model-rerun-h100-v1/v4-0731/profiles/decode1k_B8.manifest.json
five-model-rerun-h100-v1,v4-0731,0.31.1rc1.dev260+ga98247ab4,decode64k_B1,decode,64k,1,dp0_pp0_tp0_dcp0_ep0_rank0.1791631320774478926.pt.trace.json.gz,0,decode_steps,50,50,0.0,1.0,8.075553999023438,10.51117662,1970.48,8.325883320399694,7.882318357481574,1.2948186200000003,1.07741904,0.74935074,0.01579916,0.9929065000000001,0.41776852,0.22933748,3.506373920000002,1.51757958,0.0,0.16054975999999999,0.0,0.5492732999999997,"ms per step, GPU kernel sum on this rank (not wall time); decode span = start of step to start of next step",results/five-model-rerun-h100-v1/v4-0731/profiles/decode64k_B1.manifest.json
five-model-rerun-h100-v1,v4-0731,0.31.1rc1.dev260+ga98247ab4,decode64k_B1,decode,64k,1,dp0_pp0_tp1_dcp0_ep1_rank1.1791631320771194953.pt.trace.json.gz,1,decode_steps,50,50,0.0,1.0,8.067396218261718,10.509708960000001,1968.62,8.325883320399694,7.882318357481574,1.2889728400000002,1.0703810000000002,0.7673149000000001,0.01597094,0.9900595600000002,0.42047796,0.22557106000000002,3.5005117200000018,1.5162509199999996,0.0,0.16246359999999996,0.0,0.5517344599999998,"ms per step, GPU kernel sum on this rank (not wall time); decode span = start of step to start of next step",results/five-model-rerun-h100-v1/v4-0731/profiles/decode64k_B1.manifest.json
five-model-rerun-h100-v1,v4-0731,0.31.1rc1.dev260+ga98247ab4,decode64k_B1,decode,64k,1,dp0_pp0_tp2_dcp0_ep2_rank2.1791631320779414370.pt.trace.json.gz,2,decode_steps,50,50,0.0,1.0,8.093391921386718,10.547703040000002,1972.0,8.325883320399694,7.882318357481574,1.28090686,1.0667454599999997,0.78520422,0.01617432,0.9848910799999999,0.42042496,0.22928610000000002,3.514161140000001,1.5370202199999996,0.0,0.16018755999999995,0.0,0.5527011199999997,"ms per step, GPU kernel sum on this rank (not wall time); decode span = start of step to start of next step",results/five-model-rerun-h100-v1/v4-0731/profiles/decode64k_B1.manifest.json
five-model-rerun-h100-v1,v4-0731,0.31.1rc1.dev260+ga98247ab4,decode64k_B1,decode,64k,1,dp0_pp0_tp3_dcp0_ep3_rank3.1791631320792175184.pt.trace.json.gz,3,decode_steps,50,50,0.0,1.0,8.070190979003906,10.528728080000002,1969.04,8.325883320399694,7.882318357481574,1.2883410999999998,1.0692746400000004,0.7736814599999999,0.01588278,0.9845718799999998,0.41994561999999996,0.22788,3.5150680200000037,1.5231195400000002,0.0,0.16108009999999998,0.0,0.5498829399999998,"ms per step, GPU kernel sum on this rank (not wall time); decode span = start of step to start of next step",results/five-model-rerun-h100-v1/v4-0731/profiles/decode64k_B1.manifest.json
five-model-rerun-h100-v1,v4-0731,0.31.1rc1.dev260+ga98247ab4,decode64k_B1,decode,64k,1,dp0_pp0_tp4_dcp0_ep4_rank4.1791631320733780277.pt.trace.json.gz,4,decode_steps,50,50,0.0,1.0,8.098709899902344,10.532345920000001,1972.24,8.325883320399694,7.882318357481574,1.2807821,1.0713225599999996,0.7665866800000001,0.01608854,0.98834554,0.41999064,0.22957412000000002,3.5168019200000007,1.53247488,0.0,0.16026639999999998,0.0,0.5501125399999999,"ms per step, GPU kernel sum on this rank (not wall time); decode span = start of step to start of next step",results/five-model-rerun-h100-v1/v4-0731/profiles/decode64k_B1.manifest.json
five-model-rerun-h100-v1,v4-0731,0.31.1rc1.dev260+ga98247ab4,decode64k_B1,decode,64k,1,dp0_pp0_tp5_dcp0_ep5_rank5.1791631320735450473.pt.trace.json.gz,5,decode_steps,50,50,0.0,1.0,8.09854949951172,10.561260520000003,1971.58,8.325883320399694,7.882318357481574,1.2880641599999998,1.0701878000000002,0.77957452,0.0162083,0.98988908,0.42128212,0.22967482,3.532320180000003,1.5219136800000004,0.0,0.16093074,0.0,0.5512151199999998,"ms per step, GPU kernel sum on this rank (not wall time); decode span = start of step to start of next step",results/five-model-rerun-h100-v1/v4-0731/profiles/decode64k_B1.manifest.json
five-model-rerun-h100-v1,v4-0731,0.31.1rc1.dev260+ga98247ab4,decode64k_B1,decode,64k,1,dp0_pp0_tp6_dcp0_ep6_rank6.1791631320803088932.pt.trace.json.gz,6,decode_steps,50,50,0.0,1.0,8.056671520996094,10.47776126,1965.98,8.325883320399694,7.882318357481574,1.29653852,1.06917482,0.74252796,0.01606658,0.98756324,0.41892502,0.22676542000000002,3.5044499200000003,1.5077202199999997,0.0,0.16129367999999997,0.0,0.5467358799999998,"ms per step, GPU kernel sum on this rank (not wall time); decode span = start of step to start of next step",results/five-model-rerun-h100-v1/v4-0731/profiles/decode64k_B1.manifest.json
five-model-rerun-h100-v1,v4-0731,0.31.1rc1.dev260+ga98247ab4,decode64k_B1,decode,64k,1,dp0_pp0_tp7_dcp0_ep7_rank7.1791631320766577330.pt.trace.json.gz,7,decode_steps,50,50,0.0,1.0,8.055256079101563,10.517829979999998,1966.16,8.325883320399694,7.882318357481574,1.28929048,1.0669075399999999,0.7738950800000001,0.01626646,0.9865470399999999,0.41970808000000004,0.22812923999999998,3.5023910000000003,1.5204785799999998,0.0,0.16223353999999998,0.0,0.5519829399999999,"ms per step, GPU kernel sum on this rank (not wall time); decode span = start of step to start of next step",results/five-model-rerun-h100-v1/v4-0731/profiles/decode64k_B1.manifest.json
five-model-rerun-h100-v1,v4-0731,0.31.1rc1.dev260+ga98247ab4,decode64k_B8,decode,64k,8,dp0_pp0_tp0_dcp0_ep0_rank0.1791631374302931586.pt.trace.json.gz,0,decode_steps,50,50,0.0,8.0,11.738489499511719,15.007268220000004,1976.32,11.894595866300621,11.487188195823727,3.76116996,1.0333145000000001,1.3375540000000001,0.021611159999999997,1.11374724,0.68260632,0.2520894,3.9295814400000015,2.10943694,0.0,0.184173,0.0,0.5819842600000001,"ms per step, GPU kernel sum on this rank (not wall time); decode span = start of step to start of next step",results/five-model-rerun-h100-v1/v4-0731/profiles/decode64k_B8.manifest.json
five-model-rerun-h100-v1,v4-0731,0.31.1rc1.dev260+ga98247ab4,decode64k_B8,decode,64k,8,dp0_pp0_tp1_dcp0_ep1_rank1.1791631374334677879.pt.trace.json.gz,1,decode_steps,50,50,0.0,8.0,11.688863540039062,15.090068120000002,1972.16,11.894595866300621,11.487188195823727,3.6526030200000004,1.01753084,1.44625316,0.02141664,1.11359724,0.67965738,0.2491929,3.9168831600000003,2.2249244400000006,0.0,0.18253476000000002,0.0,0.5854745800000003,"ms per step, GPU kernel sum on this rank (not wall time); decode span = start of step to start of next step",results/five-model-rerun-h100-v1/v4-0731/profiles/decode64k_B8.manifest.json
five-model-rerun-h100-v1,v4-0731,0.31.1rc1.dev260+ga98247ab4,decode64k_B8,decode,64k,8,dp0_pp0_tp2_dcp0_ep2_rank2.1791631374343006549.pt.trace.json.gz,2,decode_steps,50,50,0.0,8.0,11.682785720214845,14.953489159999997,1970.94,11.894595866300621,11.487188195823727,3.7651612799999996,1.02246722,1.3214428200000001,0.02141966,1.10239468,0.67763342,0.24849311999999998,3.9269323399999974,2.0997144399999996,0.0,0.18219668000000003,0.0,0.5856335000000003,"ms per step, GPU kernel sum on this rank (not wall time); decode span = start of step to start of next step",results/five-model-rerun-h100-v1/v4-0731/profiles/decode64k_B8.manifest.json
five-model-rerun-h100-v1,v4-0731,0.31.1rc1.dev260+ga98247ab4,decode64k_B8,decode,64k,8,dp0_pp0_tp3_dcp0_ep3_rank3.1791631374324563492.pt.trace.json.gz,3,decode_steps,50,50,0.0,8.0,11.709645561523438,15.075932099999996,1975.4,11.894595866300621,11.487188195823727,3.69278312,1.02339224,1.4031851,0.02154914,1.1069910399999998,0.6811927400000001,0.25002053999999996,3.9523984999999966,2.1786377399999997,0.0,0.18185240000000003,0.0,0.5839295400000004,"ms per step, GPU kernel sum on this rank (not wall time); decode span = start of step to start of next step",results/five-model-rerun-h100-v1/v4-0731/profiles/decode64k_B8.manifest.json
five-model-rerun-h100-v1,v4-0731,0.31.1rc1.dev260+ga98247ab4,decode64k_B8,decode,64k,8,dp0_pp0_tp4_dcp0_ep4_rank4.1791631374343294285.pt.trace.json.gz,4,decode_steps,50,50,0.0,8.0,11.68684833984375,15.031018140000004,1972.14,11.894595866300621,11.487188195823727,3.7020853200000006,1.03034158,1.38346296,0.02136014,1.10810574,0.68228828,0.24924014000000003,3.9354551400000033,2.15193324,0.0,0.18446934000000004,0.0,0.5822762600000001,"ms per step, GPU kernel sum on this rank (not wall time); decode span = start of step to start of next step",results/five-model-rerun-h100-v1/v4-0731/profiles/decode64k_B8.manifest.json
five-model-rerun-h100-v1,v4-0731,0.31.1rc1.dev260+ga98247ab4,decode64k_B8,decode,64k,8,dp0_pp0_tp5_dcp0_ep5_rank5.1791631374350747017.pt.trace.json.gz,5,decode_steps,50,50,0.0,8.0,11.69064423828125,15.005053080000003,1973.1,11.894595866300621,11.487188195823727,3.7334605400000003,1.0262398599999998,1.35787614,0.02141142,1.10595788,0.6771389800000001,0.24868392000000003,3.9449836400000025,2.1242535599999997,0.0,0.18176694,0.0,0.5832802,"ms per step, GPU kernel sum on this rank (not wall time); decode span = start of step to start of next step",results/five-model-rerun-h100-v1/v4-0731/profiles/decode64k_B8.manifest.json
five-model-rerun-h100-v1,v4-0731,0.31.1rc1.dev260+ga98247ab4,decode64k_B8,decode,64k,8,dp0_pp0_tp6_dcp0_ep6_rank6.1791631374348463396.pt.trace.json.gz,6,decode_steps,50,50,0.0,8.0,11.68081919921875,15.029090179999995,1970.68,11.894595866300621,11.487188195823727,3.69161642,1.0303967199999997,1.3930546000000001,0.02117354,1.10820122,0.68043044,0.24884,3.9236790199999967,2.1652213199999997,0.0,0.18446174000000004,0.0,0.5820151600000003,"ms per step, GPU kernel sum on this rank (not wall time); decode span = start of step to start of next step",results/five-model-rerun-h100-v1/v4-0731/profiles/decode64k_B8.manifest.json
five-model-rerun-h100-v1,v4-0731,0.31.1rc1.dev260+ga98247ab4,decode64k_B8,decode,64k,8,dp0_pp0_tp7_dcp0_ep7_rank7.1791631374317609508.pt.trace.json.gz,7,decode_steps,50,50,0.0,8.0,11.729501101074218,15.10926156,1976.32,11.894595866300621,11.487188195823727,3.6775893600000003,1.0212122,1.4417402799999999,0.0213913,1.10240234,0.68093644,0.25091442,3.925561240000001,2.22021526,0.0,0.18221922,0.0,0.5850795000000002,"ms per step, GPU kernel sum on this rank (not wall time); decode span = start of step to start of next step",results/five-model-rerun-h100-v1/v4-0731/profiles/decode64k_B8.manifest.json
five-model-rerun-h100-v1,v4-0731,0.31.1rc1.dev260+ga98247ab4,prefill128k,prefill,128k,1,dp0_pp0_tp0_dcp0_ep0_rank0.1791631594838828664.pt.trace.json.gz,0,first_chunk,1,23,8192.0,0.0,353.99588500976563,337.2352090000001,2261.0,,,153.52875300000005,3.066257000000002,29.848589000000008,0.0,40.940378999999986,6.346889000000001,14.318180000000002,39.339068000000026,27.899009000000007,0.0,10.805011999999985,0.0,11.143073000000003,"ms per step, GPU kernel sum on this rank (not wall time); decode span = start of step to start of next step",results/five-model-rerun-h100-v1/v4-0731/profiles/prefill128k.manifest.json
five-model-rerun-h100-v1,v4-0731,0.31.1rc1.dev260+ga98247ab4,prefill128k,prefill,128k,1,dp0_pp0_tp0_dcp0_ep0_rank0.1791631594838828664.pt.trace.json.gz,0,last_full_chunk,1,23,8192.0,0.0,494.9964100341797,485.434648,2305.0,,,156.70863000000003,3.0685220000000006,59.27914199999999,0.0,71.364599,90.17749400000001,14.486170000000001,39.88366899999996,27.902564999999985,0.0,10.939356000000005,0.0,11.624501000000002,"ms per step, GPU kernel sum on this rank (not wall time); decode span = start of step to start of next step",results/five-model-rerun-h100-v1/v4-0731/profiles/prefill128k.manifest.json
five-model-rerun-h100-v1,v4-0731,0.31.1rc1.dev260+ga98247ab4,prefill128k,prefill,128k,1,dp0_pp0_tp1_dcp0_ep1_rank1.1791631594760330825.pt.trace.json.gz,1,first_chunk,1,23,8192.0,0.0,355.28174096679686,340.298152,2261.0,,,157.46169800000004,3.0909260000000023,28.328600000000016,0.0,41.32152099999999,6.424097999999999,14.138036,39.55336899999997,27.903950000000016,0.0,10.911937999999992,0.0,11.164016000000007,"ms per step, GPU kernel sum on this rank (not wall time); decode span = start of step to start of next step",results/five-model-rerun-h100-v1/v4-0731/profiles/prefill128k.manifest.json
five-model-rerun-h100-v1,v4-0731,0.31.1rc1.dev260+ga98247ab4,prefill128k,prefill,128k,1,dp0_pp0_tp1_dcp0_ep1_rank1.1791631594760330825.pt.trace.json.gz,1,last_full_chunk,1,23,8192.0,0.0,494.9998270263672,485.251666,2305.0,,,165.709575,3.118526000000002,41.757666,0.0,75.85573,93.02839300000005,14.225166000000002,40.71758999999998,27.93502500000001,0.0,11.32031100000001,0.0,11.58368399999999,"ms per step, GPU kernel sum on this rank (not wall time); decode span = start of step to start of next step",results/five-model-rerun-h100-v1/v4-0731/profiles/prefill128k.manifest.json
five-model-rerun-h100-v1,v4-0731,0.31.1rc1.dev260+ga98247ab4,prefill128k,prefill,128k,1,dp0_pp0_tp2_dcp0_ep2_rank2.1791631594727474824.pt.trace.json.gz,2,first_chunk,1,23,8192.0,0.0,353.6718079833984,337.772568,2261.0,,,155.14014699999998,3.0663030000000004,28.987139999999997,0.0,40.949820999999986,6.389873999999996,14.117952000000006,39.277517,27.909467999999997,0.0,10.800107999999998,0.0,11.134238000000007,"ms per step, GPU kernel sum on this rank (not wall time); decode span = start of step to start of next step",results/five-model-rerun-h100-v1/v4-0731/profiles/prefill128k.manifest.json
five-model-rerun-h100-v1,v4-0731,0.31.1rc1.dev260+ga98247ab4,prefill128k,prefill,128k,1,dp0_pp0_tp2_dcp0_ep2_rank2.1791631594727474824.pt.trace.json.gz,2,last_full_chunk,1,23,8192.0,0.0,495.00164099121093,485.2395669999999,2305.0,,,157.3750069999999,3.0731050000000013,57.953520000000005,0.0,71.60923099999998,90.597402,14.278358000000003,39.87474800000001,27.917513999999994,0.0,10.946856999999994,0.0,11.61382500000001,"ms per step, GPU kernel sum on this rank (not wall time); decode span = start of step to start of next step",results/five-model-rerun-h100-v1/v4-0731/profiles/prefill128k.manifest.json
five-model-rerun-h100-v1,v4-0731,0.31.1rc1.dev260+ga98247ab4,prefill128k,prefill,128k,1,dp0_pp0_tp3_dcp0_ep3_rank3.1791631594704910686.pt.trace.json.gz,3,first_chunk,1,23,8192.0,0.0,356.17019299316405,340.693844,2261.0,,,157.15635300000005,3.055373,28.877129999999994,0.0,41.579878,6.428904999999997,14.146716999999999,39.50648099999999,27.91986,0.0,10.878991999999997,0.0,11.14415500000001,"ms per step, GPU kernel sum on this rank (not wall time); decode span = start of step to start of next step",results/five-model-rerun-h100-v1/v4-0731/profiles/prefill128k.manifest.json
five-model-rerun-h100-v1,v4-0731,0.31.1rc1.dev260+ga98247ab4,prefill128k,prefill,128k,1,dp0_pp0_tp3_dcp0_ep3_rank3.1791631594704910686.pt.trace.json.gz,3,last_full_chunk,1,23,8192.0,0.0,495.01411499023436,485.29532499999993,2305.0,,,160.46882299999996,3.0832360000000034,52.36806800000001,0.0,73.047388,91.348383,14.254466000000004,40.06677900000002,27.933873000000002,0.0,11.105807,0.0,11.618501999999994,"ms per step, GPU kernel sum on this rank (not wall time); decode span = start of step to start of next step",results/five-model-rerun-h100-v1/v4-0731/profiles/prefill128k.manifest.json
five-model-rerun-h100-v1,v4-0731,0.31.1rc1.dev260+ga98247ab4,prefill128k,prefill,128k,1,dp0_pp0_tp4_dcp0_ep4_rank4.1791631594756061308.pt.trace.json.gz,4,first_chunk,1,23,8192.0,0.0,355.9759599609375,342.0983109999999,2261.0,,,157.050313,3.0711550000000023,30.440549000000008,0.0,41.52564,6.451801999999999,14.128757999999998,39.468260999999956,27.916220999999993,0.0,10.910379000000004,0.0,11.135233000000003,"ms per step, GPU kernel sum on this rank (not wall time); decode span = start of step to start of next step",results/five-model-rerun-h100-v1/v4-0731/profiles/prefill128k.manifest.json
five-model-rerun-h100-v1,v4-0731,0.31.1rc1.dev260+ga98247ab4,prefill128k,prefill,128k,1,dp0_pp0_tp4_dcp0_ep4_rank4.1791631594756061308.pt.trace.json.gz,4,last_full_chunk,1,23,8192.0,0.0,494.9926739501953,485.228083,2305.0,,,161.37618300000008,3.1108690000000023,50.36903200000002,0.0,73.42369500000001,91.75672999999999,14.314912,40.17626799999999,27.92838999999999,0.0,11.168767999999995,0.0,11.603235999999987,"ms per step, GPU kernel sum on this rank (not wall time); decode span = start of step to start of next step",results/five-model-rerun-h100-v1/v4-0731/profiles/prefill128k.manifest.json
five-model-rerun-h100-v1,v4-0731,0.31.1rc1.dev260+ga98247ab4,prefill128k,prefill,128k,1,dp0_pp0_tp5_dcp0_ep5_rank5.1791631594664911890.pt.trace.json.gz,5,first_chunk,1,23,8192.0,0.0,356.34455297851565,340.727962,2261.0,,,155.997745,3.115124999999998,30.455703999999994,0.0,41.22141800000001,6.407661000000003,14.142348,39.365413000000004,27.90135099999999,0.0,10.989519000000012,0.0,11.131677999999999,"ms per step, GPU kernel sum on this rank (not wall time); decode span = start of step to start of next step",results/five-model-rerun-h100-v1/v4-0731/profiles/prefill128k.manifest.json
five-model-rerun-h100-v1,v4-0731,0.31.1rc1.dev260+ga98247ab4,prefill128k,prefill,128k,1,dp0_pp0_tp5_dcp0_ep5_rank5.1791631594664911890.pt.trace.json.gz,5,last_full_chunk,1,23,8192.0,0.0,495.0177800292969,485.3788919999999,2305.0,,,162.18122999999994,3.142130000000001,48.304186,0.0,73.94761700000002,92.31519399999993,14.322353999999999,40.320982999999984,27.922721000000006,0.0,11.301782999999997,0.0,11.620693999999997,"ms per step, GPU kernel sum on this rank (not wall time); decode span = start of step to start of next step",results/five-model-rerun-h100-v1/v4-0731/profiles/prefill128k.manifest.json
five-model-rerun-h100-v1,v4-0731,0.31.1rc1.dev260+ga98247ab4,prefill128k,prefill,128k,1,dp0_pp0_tp6_dcp0_ep6_rank6.1791631594677382294.pt.trace.json.gz,6,first_chunk,1,23,8192.0,0.0,354.9067919921875,339.037439,2261.0,,,154.48714900000004,3.0670320000000015,31.107127999999996,0.0,40.859178,6.362797999999999,14.159158999999997,39.15109200000002,27.907767999999987,0.0,10.809852000000005,0.0,11.12628299999999,"ms per step, GPU kernel sum on this rank (not wall time); decode span = start of step to start of next step",results/five-model-rerun-h100-v1/v4-0731/profiles/prefill128k.manifest.json
five-model-rerun-h100-v1,v4-0731,0.31.1rc1.dev260+ga98247ab4,prefill128k,prefill,128k,1,dp0_pp0_tp6_dcp0_ep6_rank6.1791631594677382294.pt.trace.json.gz,6,last_full_chunk,1,23,8192.0,0.0,494.98089904785155,485.016174,2305.0,,,155.88969400000002,3.0859120000000018,60.80271100000002,0.0,70.47385100000001,90.29218199999995,14.256367999999997,39.75420100000001,27.909224000000002,0.0,10.955121000000009,0.0,11.596909999999987,"ms per step, GPU kernel sum on this rank (not wall time); decode span = start of step to start of next step",results/five-model-rerun-h100-v1/v4-0731/profiles/prefill128k.manifest.json
five-model-rerun-h100-v1,v4-0731,0.31.1rc1.dev260+ga98247ab4,prefill128k,prefill,128k,1,dp0_pp0_tp7_dcp0_ep7_rank7.1791631594683704761.pt.trace.json.gz,7,first_chunk,1,23,8192.0,0.0,356.37193505859375,341.475659,2261.0,,,156.845046,3.0768910000000003,30.44437599999999,0.0,41.212151999999996,6.394223999999997,14.157155,39.35151999999999,27.91492099999999,0.0,10.923575000000007,0.0,11.155798999999995,"ms per step, GPU kernel sum on this rank (not wall time); decode span = start of step to start of next step",results/five-model-rerun-h100-v1/v4-0731/profiles/prefill128k.manifest.json
five-model-rerun-h100-v1,v4-0731,0.31.1rc1.dev260+ga98247ab4,prefill128k,prefill,128k,1,dp0_pp0_tp7_dcp0_ep7_rank7.1791631594683704761.pt.trace.json.gz,7,last_full_chunk,1,23,8192.0,0.0,495.0092889404297,485.17610999999994,2305.0,,,174.526269,3.151970999999999,22.099220999999996,0.0,80.091009,98.147061,14.322839000000004,41.52576599999998,27.979257999999984,0.0,11.682754,0.0,11.649962,"ms per step, GPU kernel sum on this rank (not wall time); decode span = start of step to start of next step",results/five-model-rerun-h100-v1/v4-0731/profiles/prefill128k.manifest.json
five-model-rerun-h100-v1,v4-0731,0.31.1rc1.dev260+ga98247ab4,prefill16k,prefill,16k,1,dp0_pp0_tp0_dcp0_ep0_rank0.1791631534130404756.pt.trace.json.gz,0,first_chunk,1,9,8192.0,0.0,704.6888210449218,693.8264079999998,2261.0,,,153.69539399999996,3.0345740000000005,386.84222499999987,0.0,40.774967,6.280273999999998,14.335126,39.211811999999945,27.911883999999997,0.0,10.746425,0.0,10.993727,"ms per step, GPU kernel sum on this rank (not wall time); decode span = start of step to start of next step",results/five-model-rerun-h100-v1/v4-0731/profiles/prefill16k.manifest.json
five-model-rerun-h100-v1,v4-0731,0.31.1rc1.dev260+ga98247ab4,prefill16k,prefill,16k,1,dp0_pp0_tp0_dcp0_ep0_rank0.1791631534130404756.pt.trace.json.gz,0,last_full_chunk,1,9,8192.0,0.0,704.6888210449218,693.8264079999998,2261.0,,,153.69539399999996,3.0345740000000005,386.84222499999987,0.0,40.774967,6.280273999999998,14.335126,39.211811999999945,27.911883999999997,0.0,10.746425,0.0,10.993727,"ms per step, GPU kernel sum on this rank (not wall time); decode span = start of step to start of next step",results/five-model-rerun-h100-v1/v4-0731/profiles/prefill16k.manifest.json
five-model-rerun-h100-v1,v4-0731,0.31.1rc1.dev260+ga98247ab4,prefill16k,prefill,16k,1,dp0_pp0_tp1_dcp0_ep1_rank1.1791631534131170114.pt.trace.json.gz,1,first_chunk,1,9,8192.0,0.0,704.6990169677734,693.5897219999999,2261.0,,,158.71907999999996,3.107499999999999,379.8270750000001,0.0,41.784915999999996,6.446352999999998,14.157794999999997,39.58198900000001,27.917753999999977,0.0,11.064144999999995,0.0,10.983115000000007,"ms per step, GPU kernel sum on this rank (not wall time); decode span = start of step to start of next step",results/five-model-rerun-h100-v1/v4-0731/profiles/prefill16k.manifest.json
five-model-rerun-h100-v1,v4-0731,0.31.1rc1.dev260+ga98247ab4,prefill16k,prefill,16k,1,dp0_pp0_tp1_dcp0_ep1_rank1.1791631534131170114.pt.trace.json.gz,1,last_full_chunk,1,9,8192.0,0.0,704.6990169677734,693.5897219999999,2261.0,,,158.71907999999996,3.107499999999999,379.8270750000001,0.0,41.784915999999996,6.446352999999998,14.157794999999997,39.58198900000001,27.917753999999977,0.0,11.064144999999995,0.0,10.983115000000007,"ms per step, GPU kernel sum on this rank (not wall time); decode span = start of step to start of next step",results/five-model-rerun-h100-v1/v4-0731/profiles/prefill16k.manifest.json
five-model-rerun-h100-v1,v4-0731,0.31.1rc1.dev260+ga98247ab4,prefill16k,prefill,16k,1,dp0_pp0_tp2_dcp0_ep2_rank2.1791631534135004759.pt.trace.json.gz,2,first_chunk,1,9,8192.0,0.0,704.8573149414062,693.7551790000001,2261.0,,,155.556171,3.087667000000002,384.4435340000001,0.0,41.06332899999998,6.379020000000002,14.129442000000003,39.339026000000004,27.921580999999993,0.0,10.86453799999999,0.0,10.970871,"ms per step, GPU kernel sum on this rank (not wall time); decode span = start of step to start of next step",results/five-model-rerun-h100-v1/v4-0731/profiles/prefill16k.manifest.json
five-model-rerun-h100-v1,v4-0731,0.31.1rc1.dev260+ga98247ab4,prefill16k,prefill,16k,1,dp0_pp0_tp2_dcp0_ep2_rank2.1791631534135004759.pt.trace.json.gz,2,last_full_chunk,1,9,8192.0,0.0,704.8573149414062,693.7551790000001,2261.0,,,155.556171,3.087667000000002,384.4435340000001,0.0,41.06332899999998,6.379020000000002,14.129442000000003,39.339026000000004,27.921580999999993,0.0,10.86453799999999,0.0,10.970871,"ms per step, GPU kernel sum on this rank (not wall time); decode span = start of step to start of next step",results/five-model-rerun-h100-v1/v4-0731/profiles/prefill16k.manifest.json
five-model-rerun-h100-v1,v4-0731,0.31.1rc1.dev260+ga98247ab4,prefill16k,prefill,16k,1,dp0_pp0_tp3_dcp0_ep3_rank3.1791631534140390351.pt.trace.json.gz,3,first_chunk,1,9,8192.0,0.0,703.8099189453125,692.7518309999998,2261.0,,,156.972063,3.038909,381.64054599999974,0.0,41.406043999999994,6.392702999999995,14.149759999999995,39.383924999999984,27.921257000000008,0.0,10.83939800000001,0.0,11.007226000000003,"ms per step, GPU kernel sum on this rank (not wall time); decode span = start of step to start of next step",results/five-model-rerun-h100-v1/v4-0731/profiles/prefill16k.manifest.json
five-model-rerun-h100-v1,v4-0731,0.31.1rc1.dev260+ga98247ab4,prefill16k,prefill,16k,1,dp0_pp0_tp3_dcp0_ep3_rank3.1791631534140390351.pt.trace.json.gz,3,last_full_chunk,1,9,8192.0,0.0,703.8099189453125,692.7518309999998,2261.0,,,156.972063,3.038909,381.64054599999974,0.0,41.406043999999994,6.392702999999995,14.149759999999995,39.383924999999984,27.921257000000008,0.0,10.83939800000001,0.0,11.007226000000003,"ms per step, GPU kernel sum on this rank (not wall time); decode span = start of step to start of next step",results/five-model-rerun-h100-v1/v4-0731/profiles/prefill16k.manifest.json
five-model-rerun-h100-v1,v4-0731,0.31.1rc1.dev260+ga98247ab4,prefill16k,prefill,16k,1,dp0_pp0_tp4_dcp0_ep4_rank4.1791631534127705921.pt.trace.json.gz,4,first_chunk,1,9,8192.0,0.0,704.7288489990234,339.1486020000001,2261.0,,,156.56966600000004,3.071660000000002,28.721892999999994,0.0,41.22135199999999,6.377957000000002,14.123198000000002,39.34684600000002,27.899518000000008,0.0,10.841445000000009,0.0,10.975067000000008,"ms per step, GPU kernel sum on this rank (not wall time); decode span = start of step to start of next step",results/five-model-rerun-h100-v1/v4-0731/profiles/prefill16k.manifest.json
five-model-rerun-h100-v1,v4-0731,0.31.1rc1.dev260+ga98247ab4,prefill16k,prefill,16k,1,dp0_pp0_tp4_dcp0_ep4_rank4.1791631534127705921.pt.trace.json.gz,4,last_full_chunk,1,9,8192.0,0.0,704.7288489990234,339.1486020000001,2261.0,,,156.56966600000004,3.071660000000002,28.721892999999994,0.0,41.22135199999999,6.377957000000002,14.123198000000002,39.34684600000002,27.899518000000008,0.0,10.841445000000009,0.0,10.975067000000008,"ms per step, GPU kernel sum on this rank (not wall time); decode span = start of step to start of next step",results/five-model-rerun-h100-v1/v4-0731/profiles/prefill16k.manifest.json
five-model-rerun-h100-v1,v4-0731,0.31.1rc1.dev260+ga98247ab4,prefill16k,prefill,16k,1,dp0_pp0_tp5_dcp0_ep5_rank5.1791631534130134558.pt.trace.json.gz,5,first_chunk,1,9,8192.0,0.0,703.9988310546875,693.1381700000003,2261.0,,,157.645399,3.100451,380.88860300000016,0.0,41.534659999999995,6.473187000000004,14.115352999999999,39.50247700000002,27.91886700000001,0.0,11.025793000000006,0.0,10.933380000000001,"ms per step, GPU kernel sum on this rank (not wall time); decode span = start of step to start of next step",results/five-model-rerun-h100-v1/v4-0731/profiles/prefill16k.manifest.json
five-model-rerun-h100-v1,v4-0731,0.31.1rc1.dev260+ga98247ab4,prefill16k,prefill,16k,1,dp0_pp0_tp5_dcp0_ep5_rank5.1791631534130134558.pt.trace.json.gz,5,last_full_chunk,1,9,8192.0,0.0,703.9988310546875,693.1381700000003,2261.0,,,157.645399,3.100451,380.88860300000016,0.0,41.534659999999995,6.473187000000004,14.115352999999999,39.50247700000002,27.91886700000001,0.0,11.025793000000006,0.0,10.933380000000001,"ms per step, GPU kernel sum on this rank (not wall time); decode span = start of step to start of next step",results/five-model-rerun-h100-v1/v4-0731/profiles/prefill16k.manifest.json
five-model-rerun-h100-v1,v4-0731,0.31.1rc1.dev260+ga98247ab4,prefill16k,prefill,16k,1,dp0_pp0_tp6_dcp0_ep6_rank6.1791631534121757273.pt.trace.json.gz,6,first_chunk,1,9,8192.0,0.0,704.9294270019532,693.543341,2261.0,,,155.61782100000002,3.0649190000000024,384.115444,0.0,41.182383,6.384255,14.113956000000002,39.334044000000006,27.913946,0.0,10.867135000000014,0.0,10.949437999999995,"ms per step, GPU kernel sum on this rank (not wall time); decode span = start of step to start of next step",results/five-model-rerun-h100-v1/v4-0731/profiles/prefill16k.manifest.json
five-model-rerun-h100-v1,v4-0731,0.31.1rc1.dev260+ga98247ab4,prefill16k,prefill,16k,1,dp0_pp0_tp6_dcp0_ep6_rank6.1791631534121757273.pt.trace.json.gz,6,last_full_chunk,1,9,8192.0,0.0,704.9294270019532,693.543341,2261.0,,,155.61782100000002,3.0649190000000024,384.115444,0.0,41.182383,6.384255,14.113956000000002,39.334044000000006,27.913946,0.0,10.867135000000014,0.0,10.949437999999995,"ms per step, GPU kernel sum on this rank (not wall time); decode span = start of step to start of next step",results/five-model-rerun-h100-v1/v4-0731/profiles/prefill16k.manifest.json
five-model-rerun-h100-v1,v4-0731,0.31.1rc1.dev260+ga98247ab4,prefill16k,prefill,16k,1,dp0_pp0_tp7_dcp0_ep7_rank7.1791631534137423290.pt.trace.json.gz,7,first_chunk,1,9,8192.0,0.0,704.0125329589844,692.9465339999999,2261.0,,,158.18897400000006,3.0862600000000007,379.88193399999994,0.0,41.72281799999999,6.479665999999996,14.143495,39.553704999999965,27.927743000000003,0.0,10.999082999999997,0.0,10.962855999999984,"ms per step, GPU kernel sum on this rank (not wall time); decode span = start of step to start of next step",results/five-model-rerun-h100-v1/v4-0731/profiles/prefill16k.manifest.json
five-model-rerun-h100-v1,v4-0731,0.31.1rc1.dev260+ga98247ab4,prefill16k,prefill,16k,1,dp0_pp0_tp7_dcp0_ep7_rank7.1791631534137423290.pt.trace.json.gz,7,last_full_chunk,1,9,8192.0,0.0,704.0125329589844,692.9465339999999,2261.0,,,158.18897400000006,3.0862600000000007,379.88193399999994,0.0,41.72281799999999,6.479665999999996,14.143495,39.553704999999965,27.927743000000003,0.0,10.999082999999997,0.0,10.962855999999984,"ms per step, GPU kernel sum on this rank (not wall time); decode span = start of step to start of next step",results/five-model-rerun-h100-v1/v4-0731/profiles/prefill16k.manifest.json
five-model-rerun-h100-v1,v4-0731,0.31.1rc1.dev260+ga98247ab4,prefill1k,prefill,1k,1,dp0_pp0_tp0_dcp0_ep0_rank0.1791631519567557062.pt.trace.json.gz,0,first_chunk,1,8,1007.0,0.0,222.328791015625,213.99388599999997,2371.0,,,50.92417999999999,0.9782840000000002,137.510471,0.0,4.371558,1.313712,1.877062,9.218473999999997,3.683091000000002,0.0,1.715203,0.0,2.4018509999999957,"ms per step, GPU kernel sum on this rank (not wall time); decode span = start of step to start of next step",results/five-model-rerun-h100-v1/v4-0731/profiles/prefill1k.manifest.json
five-model-rerun-h100-v1,v4-0731,0.31.1rc1.dev260+ga98247ab4,prefill1k,prefill,1k,1,dp0_pp0_tp0_dcp0_ep0_rank0.1791631519567557062.pt.trace.json.gz,0,last_full_chunk,1,8,1007.0,0.0,222.328791015625,213.99388599999997,2371.0,,,50.92417999999999,0.9782840000000002,137.510471,0.0,4.371558,1.313712,1.877062,9.218473999999997,3.683091000000002,0.0,1.715203,0.0,2.4018509999999957,"ms per step, GPU kernel sum on this rank (not wall time); decode span = start of step to start of next step",results/five-model-rerun-h100-v1/v4-0731/profiles/prefill1k.manifest.json
five-model-rerun-h100-v1,v4-0731,0.31.1rc1.dev260+ga98247ab4,prefill1k,prefill,1k,1,dp0_pp0_tp1_dcp0_ep1_rank1.1791631519564561339.pt.trace.json.gz,1,first_chunk,1,8,1007.0,0.0,223.4971209716797,217.55685300000007,2371.0,,,50.95025,0.9793569999999998,141.10319200000004,0.0,4.384399999999999,1.235922999999999,1.8861650000000005,9.19334400000001,3.700998,0.0,1.7190739999999975,0.0,2.404150000000001,"ms per step, GPU kernel sum on this rank (not wall time); decode span = start of step to start of next step",results/five-model-rerun-h100-v1/v4-0731/profiles/prefill1k.manifest.json
five-model-rerun-h100-v1,v4-0731,0.31.1rc1.dev260+ga98247ab4,prefill1k,prefill,1k,1,dp0_pp0_tp1_dcp0_ep1_rank1.1791631519564561339.pt.trace.json.gz,1,last_full_chunk,1,8,1007.0,0.0,223.4971209716797,217.55685300000007,2371.0,,,50.95025,0.9793569999999998,141.10319200000004,0.0,4.384399999999999,1.235922999999999,1.8861650000000005,9.19334400000001,3.700998,0.0,1.7190739999999975,0.0,2.404150000000001,"ms per step, GPU kernel sum on this rank (not wall time); decode span = start of step to start of next step",results/five-model-rerun-h100-v1/v4-0731/profiles/prefill1k.manifest.json
five-model-rerun-h100-v1,v4-0731,0.31.1rc1.dev260+ga98247ab4,prefill1k,prefill,1k,1,dp0_pp0_tp2_dcp0_ep2_rank2.1791631519582292817.pt.trace.json.gz,2,first_chunk,1,8,1007.0,0.0,223.41171997070313,214.53092000000004,2371.0,,,50.59759699999999,0.967856,138.38880900000004,0.0,4.391791,1.3313740000000012,1.88006,9.162162999999998,3.694084000000002,0.0,1.7113510000000012,0.0,2.4058349999999997,"ms per step, GPU kernel sum on this rank (not wall time); decode span = start of step to start of next step",results/five-model-rerun-h100-v1/v4-0731/profiles/prefill1k.manifest.json
five-model-rerun-h100-v1,v4-0731,0.31.1rc1.dev260+ga98247ab4,prefill1k,prefill,1k,1,dp0_pp0_tp2_dcp0_ep2_rank2.1791631519582292817.pt.trace.json.gz,2,last_full_chunk,1,8,1007.0,0.0,223.41171997070313,214.53092000000004,2371.0,,,50.59759699999999,0.967856,138.38880900000004,0.0,4.391791,1.3313740000000012,1.88006,9.162162999999998,3.694084000000002,0.0,1.7113510000000012,0.0,2.4058349999999997,"ms per step, GPU kernel sum on this rank (not wall time); decode span = start of step to start of next step",results/five-model-rerun-h100-v1/v4-0731/profiles/prefill1k.manifest.json
five-model-rerun-h100-v1,v4-0731,0.31.1rc1.dev260+ga98247ab4,prefill1k,prefill,1k,1,dp0_pp0_tp3_dcp0_ep3_rank3.1791631519593269245.pt.trace.json.gz,3,first_chunk,1,8,1007.0,0.0,222.62040295410156,215.72810299999998,2371.0,,,50.531299,0.9523680000000004,139.89479499999996,0.0,4.347148999999999,1.1231740000000001,1.87981,9.21285700000001,3.689703000000001,0.0,1.7103179999999993,0.0,2.3866300000000007,"ms per step, GPU kernel sum on this rank (not wall time); decode span = start of step to start of next step",results/five-model-rerun-h100-v1/v4-0731/profiles/prefill1k.manifest.json
five-model-rerun-h100-v1,v4-0731,0.31.1rc1.dev260+ga98247ab4,prefill1k,prefill,1k,1,dp0_pp0_tp3_dcp0_ep3_rank3.1791631519593269245.pt.trace.json.gz,3,last_full_chunk,1,8,1007.0,0.0,222.62040295410156,215.72810299999998,2371.0,,,50.531299,0.9523680000000004,139.89479499999996,0.0,4.347148999999999,1.1231740000000001,1.87981,9.21285700000001,3.689703000000001,0.0,1.7103179999999993,0.0,2.3866300000000007,"ms per step, GPU kernel sum on this rank (not wall time); decode span = start of step to start of next step",results/five-model-rerun-h100-v1/v4-0731/profiles/prefill1k.manifest.json
five-model-rerun-h100-v1,v4-0731,0.31.1rc1.dev260+ga98247ab4,prefill1k,prefill,1k,1,dp0_pp0_tp4_dcp0_ep4_rank4.1791631519557673028.pt.trace.json.gz,4,first_chunk,1,8,1007.0,0.0,223.63126696777343,216.92826000000005,2371.0,,,51.40547699999999,0.9734800000000005,139.86821100000003,0.0,4.445548999999999,1.2898759999999985,1.8855020000000002,9.233823000000003,3.701974999999998,0.0,1.7330459999999988,0.0,2.391321,"ms per step, GPU kernel sum on this rank (not wall time); decode span = start of step to start of next step",results/five-model-rerun-h100-v1/v4-0731/profiles/prefill1k.manifest.json
five-model-rerun-h100-v1,v4-0731,0.31.1rc1.dev260+ga98247ab4,prefill1k,prefill,1k,1,dp0_pp0_tp4_dcp0_ep4_rank4.1791631519557673028.pt.trace.json.gz,4,last_full_chunk,1,8,1007.0,0.0,223.63126696777343,216.92826000000005,2371.0,,,51.40547699999999,0.9734800000000005,139.86821100000003,0.0,4.445548999999999,1.2898759999999985,1.8855020000000002,9.233823000000003,3.701974999999998,0.0,1.7330459999999988,0.0,2.391321,"ms per step, GPU kernel sum on this rank (not wall time); decode span = start of step to start of next step",results/five-model-rerun-h100-v1/v4-0731/profiles/prefill1k.manifest.json
five-model-rerun-h100-v1,v4-0731,0.31.1rc1.dev260+ga98247ab4,prefill1k,prefill,1k,1,dp0_pp0_tp5_dcp0_ep5_rank5.1791631519541803969.pt.trace.json.gz,5,first_chunk,1,8,1007.0,0.0,223.66526403808595,218.539085,2371.0,,,50.94434500000001,0.9664080000000002,142.09759199999996,0.0,4.419993,1.2678289999999994,1.881507,9.142926000000008,3.698643000000001,0.0,1.7330639999999993,0.0,2.3867779999999996,"ms per step, GPU kernel sum on this rank (not wall time); decode span = start of step to start of next step",results/five-model-rerun-h100-v1/v4-0731/profiles/prefill1k.manifest.json
five-model-rerun-h100-v1,v4-0731,0.31.1rc1.dev260+ga98247ab4,prefill1k,prefill,1k,1,dp0_pp0_tp5_dcp0_ep5_rank5.1791631519541803969.pt.trace.json.gz,5,last_full_chunk,1,8,1007.0,0.0,223.66526403808595,218.539085,2371.0,,,50.94434500000001,0.9664080000000002,142.09759199999996,0.0,4.419993,1.2678289999999994,1.881507,9.142926000000008,3.698643000000001,0.0,1.7330639999999993,0.0,2.3867779999999996,"ms per step, GPU kernel sum on this rank (not wall time); decode span = start of step to start of next step",results/five-model-rerun-h100-v1/v4-0731/profiles/prefill1k.manifest.json
five-model-rerun-h100-v1,v4-0731,0.31.1rc1.dev260+ga98247ab4,prefill1k,prefill,1k,1,dp0_pp0_tp6_dcp0_ep6_rank6.1791631519557075627.pt.trace.json.gz,6,first_chunk,1,8,1007.0,0.0,222.34890100097655,77.399662,2371.0,,,50.413939,0.9150240000000004,3.4311020000000014,0.0,4.351678,0.9327900000000007,1.83125,7.872021000000004,3.688900000000002,0.0,1.7415040000000002,0.0,2.2214539999999996,"ms per step, GPU kernel sum on this rank (not wall time); decode span = start of step to start of next step",results/five-model-rerun-h100-v1/v4-0731/profiles/prefill1k.manifest.json
five-model-rerun-h100-v1,v4-0731,0.31.1rc1.dev260+ga98247ab4,prefill1k,prefill,1k,1,dp0_pp0_tp6_dcp0_ep6_rank6.1791631519557075627.pt.trace.json.gz,6,last_full_chunk,1,8,1007.0,0.0,222.34890100097655,77.399662,2371.0,,,50.413939,0.9150240000000004,3.4311020000000014,0.0,4.351678,0.9327900000000007,1.83125,7.872021000000004,3.688900000000002,0.0,1.7415040000000002,0.0,2.2214539999999996,"ms per step, GPU kernel sum on this rank (not wall time); decode span = start of step to start of next step",results/five-model-rerun-h100-v1/v4-0731/profiles/prefill1k.manifest.json
five-model-rerun-h100-v1,v4-0731,0.31.1rc1.dev260+ga98247ab4,prefill1k,prefill,1k,1,dp0_pp0_tp7_dcp0_ep7_rank7.1791631519553308436.pt.trace.json.gz,7,first_chunk,1,8,1007.0,0.0,222.5806590576172,216.02221300000005,2371.0,,,50.261929000000016,0.9710180000000003,140.17680800000002,0.0,4.391106,1.255399,1.881841,9.257878000000003,3.7021510000000006,0.0,1.7222539999999986,0.0,2.4018289999999998,"ms per step, GPU kernel sum on this rank (not wall time); decode span = start of step to start of next step",results/five-model-rerun-h100-v1/v4-0731/profiles/prefill1k.manifest.json
five-model-rerun-h100-v1,v4-0731,0.31.1rc1.dev260+ga98247ab4,prefill1k,prefill,1k,1,dp0_pp0_tp7_dcp0_ep7_rank7.1791631519553308436.pt.trace.json.gz,7,last_full_chunk,1,8,1007.0,0.0,222.5806590576172,216.02221300000005,2371.0,,,50.261929000000016,0.9710180000000003,140.17680800000002,0.0,4.391106,1.255399,1.881841,9.257878000000003,3.7021510000000006,0.0,1.7222539999999986,0.0,2.4018289999999998,"ms per step, GPU kernel sum on this rank (not wall time); decode span = start of step to start of next step",results/five-model-rerun-h100-v1/v4-0731/profiles/prefill1k.manifest.json
five-model-rerun-h100-v1,v4-0731,0.31.1rc1.dev260+ga98247ab4,prefill64k,prefill,64k,1,dp0_pp0_tp0_dcp0_ep0_rank0.1791631554186528949.pt.trace.json.gz,0,first_chunk,1,15,8192.0,0.0,351.38106005859373,339.15479700000003,2261.0,,,153.96879199999998,3.0535840000000034,31.567581,0.0,40.85070900000001,6.354726000000008,14.321121000000002,39.21664000000003,27.903720999999997,0.0,10.887371999999996,0.0,11.030550999999999,"ms per step, GPU kernel sum on this rank (not wall time); decode span = start of step to start of next step",results/five-model-rerun-h100-v1/v4-0731/profiles/prefill64k.manifest.json
five-model-rerun-h100-v1,v4-0731,0.31.1rc1.dev260+ga98247ab4,prefill64k,prefill,64k,1,dp0_pp0_tp0_dcp0_ep0_rank0.1791631554186528949.pt.trace.json.gz,0,last_full_chunk,1,15,8192.0,0.0,409.05147595214845,399.3766739999999,2258.0,,,155.88414799999998,3.074873000000002,41.490828000000015,0.0,54.310236,40.60054199999994,14.416137999999997,39.572470000000024,27.921390000000002,0.0,10.92552299999999,0.0,11.180525999999997,"ms per step, GPU kernel sum on this rank (not wall time); decode span = start of step to start of next step",results/five-model-rerun-h100-v1/v4-0731/profiles/prefill64k.manifest.json
five-model-rerun-h100-v1,v4-0731,0.31.1rc1.dev260+ga98247ab4,prefill64k,prefill,64k,1,dp0_pp0_tp1_dcp0_ep1_rank1.1791631554141159981.pt.trace.json.gz,1,first_chunk,1,15,8192.0,0.0,351.79255505371094,339.4359789999999,2261.0,,,158.73239599999994,3.1355139999999997,25.365728000000008,0.0,41.852269,6.510242,14.133344999999995,39.62564199999998,27.912758999999998,0.0,11.136515000000003,0.0,11.031568999999998,"ms per step, GPU kernel sum on this rank (not wall time); decode span = start of step to start of next step",results/five-model-rerun-h100-v1/v4-0731/profiles/prefill64k.manifest.json
five-model-rerun-h100-v1,v4-0731,0.31.1rc1.dev260+ga98247ab4,prefill64k,prefill,64k,1,dp0_pp0_tp1_dcp0_ep1_rank1.1791631554141159981.pt.trace.json.gz,1,last_full_chunk,1,15,8192.0,0.0,409.07006494140626,399.231785,2258.0,,,163.097024,3.1349070000000006,29.478709000000002,0.0,56.929370000000006,41.73332000000001,14.230274999999999,40.18785699999999,27.939757999999998,0.0,11.286183999999992,0.0,11.214381,"ms per step, GPU kernel sum on this rank (not wall time); decode span = start of step to start of next step",results/five-model-rerun-h100-v1/v4-0731/profiles/prefill64k.manifest.json
five-model-rerun-h100-v1,v4-0731,0.31.1rc1.dev260+ga98247ab4,prefill64k,prefill,64k,1,dp0_pp0_tp2_dcp0_ep2_rank2.1791631554104121914.pt.trace.json.gz,2,first_chunk,1,15,8192.0,0.0,351.8030059814453,339.4337299999999,2261.0,,,155.46884699999995,3.060542000000002,30.47159399999999,0.0,41.03871000000001,6.361361000000003,14.139932,39.16124999999998,27.903388000000003,0.0,10.822181000000002,0.0,11.005925000000001,"ms per step, GPU kernel sum on this rank (not wall time); decode span = start of step to start of next step",results/five-model-rerun-h100-v1/v4-0731/profiles/prefill64k.manifest.json
five-model-rerun-h100-v1,v4-0731,0.31.1rc1.dev260+ga98247ab4,prefill64k,prefill,64k,1,dp0_pp0_tp2_dcp0_ep2_rank2.1791631554104121914.pt.trace.json.gz,2,last_full_chunk,1,15,8192.0,0.0,409.06301904296873,399.1707,2258.0,,,155.72382700000003,3.0868330000000026,41.979659,0.0,53.91837200000001,40.73306699999998,14.254041999999998,39.43540899999999,27.91793700000001,0.0,10.910339999999998,0.0,11.211214000000004,"ms per step, GPU kernel sum on this rank (not wall time); decode span = start of step to start of next step",results/five-model-rerun-h100-v1/v4-0731/profiles/prefill64k.manifest.json
five-model-rerun-h100-v1,v4-0731,0.31.1rc1.dev260+ga98247ab4,prefill64k,prefill,64k,1,dp0_pp0_tp3_dcp0_ep3_rank3.1791631554142310104.pt.trace.json.gz,3,first_chunk,1,15,8192.0,0.0,351.6181169433594,338.71240200000005,2261.0,,,156.41941500000004,3.027813000000001,28.510323999999997,0.0,41.12133500000001,6.389562000000003,14.117403000000003,39.40992499999999,27.906578,0.0,10.775955999999999,0.0,11.034091,"ms per step, GPU kernel sum on this rank (not wall time); decode span = start of step to start of next step",results/five-model-rerun-h100-v1/v4-0731/profiles/prefill64k.manifest.json
five-model-rerun-h100-v1,v4-0731,0.31.1rc1.dev260+ga98247ab4,prefill64k,prefill,64k,1,dp0_pp0_tp3_dcp0_ep3_rank3.1791631554142310104.pt.trace.json.gz,3,last_full_chunk,1,15,8192.0,0.0,409.08730798339843,399.38101900000004,2258.0,,,162.609135,3.060012999999999,30.86447099999999,0.0,56.56859700000001,41.637188000000016,14.216182000000005,40.15527999999998,27.961611000000005,0.0,11.087179000000011,0.0,11.221363000000006,"ms per step, GPU kernel sum on this rank (not wall time); decode span = start of step to start of next step",results/five-model-rerun-h100-v1/v4-0731/profiles/prefill64k.manifest.json
five-model-rerun-h100-v1,v4-0731,0.31.1rc1.dev260+ga98247ab4,prefill64k,prefill,64k,1,dp0_pp0_tp4_dcp0_ep4_rank4.1791631554122422720.pt.trace.json.gz,4,first_chunk,1,15,8192.0,0.0,351.84490100097656,339.75828,2261.0,,,157.878519,3.106157000000001,27.042558999999994,0.0,41.68521200000001,6.448673999999997,14.148392000000001,39.50172300000002,27.909218,0.0,11.003460000000006,0.0,11.034365999999995,"ms per step, GPU kernel sum on this rank (not wall time); decode span = start of step to start of next step",results/five-model-rerun-h100-v1/v4-0731/profiles/prefill64k.manifest.json
five-model-rerun-h100-v1,v4-0731,0.31.1rc1.dev260+ga98247ab4,prefill64k,prefill,64k,1,dp0_pp0_tp4_dcp0_ep4_rank4.1791631554122422720.pt.trace.json.gz,4,last_full_chunk,1,15,8192.0,0.0,409.09614294433595,399.277815,2258.0,,,157.05618300000003,3.0958630000000023,40.124863000000005,0.0,54.187141000000004,40.931243999999985,14.236914999999993,39.568916,27.914088000000007,0.0,10.973943999999996,0.0,11.188658000000002,"ms per step, GPU kernel sum on this rank (not wall time); decode span = start of step to start of next step",results/five-model-rerun-h100-v1/v4-0731/profiles/prefill64k.manifest.json
five-model-rerun-h100-v1,v4-0731,0.31.1rc1.dev260+ga98247ab4,prefill64k,prefill,64k,1,dp0_pp0_tp5_dcp0_ep5_rank5.1791631554116365258.pt.trace.json.gz,5,first_chunk,1,15,8192.0,0.0,350.90380004882815,338.99940900000007,2261.0,,,156.79340399999998,3.0987570000000004,27.836792999999997,0.0,41.36254799999999,6.428469999999999,14.133046,39.426503000000054,27.911962999999997,0.0,10.97817900000001,0.0,11.029746000000005,"ms per step, GPU kernel sum on this rank (not wall time); decode span = start of step to start of next step",results/five-model-rerun-h100-v1/v4-0731/profiles/prefill64k.manifest.json
five-model-rerun-h100-v1,v4-0731,0.31.1rc1.dev260+ga98247ab4,prefill64k,prefill,64k,1,dp0_pp0_tp5_dcp0_ep5_rank5.1791631554116365258.pt.trace.json.gz,5,last_full_chunk,1,15,8192.0,0.0,409.08041296386716,399.523188,2258.0,,,158.07941200000002,3.091528000000002,38.422613000000005,0.0,54.59182099999999,41.235979,14.247288,39.694642000000016,27.931330000000003,0.0,11.061615999999994,0.0,11.166959000000011,"ms per step, GPU kernel sum on this rank (not wall time); decode span = start of step to start of next step",results/five-model-rerun-h100-v1/v4-0731/profiles/prefill64k.manifest.json
five-model-rerun-h100-v1,v4-0731,0.31.1rc1.dev260+ga98247ab4,prefill64k,prefill,64k,1,dp0_pp0_tp6_dcp0_ep6_rank6.1791631554146944982.pt.trace.json.gz,6,first_chunk,1,15,8192.0,0.0,351.5066550292969,339.025185,2261.0,,,155.89627,3.0684740000000015,29.212681999999994,0.0,41.16516299999999,6.422394000000001,14.121525,39.34281,27.918570999999996,0.0,10.873214,0.0,11.004082000000006,"ms per step, GPU kernel sum on this rank (not wall time); decode span = start of step to start of next step",results/five-model-rerun-h100-v1/v4-0731/profiles/prefill64k.manifest.json
five-model-rerun-h100-v1,v4-0731,0.31.1rc1.dev260+ga98247ab4,prefill64k,prefill,64k,1,dp0_pp0_tp6_dcp0_ep6_rank6.1791631554146944982.pt.trace.json.gz,6,last_full_chunk,1,15,8192.0,0.0,409.0901889648438,399.02060499999993,2258.0,,,155.8472249999999,3.0563800000000048,41.68444300000001,0.0,54.00210600000001,40.735802999999976,14.262853,39.420451000000014,27.915328999999996,0.0,10.886732999999992,0.0,11.209282000000005,"ms per step, GPU kernel sum on this rank (not wall time); decode span = start of step to start of next step",results/five-model-rerun-h100-v1/v4-0731/profiles/prefill64k.manifest.json
five-model-rerun-h100-v1,v4-0731,0.31.1rc1.dev260+ga98247ab4,prefill64k,prefill,64k,1,dp0_pp0_tp7_dcp0_ep7_rank7.1791631554120646205.pt.trace.json.gz,7,first_chunk,1,15,8192.0,0.0,350.5770939941406,338.22564700000004,2261.0,,,158.062252,3.0395210000000006,25.30971600000001,0.0,41.791512,6.458814000000004,14.136346000000001,39.564841000000065,27.913435999999994,0.0,10.904415999999994,0.0,11.044793000000011,"ms per step, GPU kernel sum on this rank (not wall time); decode span = start of step to start of next step",results/five-model-rerun-h100-v1/v4-0731/profiles/prefill64k.manifest.json
five-model-rerun-h100-v1,v4-0731,0.31.1rc1.dev260+ga98247ab4,prefill64k,prefill,64k,1,dp0_pp0_tp7_dcp0_ep7_rank7.1791631554120646205.pt.trace.json.gz,7,last_full_chunk,1,15,8192.0,0.0,409.0424060058594,399.228471,2258.0,,,165.82647500000004,3.1294079999999997,24.829631000000003,0.0,58.145957,42.020979000000004,14.226806,40.50851099999999,27.963703999999993,0.0,11.362803000000001,0.0,11.21419700000001,"ms per step, GPU kernel sum on this rank (not wall time); decode span = start of step to start of next step",results/five-model-rerun-h100-v1/v4-0731/profiles/prefill64k.manifest.json
