study,model,runtime,bucket,concurrency,n,valid,duration_s,output_tok_s,ttft_p50_ms,tpot_p50_ms,planned_n,estimated_full_run_s,peak_kv_usage_frac,preemptions,problems,evidence
five-model-rerun-h100-v1,v4-0731,0.31.1rc1.dev260+ga98247ab4,16k,1,3,False,8.172171480953693,93.97746997721765,751.175096957013,7.732584745184902,12,32.688685923814774,0.13225482671075162,0.0,output tokens 768 != 6144; per-request output length is not 2048 for every request,results/five-model-rerun-h100-v1/v4-0731/pilot/off-profidle/ctx16k_osl2048_c1/repeat-1
five-model-rerun-h100-v1,v4-0731,0.31.1rc1.dev260+ga98247ab4,16k,1,3,True,49.99162059905939,122.90059666750635,753.9320839568973,7.77003644309523,12,199.96648239623755,0.0019287162228651678,0.0,,results/five-model-rerun-h100-v1/v4-0731/pilot/off-profidle/ctx16k_osl2048_c1/repeat-1-rerun1
five-model-rerun-h100-v1,v4-0731,0.31.1rc1.dev260+ga98247ab4,16k,16,16,False,14.97284324397333,273.56193698539306,6084.368039504625,34.26554650593294,48,44.91852973191999,0.15638346027435002,0.0,output tokens 4096 != 32768; per-request output length is not 2048 for every request,results/five-model-rerun-h100-v1/v4-0731/pilot/off-profidle/ctx16k_osl2048_c16/repeat-1
five-model-rerun-h100-v1,v4-0731,0.31.1rc1.dev260+ga98247ab4,16k,16,16,True,40.30722735694144,812.9559423629498,6104.03280594619,16.634539979969304,48,120.92168207082432,0.1564425026077031,0.0,,results/five-model-rerun-h100-v1/v4-0731/pilot/off-profidle/ctx16k_osl2048_c16/repeat-1-rerun1
five-model-rerun-h100-v1,v4-0731,0.31.1rc1.dev260+ga98247ab4,1k,1,3,False,6.347408483037725,120.99426120949013,168.41423499863595,7.623628216028652,12,25.3896339321509,0.0006101041113144579,0.0,output tokens 768 != 6144; per-request output length is not 2048 for every request,results/five-model-rerun-h100-v1/v4-0731/pilot/off-profidle/ctx1k_osl2048_c1/repeat-1
five-model-rerun-h100-v1,v4-0731,0.31.1rc1.dev260+ga98247ab4,1k,1,3,True,47.72429925808683,128.73944920121392,179.8658020561561,7.67953948268615,12,190.89719703234732,0.0007478695558048587,0.0,,results/five-model-rerun-h100-v1/v4-0731/pilot/off-profidle/ctx1k_osl2048_c1/repeat-1-rerun1
five-model-rerun-h100-v1,v4-0731,0.31.1rc1.dev260+ga98247ab4,1k,16,16,False,4.281500454992056,956.6739611633651,525.0679309829138,14.66781987452551,48,12.844501364976168,0.06701304835567101,0.0,output tokens 4096 != 32768; per-request output length is not 2048 for every request,results/five-model-rerun-h100-v1/v4-0731/pilot/off-profidle/ctx1k_osl2048_c16/repeat-1
five-model-rerun-h100-v1,v4-0731,0.31.1rc1.dev260+ga98247ab4,1k,16,16,True,34.56323606800288,948.0593754453209,689.5155779784545,16.526895156568106,48,103.68970820400864,0.11619531203873179,0.0,,results/five-model-rerun-h100-v1/v4-0731/pilot/off-profidle/ctx1k_osl2048_c16/repeat-1-rerun1
five-model-rerun-h100-v1,v4-0731,0.31.1rc1.dev260+ga98247ab4,64k,1,3,True,58.18303596798796,105.59778976436363,3270.2352419728413,7.872350510522819,12,232.73214387195185,0.13583672826750115,0.0,,results/five-model-rerun-h100-v1/v4-0731/pilot/off-profidle/ctx64k_osl2048_c1/repeat-1-rerun1
five-model-rerun-h100-v1,v4-0731,0.31.1rc1.dev260+ga98247ab4,64k,16,9,True,58.12866116594523,317.08970463607403,16051.039007026702,20.414866629212685,48,174.3859834978357,0.17903603550412317,0.0,,results/five-model-rerun-h100-v1/v4-0731/pilot/off-profidle/ctx64k_osl2048_c16/repeat-1
five-model-rerun-h100-v1,v41,0.31.1rc1.dev260+ga98247ab4,16k,1,3,True,56.97801475098822,107.83106478614962,535.3136169724166,9.01424477188964,12,227.9120590039529,0.0012078830260648932,0.0,,results/five-model-rerun-h100-v1/v41/pilot/off-profidle/ctx16k_osl2048_c1/repeat-1
five-model-rerun-h100-v1,v41,0.31.1rc1.dev260+ga98247ab4,16k,16,16,True,41.04168620088603,798.4077418167235,4389.945456990972,17.82103671056947,48,123.1250586026581,0.030574772820762153,0.0,,results/five-model-rerun-h100-v1/v41/pilot/off-profidle/ctx16k_osl2048_c16/repeat-1
five-model-rerun-h100-v1,v41,0.31.1rc1.dev260+ga98247ab4,1k,1,3,True,55.290189909981564,111.12278706228174,108.22489997372031,8.944002057641335,12,221.16075963992625,0.00031412437829547724,0.0,,results/five-model-rerun-h100-v1/v41/pilot/off-profidle/ctx1k_osl2048_c1/repeat-1
five-model-rerun-h100-v1,v41,0.31.1rc1.dev260+ga98247ab4,1k,16,16,True,33.63953142601531,974.0920462006999,459.0347264893353,16.18604684709451,48,100.91859427804593,0.013802774765341641,0.0,,results/five-model-rerun-h100-v1/v41/pilot/off-profidle/ctx1k_osl2048_c16/repeat-1
five-model-rerun-h100-v1,v41,0.31.1rc1.dev260+ga98247ab4,64k,1,3,True,61.845337494974956,99.3445949017452,2120.160090038553,9.032248729329446,12,247.38134997989982,0.01686174787779071,0.0,,results/five-model-rerun-h100-v1/v41/pilot/off-profidle/ctx64k_osl2048_c1/repeat-1
five-model-rerun-h100-v1,v41,0.31.1rc1.dev260+ga98247ab4,64k,16,9,True,51.52243333298247,357.7470784595225,10268.06952606421,19.99501674202861,48,154.56729999894742,0.04766089525447814,0.0,,results/five-model-rerun-h100-v1/v41/pilot/off-profidle/ctx64k_osl2048_c16/repeat-1
five-model-rerun-h100-v1,mimo-v26,0.31.1rc1.dev260+ga98247ab4,16k,1,3,True,38.14394009206444,161.07407848195035,716.7856049491093,5.860050270173737,12,152.57576036825776,0.01072343010135246,0.0,,results/five-model-rerun-h100-v1/mimo-v26/pilot/off-profidle/ctx16k_osl2048_c1/repeat-1
five-model-rerun-h100-v1,mimo-v26,0.31.1rc1.dev260+ga98247ab4,16k,16,16,True,39.484129176009446,829.9030695074778,5706.709256977774,16.43476361334556,48,118.45238752802834,0.03870313517211765,0.0,,results/five-model-rerun-h100-v1/mimo-v26/pilot/off-profidle/ctx16k_osl2048_c16/repeat-1
five-model-rerun-h100-v1,mimo-v26,0.31.1rc1.dev260+ga98247ab4,1k,1,3,True,35.90160947991535,171.1343889314259,111.32443102542311,5.7895155637204265,12,143.6064379196614,0.00041713863838266363,0.0,,results/five-model-rerun-h100-v1/mimo-v26/pilot/off-profidle/ctx1k_osl2048_c1/repeat-1
five-model-rerun-h100-v1,mimo-v26,0.31.1rc1.dev260+ga98247ab4,1k,16,16,True,29.184891015058383,1122.772738232699,611.034971952904,13.939022682712954,48,87.55467304517515,0.006567751867088134,0.0,,results/five-model-rerun-h100-v1/mimo-v26/pilot/off-profidle/ctx1k_osl2048_c16/repeat-1
five-model-rerun-h100-v1,mimo-v26,0.31.1rc1.dev260+ga98247ab4,64k,1,3,True,46.46447457396425,132.23005438745903,3164.208936970681,6.073059502165104,12,185.857898295857,0.0152613399749717,0.0,,results/five-model-rerun-h100-v1/mimo-v26/pilot/off-profidle/ctx64k_osl2048_c1/repeat-1
five-model-rerun-h100-v1,mimo-v26,0.31.1rc1.dev260+ga98247ab4,64k,16,9,True,58.23857789195608,316.49124458696355,15824.754848028533,20.599968264320285,48,174.71573367586825,0.07398014838965283,0.0,,results/five-model-rerun-h100-v1/mimo-v26/pilot/off-profidle/ctx64k_osl2048_c16/repeat-1
five-model-rerun-h100-v1,qwen-38-bf16,0.31.1rc1.dev260+ga98247ab4,16k,1,3,True,39.02310305496212,157.44519320635467,1124.3755320319906,5.870419694656715,12,156.09241221984848,0.0071623909363198734,0.0,,results/five-model-rerun-h100-v1/qwen-38-bf16/pilot/off-profidle/ctx16k_osl2048_c1/repeat-1
five-model-rerun-h100-v1,qwen-38-bf16,0.31.1rc1.dev260+ga98247ab4,16k,16,16,True,26.553334607975557,1234.0446306942483,4093.1407699827105,10.910432639505176,48,79.66000382392667,0.11082172157833048,0.0,,results/five-model-rerun-h100-v1/qwen-38-bf16/pilot/off-profidle/ctx16k_osl2048_c16/repeat-1
five-model-rerun-h100-v1,qwen-38-bf16,0.31.1rc1.dev260+ga98247ab4,1k,1,3,True,36.24929387390148,169.49295678345655,161.08592797536403,5.820089505628683,12,144.99717549560592,0.0016929287667665216,0.0,,results/five-model-rerun-h100-v1/qwen-38-bf16/pilot/off-profidle/ctx1k_osl2048_c1/repeat-1
five-model-rerun-h100-v1,qwen-38-bf16,0.31.1rc1.dev260+ga98247ab4,1k,16,16,True,19.899599611060694,1646.6662968327628,387.9174384637736,9.51273907938245,48,59.69879883318208,0.027217085558015386,0.0,,results/five-model-rerun-h100-v1/qwen-38-bf16/pilot/off-profidle/ctx1k_osl2048_c16/repeat-1
five-model-rerun-h100-v1,qwen-38-bf16,0.31.1rc1.dev260+ga98247ab4,64k,1,3,True,42.07462411199231,146.02626000047397,1689.4735370296985,5.929539005889029,12,168.29849644796923,0.024482354473238654,0.0,,results/five-model-rerun-h100-v1/qwen-38-bf16/pilot/off-profidle/ctx64k_osl2048_c1/repeat-1
five-model-rerun-h100-v1,qwen-38-bf16,0.31.1rc1.dev260+ga98247ab4,64k,16,9,True,31.362308106035925,587.7118462608502,7671.683634980582,11.461817846600736,48,94.08692431810778,0.21369970048183362,0.0,,results/five-model-rerun-h100-v1/qwen-38-bf16/pilot/off-profidle/ctx64k_osl2048_c16/repeat-1
five-model-rerun-h100-v1,glm-53,0.31.1rc1.dev260+ga98247ab4,16k,1,3,True,44.3702336079441,138.47121144974028,503.7037320435047,6.6259971978033665,12,177.4809344317764,0.008403361344537785,0.0,,results/five-model-rerun-h100-v1/glm-53/pilot/off-profidle/ctx16k_osl2048_c1/repeat-1
five-model-rerun-h100-v1,glm-53,0.31.1rc1.dev260+ga98247ab4,16k,16,16,True,32.836602043011226,997.9108056637112,4126.269784988835,13.960710343195952,48,98.50980612903368,0.12893157262905164,0.0,,results/five-model-rerun-h100-v1/glm-53/pilot/off-profidle/ctx16k_osl2048_c16/repeat-1
five-model-rerun-h100-v1,glm-53,0.31.1rc1.dev260+ga98247ab4,1k,1,3,True,42.904483392019756,143.20181748518118,146.09335910063237,6.582730000453734,12,171.61793356807902,0.0024009603841537164,0.0,,results/five-model-rerun-h100-v1/glm-53/pilot/off-profidle/ctx1k_osl2048_c1/repeat-1
five-model-rerun-h100-v1,glm-53,0.31.1rc1.dev260+ga98247ab4,1k,16,16,True,25.765997146023437,1271.7536144358849,422.72126697935164,12.376838816316415,48,77.29799143807031,0.038415366146458574,0.0,,results/five-model-rerun-h100-v1/glm-53/pilot/off-profidle/ctx1k_osl2048_c16/repeat-1
five-model-rerun-h100-v1,glm-53,0.31.1rc1.dev260+ga98247ab4,64k,1,3,True,49.31759673997294,124.58027978115486,2473.345958045684,6.666333425476598,12,197.27038695989177,0.026650660264105674,0.0,,results/five-model-rerun-h100-v1/glm-53/pilot/off-profidle/ctx64k_osl2048_c1/repeat-1
five-model-rerun-h100-v1,glm-53,0.31.1rc1.dev260+ga98247ab4,64k,16,9,True,41.46658118197229,444.50252407144103,9554.56800898537,15.471218624784651,48,124.39974354591686,0.23577430972388957,0.0,,results/five-model-rerun-h100-v1/glm-53/pilot/off-profidle/ctx64k_osl2048_c16/repeat-1
