study,model,capture,kernel,calls,long_calls,long_median_ms,short_calls,short_median_ms,rule,evidence
five-model-rerun-h100-v1,v4-0731,prefill128k,humming 4096x4096,43,43,2.3270999999999997,0,,long = at least a quarter of the longest call of this kernel in the chunk,results/five-model-rerun-h100-v1/v4-0731/profiles/prefill128k.kernels_rank0.json
five-model-rerun-h100-v1,v4-0731,prefill16k,humming 4096x4096,43,43,2.2906,0,,long = at least a quarter of the longest call of this kernel in the chunk,results/five-model-rerun-h100-v1/v4-0731/profiles/prefill16k.kernels_rank0.json
five-model-rerun-h100-v1,v4-0731,prefill1k,humming 4096x4096,43,43,0.7617999999999999,0,,long = at least a quarter of the longest call of this kernel in the chunk,results/five-model-rerun-h100-v1/v4-0731/profiles/prefill1k.kernels_rank0.json
five-model-rerun-h100-v1,v4-0731,prefill64k,humming 4096x4096,43,43,2.3165,0,,long = at least a quarter of the longest call of this kernel in the chunk,results/five-model-rerun-h100-v1/v4-0731/profiles/prefill64k.kernels_rank0.json
five-model-rerun-h100-v1,v41,prefill128k,humming 4608x5120,40,20,3.3707,20,0.5453,long = at least a quarter of the longest call of this kernel in the chunk,results/five-model-rerun-h100-v1/v41/profiles/prefill128k.kernels_rank0.json
five-model-rerun-h100-v1,v41,prefill16k,humming 4608x5120,40,20,3.2748000000000004,20,0.5314000000000001,long = at least a quarter of the longest call of this kernel in the chunk,results/five-model-rerun-h100-v1/v41/profiles/prefill16k.kernels_rank0.json
five-model-rerun-h100-v1,v41,prefill1k,humming 4608x5120,40,40,0.86075,0,,long = at least a quarter of the longest call of this kernel in the chunk,results/five-model-rerun-h100-v1/v41/profiles/prefill1k.kernels_rank0.json
five-model-rerun-h100-v1,v41,prefill64k,humming 4608x5120,40,20,3.31705,20,0.53655,long = at least a quarter of the longest call of this kernel in the chunk,results/five-model-rerun-h100-v1/v41/profiles/prefill64k.kernels_rank0.json
five-model-rerun-h100-v1,mimo-v26,prefill128k,humming 4096x4096,46,46,3.30535,0,,long = at least a quarter of the longest call of this kernel in the chunk,results/five-model-rerun-h100-v1/mimo-v26/profiles/prefill128k.kernels_rank0.json
five-model-rerun-h100-v1,mimo-v26,prefill16k,humming 4096x4096,46,46,3.1874499999999997,0,,long = at least a quarter of the longest call of this kernel in the chunk,results/five-model-rerun-h100-v1/mimo-v26/profiles/prefill16k.kernels_rank0.json
five-model-rerun-h100-v1,mimo-v26,prefill1k,humming 4096x4096,46,46,0.8459500000000001,0,,long = at least a quarter of the longest call of this kernel in the chunk,results/five-model-rerun-h100-v1/mimo-v26/profiles/prefill1k.kernels_rank0.json
five-model-rerun-h100-v1,mimo-v26,prefill64k,humming 4096x4096,46,46,3.2023,0,,long = at least a quarter of the longest call of this kernel in the chunk,results/five-model-rerun-h100-v1/mimo-v26/profiles/prefill64k.kernels_rank0.json
five-model-rerun-h100-v1,qwen-38-bf16,prefill128k,fused_moe_kernel,96,96,0.18605000000000002,0,,long = at least a quarter of the longest call of this kernel in the chunk,results/five-model-rerun-h100-v1/qwen-38-bf16/profiles/prefill128k.kernels_rank0.json
five-model-rerun-h100-v1,qwen-38-bf16,prefill16k,fused_moe_kernel,96,96,0.18530000000000002,0,,long = at least a quarter of the longest call of this kernel in the chunk,results/five-model-rerun-h100-v1/qwen-38-bf16/profiles/prefill16k.kernels_rank0.json
five-model-rerun-h100-v1,qwen-38-bf16,prefill1k,fused_moe_kernel,96,96,0.10625,0,,long = at least a quarter of the longest call of this kernel in the chunk,results/five-model-rerun-h100-v1/qwen-38-bf16/profiles/prefill1k.kernels_rank0.json
five-model-rerun-h100-v1,qwen-38-bf16,prefill64k,fused_moe_kernel,96,96,0.18425,0,,long = at least a quarter of the longest call of this kernel in the chunk,results/five-model-rerun-h100-v1/qwen-38-bf16/profiles/prefill64k.kernels_rank0.json
five-model-rerun-h100-v1,glm-53,prefill128k,fp8_gemm_kernel 4096x4096,42,42,0.38289999999999996,0,,long = at least a quarter of the longest call of this kernel in the chunk,results/five-model-rerun-h100-v1/glm-53/profiles/prefill128k.kernels_rank0.json
five-model-rerun-h100-v1,glm-53,prefill16k,fp8_gemm_kernel 4096x4096,42,42,0.36555,0,,long = at least a quarter of the longest call of this kernel in the chunk,results/five-model-rerun-h100-v1/glm-53/profiles/prefill16k.kernels_rank0.json
five-model-rerun-h100-v1,glm-53,prefill1k,fp8_gemm_kernel 4096x4096,42,42,0.212,0,,long = at least a quarter of the longest call of this kernel in the chunk,results/five-model-rerun-h100-v1/glm-53/profiles/prefill1k.kernels_rank0.json
five-model-rerun-h100-v1,glm-53,prefill64k,fp8_gemm_kernel 4096x4096,42,42,0.37485,0,,long = at least a quarter of the longest call of this kernel in the chunk,results/five-model-rerun-h100-v1/glm-53/profiles/prefill64k.kernels_rank0.json
