study,model,runtime,bucket,concurrency,block,attempt,n,itl_ms_pos_2_256,itl_ms_pos_257_1024,itl_ms_pos_1025_2048,steady_start_s,steady_end_s,steady_tokens,steady_output_tok_s,full_run_s,full_output_tok_s,steady_share_of_run,evidence
five-model-rerun-h100-v1,v4-0731,0.31.1rc1.dev260+ga98247ab4,16k,1,1,repeat-1,12,7.80615504862272,7.870952759579571,7.875694520899377,0.7603398730279878,199.83825403102674,24276,121.94220590805108,199.84235182299744,122.97693544843403,0.996174796493209,results/five-model-rerun-h100-v1/v4-0731/serving/off/ctx16k_osl2048_c1/repeat-1
five-model-rerun-h100-v1,v4-0731,0.31.1rc1.dev260+ga98247ab4,16k,16,1,repeat-1,48,34.70271644729389,14.529805665341023,16.72875905813382,11.701798200956546,120.84308531496208,96004,879.6304546025489,121.18371403194033,811.1981117701184,0.9006266888737147,results/five-model-rerun-h100-v1/v4-0731/serving/off/ctx16k_osl2048_c16/repeat-1
five-model-rerun-h100-v1,v4-0731,0.31.1rc1.dev260+ga98247ab4,1k,1,1,repeat-1,12,7.618347384960823,7.714149734359428,7.792211404497523,0.1834830300649628,194.19036562403198,24377,125.65018144752172,194.19390792690683,126.55391851556037,0.9990369145204585,results/five-model-rerun-h100-v1/v4-0731/serving/off/ctx1k_osl2048_c1/repeat-1
five-model-rerun-h100-v1,v4-0731,0.31.1rc1.dev260+ga98247ab4,1k,16,1,repeat-1,48,14.185149263576498,14.311210803564714,14.206561224167643,0.8162112599238753,86.88267109100707,96049,1115.9864154806514,86.9588684020564,1130.4654925532047,0.9897375783819181,results/five-model-rerun-h100-v1/v4-0731/serving/off/ctx1k_osl2048_c16/repeat-1
five-model-rerun-h100-v1,v4-0731,0.31.1rc1.dev260+ga98247ab4,64k,1,1,repeat-1,12,7.899580246105401,9.111323822594386,9.233569010773829,3.255682296003215,232.7030631620437,22164,96.59731096664873,232.70766675902996,105.60889695760896,0.9859897787709524,results/five-model-rerun-h100-v1/v4-0731/serving/off/ctx64k_osl2048_c1/repeat-1
five-model-rerun-h100-v1,v4-0731,0.31.1rc1.dev260+ga98247ab4,64k,16,1,repeat-1,48,116.7698202445381,15.189561196005267,29.688633079647172,52.005785205052234,249.30517718708143,92915,470.9340412385207,250.76325820805505,392.0191526560818,0.7867954555700198,results/five-model-rerun-h100-v1/v4-0731/serving/off/ctx64k_osl2048_c16/repeat-1
five-model-rerun-h100-v1,mimo-v26,0.31.1rc1.dev260+ga98247ab4,16k,1,1,repeat-1,12,5.814583109824134,76.45529354371202,11.005986376511213,0.648541781003587,152.41449998191092,17449,114.97308228305761,152.4192715579411,161.23945317936787,0.9957137089663533,results/five-model-rerun-h100-v1/mimo-v26/serving/off/ctx16k_osl2048_c1/repeat-1
five-model-rerun-h100-v1,mimo-v26,0.31.1rc1.dev260+ga98247ab4,16k,16,1,repeat-1,48,39.62085235910074,186.58601462591426,24.984436434803527,10.876817635959014,120.4484508279711,65135,594.4513018790016,120.77588324109092,813.9373305494037,0.9072310651066564,results/five-model-rerun-h100-v1/mimo-v26/serving/off/ctx16k_osl2048_c16/repeat-1
five-model-rerun-h100-v1,mimo-v26,0.31.1rc1.dev260+ga98247ab4,1k,1,1,repeat-1,12,5.7315961235230235,15.511537505650992,225.43528367475784,0.10679685301147401,142.84326032095123,15372,107.69497594742305,142.84865235793404,172.0422250706309,0.9992146310928214,results/five-model-rerun-h100-v1/mimo-v26/serving/off/ctx1k_osl2048_c1/repeat-1
five-model-rerun-h100-v1,mimo-v26,0.31.1rc1.dev260+ga98247ab4,1k,16,1,repeat-1,48,19.715697422856408,59.38451968306185,38.47236392376487,0.7543546359520406,86.59648818406276,69687,811.8041469803813,86.7088336830493,1133.725317530334,0.990004477074312,results/five-model-rerun-h100-v1/mimo-v26/serving/off/ctx1k_osl2048_c16/repeat-1
five-model-rerun-h100-v1,mimo-v26,0.31.1rc1.dev260+ga98247ab4,64k,1,1,repeat-1,12,6.041564043874554,22.415729420173633,6.087414748469649,2.957204252947122,187.2043825739529,18496,100.38688336260559,187.21021522104274,131.27488780984862,0.9841726751046226,results/five-model-rerun-h100-v1/mimo-v26/serving/off/ctx64k_osl2048_c1/repeat-1
five-model-rerun-h100-v1,mimo-v26,0.31.1rc1.dev260+ga98247ab4,64k,16,1,repeat-1,48,107.12193095432848,40.412879429239645,44.83638097851282,50.57942900795024,248.49516271194443,77882,393.5109076092026,249.94584164209664,393.3012021890879,0.7918344726350536,results/five-model-rerun-h100-v1/mimo-v26/serving/off/ctx64k_osl2048_c16/repeat-1
