study,model,label,context,context_tokens,unit,read_window_bytes,read_selected_bytes,read_search_index_bytes,read_full_attention_bytes,read_recurrent_bytes,read_total_bytes,write_new_token_bytes,write_recurrent_bytes,write_total_bytes,read_plus_write_bytes,stored_bytes_per_token_from_shapes,stored_bytes_per_token_measured,shapes_over_measured,fixed_bytes_per_request_measured,assumptions
five-model-rerun-h100-v1,v4-0731,Estimate,1k,1024,"bytes per GPU per decode step, one request",3214336,3233024,730752,0,0,7178112,3871,0,3871,7181983,3870.9,3918.8,0.988,27948535,the indexer reads every index entry of the request at each step; page alignment ignored
five-model-rerun-h100-v1,v4-0731,Estimate,16k,16384,"bytes per GPU per decode step, one request",3214336,7774208,11692032,0,0,22680576,3871,0,3871,22684447,3870.9,3918.8,0.988,27948535,the indexer reads every index entry of the request at each step; page alignment ignored
five-model-rerun-h100-v1,v4-0731,Estimate,64k,65536,"bytes per GPU per decode step, one request",3214336,12259328,46768128,0,0,62241792,3871,0,3871,62245663,3870.9,3918.8,0.988,27948535,the indexer reads every index entry of the request at each step; page alignment ignored
five-model-rerun-h100-v1,v4-0731,Estimate,128k,131072,"bytes per GPU per decode step, one request",3214336,12259328,93536256,0,0,109009920,3871,0,3871,109013791,3870.9,3918.8,0.988,27948535,the indexer reads every index entry of the request at each step; page alignment ignored
five-model-rerun-h100-v1,v41,Estimate,1k,1024,"bytes per GPU per decode step, one request",2990080,11362304,452608,0,0,14804992,1902,0,1902,14806894,1902.0,1827.0,1.041,5073548,the four index sources up to layer 20 read every index entry and the four deeper ones read only the candidate pool; every layer gathers its own 512 states from a shared source; Engram tables live in host memory and are not counted
five-model-rerun-h100-v1,v41,Estimate,16k,16384,"bytes per GPU per decode step, one request",2990080,11362304,7241728,0,0,21594112,1902,0,1902,21596014,1902.0,1827.0,1.041,5073548,the four index sources up to layer 20 read every index entry and the four deeper ones read only the candidate pool; every layer gathers its own 512 states from a shared source; Engram tables live in host memory and are not counted
five-model-rerun-h100-v1,v41,Estimate,64k,65536,"bytes per GPU per decode step, one request",2990080,11362304,15597568,0,0,29949952,1902,0,1902,29951854,1902.0,1827.0,1.041,5073548,the four index sources up to layer 20 read every index entry and the four deeper ones read only the candidate pool; every layer gathers its own 512 states from a shared source; Engram tables live in host memory and are not counted
five-model-rerun-h100-v1,v41,Estimate,128k,131072,"bytes per GPU per decode step, one request",2990080,11362304,26738688,0,0,41091072,1902,0,1902,41092974,1902.0,1827.0,1.041,5073548,the four index sources up to layer 20 read every index entry and the four deeper ones read only the candidate pool; every layer gathers its own 512 states from a shared source; Engram tables live in host memory and are not counted
five-model-rerun-h100-v1,mimo-v26,Estimate,1k,1024,"bytes per GPU per decode step, one request",3194880,0,0,5898240,0,9093120,5760,0,5760,9098880,5760,5758.3,1.0,7882695,full-attention layers read all stored keys and values of the request
five-model-rerun-h100-v1,mimo-v26,Estimate,16k,16384,"bytes per GPU per decode step, one request",3194880,0,0,94371840,0,97566720,5760,0,5760,97572480,5760,5758.3,1.0,7882695,full-attention layers read all stored keys and values of the request
five-model-rerun-h100-v1,mimo-v26,Estimate,64k,65536,"bytes per GPU per decode step, one request",3194880,0,0,377487360,0,380682240,5760,0,5760,380688000,5760,5758.3,1.0,7882695,full-attention layers read all stored keys and values of the request
five-model-rerun-h100-v1,mimo-v26,Estimate,128k,131072,"bytes per GPU per decode step, one request",3194880,0,0,754974720,0,758169600,5760,0,5760,758175360,5760,5758.3,1.0,7882695,full-attention layers read all stored keys and values of the request
five-model-rerun-h100-v1,qwen-38-bf16,Estimate,1k,1024,"bytes per GPU per decode step, one request",0,12582912,726082,0,7077888,20386882,12997,7077888,7090885,27477767,12288,12997.1,0.945,43092050,the from-shapes column holds keys and values only; index bytes per token are not derived from source and are taken as the measured growth minus that part; the indexer reads every index entry; each recurrent state is read and rewritten whole
five-model-rerun-h100-v1,qwen-38-bf16,Estimate,16k,16384,"bytes per GPU per decode step, one request",0,25165824,11617315,0,7077888,43861027,12997,7077888,7090885,50951912,12288,12997.1,0.945,43092050,the from-shapes column holds keys and values only; index bytes per token are not derived from source and are taken as the measured growth minus that part; the indexer reads every index entry; each recurrent state is read and rewritten whole
five-model-rerun-h100-v1,qwen-38-bf16,Estimate,64k,65536,"bytes per GPU per decode step, one request",0,25165824,46469260,0,7077888,78712972,12997,7077888,7090885,85803857,12288,12997.1,0.945,43092050,the from-shapes column holds keys and values only; index bytes per token are not derived from source and are taken as the measured growth minus that part; the indexer reads every index entry; each recurrent state is read and rewritten whole
five-model-rerun-h100-v1,qwen-38-bf16,Estimate,128k,131072,"bytes per GPU per decode step, one request",0,25165824,92938519,0,7077888,125182231,12997,7077888,7090885,132273116,12288,12997.1,0.945,43092050,the from-shapes column holds keys and values only; index bytes per token are not derived from source and are taken as the measured growth minus that part; the indexer reads every index entry; each recurrent state is read and rewritten whole
five-model-rerun-h100-v1,glm-53,Estimate,1k,1024,"bytes per GPU per decode step, one request",0,11534336,371712,0,17825792,29731840,11627,17825792,17837419,47569259,11627.0,11678.9,0.996,49336011,the indexer reads every pooled index entry; each recurrent state is read and rewritten whole; tail buffers and page padding ignored
five-model-rerun-h100-v1,glm-53,Estimate,16k,16384,"bytes per GPU per decode step, one request",0,23068672,5947392,0,17825792,46841856,11627,17825792,17837419,64679275,11627.0,11678.9,0.996,49336011,the indexer reads every pooled index entry; each recurrent state is read and rewritten whole; tail buffers and page padding ignored
five-model-rerun-h100-v1,glm-53,Estimate,64k,65536,"bytes per GPU per decode step, one request",0,23068672,23789568,0,17825792,64684032,11627,17825792,17837419,82521451,11627.0,11678.9,0.996,49336011,the indexer reads every pooled index entry; each recurrent state is read and rewritten whole; tail buffers and page padding ignored
five-model-rerun-h100-v1,glm-53,Estimate,128k,131072,"bytes per GPU per decode step, one request",0,23068672,47579136,0,17825792,88473600,11627,17825792,17837419,106311019,11627.0,11678.9,0.996,49336011,the indexer reads every pooled index entry; each recurrent state is read and rewritten whole; tail buffers and page padding ignored
