model,arm,role,scope,workload,source_json,date,num_prompts,completed,failed,duration,total_input_tokens,total_output_tokens,max_concurrency,output_throughput,median_ttft_ms,median_tpot_ms,p99_ttft_ms,p99_tpot_ms,peak_kv_cache_usage_perc,spec_decode_acceptance_rate,spec_decode_acceptance_length
zai-org/GLM-5.3-Flash,bf16kv,primary,dormant,batch_isl16k_c1,references/glm-5.3-flash/results/bf16kv/batch_isl16k_c1.json,20260902-015503,8,8,0,21.264794463291764,131168,2048,1,96.30941900404206,856.9473130628467,7.05557944727879,886.4638211205602,7.0598328307855365,0.014,,
zai-org/GLM-5.3-Flash,bf16kv,primary,dormant,batch_isl16k_c16,references/glm-5.3-flash/results/bf16kv/batch_isl16k_c16.json,20260902-015636,32,32,0,22.80804237537086,524672,8192,16,359.17155296265526,2684.938210994005,33.57015370446093,8321.627325192096,39.85966767217306,0.201,,
zai-org/GLM-5.3-Flash,bf16kv,primary,dormant,batch_isl16k_c2,references/glm-5.3-flash/results/bf16kv/batch_isl16k_c2.json,20260902-105015,8,8,0,16.760650999844074,131168,2048,2,122.1909578583226,1341.0567995160818,8.513206071859482,4615.239620152861,10.490397911884035,0.025,,
zai-org/GLM-5.3-Flash,bf16kv,primary,dormant,batch_isl16k_c32,references/glm-5.3-flash/results/bf16kv/batch_isl16k_c32.json,20260902-105214,64,64,0,40.310462499037385,1049344,16384,32,406.4453490304471,2239.5124677568674,68.56824757129539,16374.665531460196,73.07264653052769,0.404,,
zai-org/GLM-5.3-Flash,bf16kv,primary,dormant,batch_isl16k_c4,references/glm-5.3-flash/results/bf16kv/batch_isl16k_c4.json,20260902-015541,8,8,0,9.090230647474527,131168,2048,4,225.29681362584358,1742.3008941113949,10.932360092798868,2318.900881614536,13.751051898753527,0.051,,
zai-org/GLM-5.3-Flash,bf16kv,primary,dormant,batch_isl16k_c48,references/glm-5.3-flash/results/bf16kv/batch_isl16k_c48.json,20260902-105349,96,96,0,56.80554185062647,1574016,24576,48,432.6338452086954,1991.50347430259,100.53110647508326,24405.647349637,103.9796060141103,0.607,,
zai-org/GLM-5.3-Flash,bf16kv,primary,dormant,batch_isl16k_c64,references/glm-5.3-flash/results/bf16kv/batch_isl16k_c64.json,20260902-015829,128,128,0,73.2955731600523,2098688,32768,64,447.06656333044793,2513.1567614153028,129.51669973120386,32605.60242222622,134.34711053573034,0.809,,
zai-org/GLM-5.3-Flash,bf16kv,primary,dormant,batch_isl16k_c8,references/glm-5.3-flash/results/bf16kv/batch_isl16k_c8.json,20260902-105059,16,16,0,13.796072812750936,262336,4096,8,296.896084530251,2191.307577304542,18.11611101250438,4272.913727071135,22.75788125015941,0.101,,
zai-org/GLM-5.3-Flash,bf16kv,primary,dormant,ctx_isl131072_c8,references/glm-5.3-flash/results/bf16kv/ctx_isl131072_c8.json,20260902-020235,16,16,0,86.70034860819578,2097344,4096,8,47.24317797740441,12891.470643691719,116.68617562116945,44664.03167620301,167.59333486723548,0.725,,
zai-org/GLM-5.3-Flash,bf16kv,primary,dormant,ctx_isl16384_c8,references/glm-5.3-flash/results/bf16kv/ctx_isl16384_c8.json,20260902-015913,16,16,0,13.842485761269927,262336,4096,8,295.90061139598583,2629.316257312894,16.656373959838177,4234.8010945133865,22.76972168106951,0.102,,
zai-org/GLM-5.3-Flash,bf16kv,primary,dormant,ctx_isl260000_c8,references/glm-5.3-flash/results/bf16kv/ctx_isl260000_c8.json,20260902-025206,16,16,0,154.73329507745802,4160192,4096,8,26.471355101367042,38476.39627754688,147.64669626293815,75055.06714992225,148.73304344786732,0.895,,
zai-org/GLM-5.3-Flash,bf16kv,primary,dormant,ctx_isl65536_c8,references/glm-5.3-flash/results/bf16kv/ctx_isl65536_c8.json,20260902-020028,16,16,0,39.28248776495457,1048768,4096,8,104.27038186858931,7212.386433966458,47.96408782621809,17039.29227106273,65.35871095809283,0.366,,
zai-org/GLM-5.3-Flash,bf16kv,primary,dormant,prefix_p64k_n1,references/glm-5.3-flash/results/bf16kv/prefix_p64k_n1.json,20260902-020515,64,64,0,61.760444939136505,4326144,16384,8,265.2830629077568,1664.0244955196977,12.600557341733401,14886.654160637408,58.48810592038082,,,
zai-org/GLM-5.3-Flash,bf16kv,primary,dormant,prefix_p64k_n16,references/glm-5.3-flash/results/bf16kv/prefix_p64k_n16.json,20260902-020833,64,64,0,82.14995325170457,4326146,16384,8,199.4401621848767,1342.1188462525606,20.815275236964226,15557.184601835905,83.91675799347314,,,
zai-org/GLM-5.3-Flash,bf16kv,primary,dormant,prefix_p64k_n4,references/glm-5.3-flash/results/bf16kv/prefix_p64k_n4.json,20260902-020633,64,64,0,44.78036097995937,4326146,16384,8,365.87467455504344,1496.701647527516,12.906384321988797,6687.366382814938,27.960299464855705,,,
zai-org/GLM-5.3-Flash,bf16kv-fi618,experimental,dormant,batch_isl16k_c1,references/glm-5.3-flash/results/bf16kv-fi618/batch_isl16k_c1.json,20260902-045946,8,8,0,28.64021053351462,131168,2048,1,71.50785423184797,1015.0638986378908,9.519583954676694,2041.1890298128124,9.547563249500943,0.014,,
zai-org/GLM-5.3-Flash,bf16kv-fi618,experimental,dormant,batch_isl16k_c16,references/glm-5.3-flash/results/bf16kv-fi618/batch_isl16k_c16.json,20260902-050132,32,32,0,31.145343283191323,524672,8192,16,263.0248742328392,2486.295185983181,50.13599692679503,10546.038855854424,54.75226858017199,0.194,,
zai-org/GLM-5.3-Flash,bf16kv-fi618,experimental,dormant,batch_isl16k_c4,references/glm-5.3-flash/results/bf16kv-fi618/batch_isl16k_c4.json,20260902-050029,8,8,0,13.880054671317339,131168,2048,4,147.54985109908264,2209.2522867023945,18.45775122443835,3024.51923167333,22.192978100230295,0.048,,
zai-org/GLM-5.3-Flash,bf16kv-fi618,experimental,dormant,batch_isl16k_c64,references/glm-5.3-flash/results/bf16kv-fi618/batch_isl16k_c64.json,20260902-050346,128,128,0,93.95136193558574,2098688,32768,64,348.77621063616044,2537.8653816878796,167.8522968226496,41493.83143240586,171.80644261413346,0.779,,
zai-org/GLM-5.3-Flash,bf16kv-mtp-n1,control,dormant,batch_isl16k_c1,references/glm-5.3-flash/results/bf16kv-mtp-n1/batch_isl16k_c1.json,20260902-051951,8,8,0,17.10405103676021,131168,2048,1,119.73771567907605,721.0245616734028,5.051815641276977,1629.4139476679263,5.264414030985505,0.014,71.99327165685449,1.719932716568545
zai-org/GLM-5.3-Flash,bf16kv-mtp-n1,control,dormant,batch_isl16k_c16,references/glm-5.3-flash/results/bf16kv-mtp-n1/batch_isl16k_c16.json,20260902-052137,32,32,0,23.765483055263758,524672,8192,16,344.7015985726229,2829.1953541338444,32.972835913738784,9883.500393852592,46.733574670465565,0.231,71.69256614867703,1.7169256614867703
zai-org/GLM-5.3-Flash,bf16kv-mtp-n1,control,dormant,batch_isl16k_c4,references/glm-5.3-flash/results/bf16kv-mtp-n1/batch_isl16k_c4.json,20260902-052557,8,8,0,8.540557300671935,131168,2048,4,239.79699777189856,1273.6979443579912,11.821248123020519,2440.22327594459,14.193371721269452,0.057,73.72448979591837,1.7372448979591837
zai-org/GLM-5.3-Flash,bf16kv-mtp-n1,control,dormant,batch_isl16k_c64,references/glm-5.3-flash/results/bf16kv-mtp-n1/batch_isl16k_c64.json,20260902-052331,128,128,0,74.15041931718588,2098688,32768,64,441.91253807792486,3022.4899919703603,123.79661465757619,34662.01767811552,146.31374494453854,0.928,71.65432876568488,1.7165432876568487
zai-org/GLM-5.3-Flash,bf16kv-mtp-n1-context,control,dormant,ctx_isl131072_c8,references/glm-5.3-flash/results/bf16kv-mtp-n1-context/ctx_isl131072_c8.json,20260902-112351,16,16,0,90.47631366178393,2097344,4096,8,45.27151730906671,10734.338043257594,122.94900642306197,47157.95341022312,192.52288348534526,0.789,63.873295910184446,1.6387329591018445
zai-org/GLM-5.3-Flash,bf16kv-mtp-n1-context,control,dormant,ctx_isl16384_c8,references/glm-5.3-flash/results/bf16kv-mtp-n1-context/ctx_isl16384_c8.json,20260902-113155,16,16,0,13.01107458025217,262336,4096,8,314.8087404107874,2100.942495279014,17.218407126618366,4495.018485747278,23.044235273538266,0.115,72.21753794266442,1.7221753794266443
zai-org/GLM-5.3-Flash,bf16kv-mtp-n1-context,control,dormant,ctx_isl260000_c8,references/glm-5.3-flash/results/bf16kv-mtp-n1-context/ctx_isl260000_c8.json,20260902-112751,16,16,0,184.48777765408158,4160192,4096,8,22.202012795016074,41066.71982072294,151.33503440621436,102368.56262879446,244.8922708944655,0.969,72.8233305156382,1.728233305156382
zai-org/GLM-5.3-Flash,bf16kv-mtp-n1-context,control,dormant,ctx_isl65536_c8,references/glm-5.3-flash/results/bf16kv-mtp-n1-context/ctx_isl65536_c8.json,20260902-112139,16,16,0,41.952622063457966,1048768,4096,8,97.63394511561991,5426.726127043366,57.172935550995895,19727.775354404002,87.69786382605339,0.406,66.9255928045789,1.669255928045789
zai-org/GLM-5.3-Flash,bf16kv-mtp-n5,control,dormant,batch_isl16k_c1,references/glm-5.3-flash/results/bf16kv-mtp-n5/batch_isl16k_c1.json,20260902-053552,8,8,0,16.954552045091987,131168,2048,1,120.79351872896319,733.8436916470528,4.864811101088336,1694.8731975816188,5.620498765917385,0.019,30.13463892288862,2.5067319461444306
zai-org/GLM-5.3-Flash,bf16kv-mtp-n5,control,dormant,batch_isl16k_c16,references/glm-5.3-flash/results/bf16kv-mtp-n5/batch_isl16k_c16.json,20260902-053726,32,32,0,23.944753961637616,524672,8192,16,342.1208676073503,2119.079996831715,33.79848290453939,8976.533522866666,54.456927088984095,0.31,31.820480404551198,2.59102402022756
zai-org/GLM-5.3-Flash,bf16kv-mtp-n5,control,dormant,batch_isl16k_c4,references/glm-5.3-flash/results/bf16kv-mtp-n5/batch_isl16k_c4.json,20260902-053630,8,8,0,8.876911371946335,131168,2048,4,230.71087613562142,1676.4211812987924,11.655543485254634,2724.6341242641206,14.29223448111146,0.074,33.85019710906702,2.692509855453351
zai-org/GLM-5.3-Flash,bf16kv-mtp-n5,control,dormant,batch_isl16k_c64,references/glm-5.3-flash/results/bf16kv-mtp-n5/batch_isl16k_c64.json,20260902-053926,128,128,0,80.25015089660883,2098688,32768,64,408.3232197558982,10723.874086514115,101.1458397057711,38504.186189267784,135.54819357694655,0.992,30.12228676245796,2.5061143381228983
zai-org/GLM-5.3-Flash,fp8kv-fi618,experimental,dormant,batch_isl16k_c1,references/glm-5.3-flash/results/fp8kv-fi618/batch_isl16k_c1.json,20260902-041322,8,8,0,29.725745080038905,131168,2048,1,68.89650686586994,1098.0257643386722,9.8339755416793,1927.6379044167695,9.84868269508668,0.008,,
zai-org/GLM-5.3-Flash,fp8kv-fi618,experimental,dormant,batch_isl16k_c16,references/glm-5.3-flash/results/fp8kv-fi618/batch_isl16k_c16.json,20260902-041518,32,32,0,39.231306463479996,524672,8192,16,208.81282675675982,2910.798152908683,64.56156205385923,14373.03134482354,70.56584474108382,0.127,,
zai-org/GLM-5.3-Flash,fp8kv-fi618,experimental,dormant,batch_isl16k_c4,references/glm-5.3-flash/results/fp8kv-fi618/batch_isl16k_c4.json,20260902-041407,8,8,0,15.910731811076403,131168,2048,4,128.71815227092608,2602.610431611538,20.72321914647724,3997.0244793966413,26.211338459276686,0.032,,
zai-org/GLM-5.3-Flash,fp8kv-fi618,experimental,dormant,batch_isl16k_c64,references/glm-5.3-flash/results/fp8kv-fi618/batch_isl16k_c64.json,20260902-041802,128,128,0,125.0667311437428,2098688,32768,64,262.004129318282,2958.3464385941625,227.1530613997111,56546.157146953046,231.85387374015127,0.511,,
zai-org/GLM-5.3-Flash,fp8kv-fi618,experimental,dormant,ctx_isl131072_c8,references/glm-5.3-flash/results/fp8kv-fi618/ctx_isl131072_c8.json,20260902-042339,16,16,0,129.00491576455534,2097344,4096,8,31.750728068963973,15949.210089631379,187.74304423554273,60478.08058299124,218.38183100024858,0.428,,
zai-org/GLM-5.3-Flash,fp8kv-fi618,experimental,dormant,ctx_isl16384_c8,references/glm-5.3-flash/results/fp8kv-fi618/ctx_isl16384_c8.json,20260902-041856,16,16,0,23.96409193612635,262336,4096,8,170.92239551231222,2876.137478277087,35.201704392538346,7187.166064418852,41.290373989545245,0.064,,
zai-org/GLM-5.3-Flash,fp8kv-fi618,experimental,dormant,ctx_isl260000_c8,references/glm-5.3-flash/results/fp8kv-fi618/ctx_isl260000_c8.json,20260902-042845,16,16,0,251.13277918845415,4160192,4096,8,16.310097046018413,34808.96380357444,349.0606271460944,120889.78820387274,418.4560013244696,0.838,,
zai-org/GLM-5.3-Flash,fp8kv-fi618,experimental,dormant,ctx_isl65536_c8,references/glm-5.3-flash/results/fp8kv-fi618/ctx_isl65536_c8.json,20260902-042050,16,16,0,78.54900768399239,1048768,4096,8,52.145789243811535,8047.537410631776,106.12245821485332,38541.29165839403,155.9060310294815,0.22,,
zai-org/GLM-5.3-Flash,fp8kv-fi618,experimental,dormant,prefix_p64k_n1,references/glm-5.3-flash/results/fp8kv-fi618/prefix_p64k_n1.json,20260902-043026,64,64,0,69.8820754494518,4326144,16384,8,234.45210942326878,1536.228520795703,21.306282800494458,16948.04885737598,66.39234752047297,,,
zai-org/GLM-5.3-Flash,fp8kv-fi618,experimental,dormant,prefix_p64k_n16,references/glm-5.3-flash/results/fp8kv-fi618/prefix_p64k_n16.json,20260902-043439,64,64,0,112.9320357479155,4326146,16384,8,145.07840836741858,2084.5929170027375,25.454709247923365,24840.705861132585,93.85856860233284,,,
zai-org/GLM-5.3-Flash,fp8kv-fi618,experimental,dormant,prefix_p64k_n4,references/glm-5.3-flash/results/fp8kv-fi618/prefix_p64k_n4.json,20260902-043208,64,64,0,68.72471440397203,4326146,16384,8,238.40040867529697,1533.6176799610257,21.326732679324994,12471.805815119296,48.09820135872738,,,
Qwen/Qwen3.8-Flash-Next-FP8,base,qualified,dormant,batch_isl16k_c1,references/qwen3.8-flash-next-fp8/results/base/batch_isl16k_c1.json,20260902-075950,8,8,0,19.018254812806845,131491,2048,1,107.68601115917755,602.4023415520787,6.962442843645227,644.9896120838821,6.975909650179685,0.009,,
Qwen/Qwen3.8-Flash-Next-FP8,base,qualified,dormant,batch_isl16k_c16,references/qwen3.8-flash-next-fp8/results/base/batch_isl16k_c16.json,20260902-074330,32,32,0,22.082602746784687,525965,8192,16,370.9707634528175,3167.9761465638876,32.164793096336666,9978.513679821046,43.13891433646866,0.145,,
Qwen/Qwen3.8-Flash-Next-FP8,base,qualified,dormant,batch_isl16k_c4,references/qwen3.8-flash-next-fp8/results/base/batch_isl16k_c4.json,20260902-074236,8,8,0,12.624850310385227,131490,2048,4,162.2197451573197,2250.113413669169,9.837982840105598,6704.936416298151,23.0131272750304,0.036,,
Qwen/Qwen3.8-Flash-Next-FP8,base,qualified,dormant,batch_isl16k_c64,references/qwen3.8-flash-next-fp8/results/base/batch_isl16k_c64.json,20260902-074516,128,128,0,63.279712511226535,2103865,32768,64,517.8278898499514,2942.005123011768,110.05726496451626,28696.491014976054,117.43526500288179,0.575,,
Qwen/Qwen3.8-Flash-Next-FP8,base,qualified,dormant,ctx_isl131072_c8,references/qwen3.8-flash-next-fp8/results/base/ctx_isl131072_c8.json,20260902-074908,16,16,0,72.5371807385236,2097990,4096,8,56.467593009506984,19835.577487014234,63.479719877096954,34165.784131828696,119.68381186399391,0.561,,
Qwen/Qwen3.8-Flash-Next-FP8,base,qualified,dormant,ctx_isl16384_c8,references/qwen3.8-flash-next-fp8/results/base/ctx_isl16384_c8.json,20260902-074558,16,16,0,12.692625228315592,262979,4096,8,322.707078033184,2329.8819893971086,15.629629589909433,4623.071785923094,23.37123058480667,0.072,,
Qwen/Qwen3.8-Flash-Next-FP8,base,qualified,dormant,ctx_isl260000_c8,references/qwen3.8-flash-next-fp8/results/base/ctx_isl260000_c8.json,20260902-075258,16,16,0,163.198328897357,4160838,4096,8,25.09829621218833,21338.182142935693,231.33126252568238,80552.2695099935,235.59131343757696,0.973,,
Qwen/Qwen3.8-Flash-Next-FP8,base,qualified,dormant,ctx_isl65536_c8,references/qwen3.8-flash-next-fp8/results/base/ctx_isl65536_c8.json,20260902-074710,16,16,0,35.76229220442474,1049415,4096,8,114.53404542937035,9287.196045741439,33.618071821390416,15777.033666428179,59.14352253225504,0.282,,
Qwen/Qwen3.8-Flash-Next-FP8,base,qualified,dormant,prefix_p64k_n1,references/qwen3.8-flash-next-fp8/results/base/prefix_p64k_n1.json,20260902-075405,64,64,0,36.09390535950661,4328768,16384,8,453.92705047597997,1470.5526838079095,10.841010058043052,3756.1171987466514,14.65941144935056,,,
Qwen/Qwen3.8-Flash-Next-FP8,base,qualified,dormant,prefix_p64k_n16,references/qwen3.8-flash-next-fp8/results/base/prefix_p64k_n16.json,20260902-075659,64,64,0,62.4781305976212,4328732,16384,8,262.23575902931714,2999.3444615975022,12.098607249265793,14695.758323874325,50.05775549905556,,,
Qwen/Qwen3.8-Flash-Next-FP8,base,qualified,dormant,prefix_p64k_n4,references/qwen3.8-flash-next-fp8/results/base/prefix_p64k_n4.json,20260902-075518,64,64,0,41.15989412739873,4328741,16384,8,398.0573892947342,1207.4904879555106,11.961227293838473,7640.55769784376,26.051960833808952,,,
Qwen/Qwen3.8-Flash-Next-FP8,base-util082,primary,dormant,batch_isl16k_c1,references/qwen3.8-flash-next-fp8/results/base-util082/batch_isl16k_c1.json,20260902-091756,8,8,0,19.277180392295122,131491,2048,1,106.23960342346348,597.9815740138292,6.970381616231274,831.7965587042272,6.983212995397694,0.006,,
Qwen/Qwen3.8-Flash-Next-FP8,base-util082,primary,dormant,batch_isl16k_c16,references/qwen3.8-flash-next-fp8/results/base-util082/batch_isl16k_c16.json,20260902-091925,32,32,0,19.497293267399073,525965,8192,16,420.16088529055645,2917.300104163587,26.319584703328562,7485.144792441279,34.40500715864347,0.092,,
Qwen/Qwen3.8-Flash-Next-FP8,base-util082,primary,dormant,batch_isl16k_c4,references/qwen3.8-flash-next-fp8/results/base-util082/batch_isl16k_c4.json,20260902-091835,8,8,0,7.973905244842172,131490,2048,4,256.83776482354426,1496.1667181923985,9.61598013253773,2075.189658496529,12.515387708869051,0.023,,
Qwen/Qwen3.8-Flash-Next-FP8,base-util082,primary,dormant,batch_isl16k_c64,references/qwen3.8-flash-next-fp8/results/base-util082/batch_isl16k_c64.json,20260902-092112,128,128,0,63.28968291543424,2103865,32768,64,517.7463133096054,2939.918457530439,110.08028010746428,28621.613872945312,117.42442466654614,0.369,,
Qwen/Qwen3.8-Flash-Next-FP8,mtp-n1,qualified,dormant,batch_isl16k_c1,references/qwen3.8-flash-next-fp8/results/mtp-n1/batch_isl16k_c1.json,20260902-081646,8,8,0,16.264552541077137,131491,2048,1,125.91800449644396,657.8614646568894,5.555167250043036,667.9931013472378,5.909647869859256,0.012,64.46414182111201,1.64464141821112
Qwen/Qwen3.8-Flash-Next-FP8,mtp-n1,qualified,dormant,batch_isl16k_c16,references/qwen3.8-flash-next-fp8/results/mtp-n1/batch_isl16k_c16.json,20260902-081134,32,32,0,25.427677933126688,525965,8192,16,322.1686235583321,1954.2923206463456,37.01219445130989,11245.779044795783,63.881118627520756,0.192,57.97718042931734,1.5797718042931734
Qwen/Qwen3.8-Flash-Next-FP8,mtp-n1,qualified,dormant,batch_isl16k_c4,references/qwen3.8-flash-next-fp8/results/mtp-n1/batch_isl16k_c4.json,20260902-081038,8,8,0,13.715372946113348,131490,2048,4,149.32149552523546,2305.673220194876,16.521137777496786,4744.030012227595,26.433358021153538,0.048,63.833199679230155,1.6383319967923016
Qwen/Qwen3.8-Flash-Next-FP8,mtp-n1,qualified,dormant,batch_isl16k_c64,references/qwen3.8-flash-next-fp8/results/mtp-n1/batch_isl16k_c64.json,20260902-081326,128,128,0,68.05643684603274,2103865,32768,64,481.4827445952332,3887.816679663956,109.76872406534704,31351.58231349662,133.4611796526348,0.761,56.8288703330454,1.568288703330454
deepseek-ai/DeepSeek-V4-Flash,mtp-off-image,primary,active-historical-reference,batch_isl16k_c1,references/deepseek-v4-flash/results/mtp-off-image/batch_isl16k_c1.json,20260902-060808,8,8,0,24.084480991587043,131736,2048,1,85.03401010448958,716.7535163462162,7.93815566701632,2727.0070992968967,7.946466073101642,0.166,,
deepseek-ai/DeepSeek-V4-Flash,mtp-off-image,primary,active-historical-reference,batch_isl16k_c16,references/deepseek-v4-flash/results/mtp-off-image/batch_isl16k_c16.json,20260902-064127,32,32,0,24.75826263986528,526944,8192,16,330.8794368636109,3945.805598050356,32.40075688443932,9771.603226698935,44.01692455795173,0.198,,
deepseek-ai/DeepSeek-V4-Flash,mtp-off-image,primary,active-historical-reference,batch_isl16k_c4,references/deepseek-v4-flash/results/mtp-off-image/batch_isl16k_c4.json,20260902-064030,8,8,0,9.317337589338422,131736,2048,4,219.8052802490994,1906.3883172348142,10.721146782823636,2633.367365859449,14.24576710062284,0.171,,
deepseek-ai/DeepSeek-V4-Flash,mtp-off-image,primary,active-historical-reference,batch_isl16k_c64,references/deepseek-v4-flash/results/mtp-off-image/batch_isl16k_c64.json,20260902-064440,128,128,0,84.15936523675919,2107776,32768,64,389.3565488263399,3642.912861891091,148.469622097179,38846.67806912214,157.04077046517938,0.305,,
deepseek-ai/DeepSeek-V4-Flash,mtp-off-image,primary,active-historical-reference,ctx_isl131072_c8,references/deepseek-v4-flash/results/mtp-off-image/ctx_isl131072_c8.json,20260902-061904,16,16,0,118.15705422870815,2098480,4096,8,34.66572543414688,26664.82410673052,144.17046117870248,63784.984634071574,240.3060986112584,0.27,,
deepseek-ai/DeepSeek-V4-Flash,mtp-off-image,primary,active-historical-reference,ctx_isl16384_c8,references/deepseek-v4-flash/results/mtp-off-image/ctx_isl16384_c8.json,20260902-061418,16,16,0,39.19301660731435,263472,4096,8,104.50841385951367,3118.6701133847237,23.28987262923928,25917.871758993704,120.38809487559632,0.181,,
deepseek-ai/DeepSeek-V4-Flash,mtp-off-image,primary,active-historical-reference,ctx_isl260000_c8,references/deepseek-v4-flash/results/mtp-off-image/ctx_isl260000_c8.json,20260902-062416,16,16,0,244.9872121885419,4161328,4096,8,16.719240010159073,61821.77371252328,242.27684826827516,127165.55799320339,454.3460515809848,0.369,,
deepseek-ai/DeepSeek-V4-Flash,mtp-off-image,primary,active-historical-reference,ctx_isl65536_c8,references/deepseek-v4-flash/results/mtp-off-image/ctx_isl65536_c8.json,20260902-061620,16,16,0,85.5947898849845,1049904,4096,8,47.85337992538893,12310.750594362617,125.17412415906496,43825.9362110868,174.81214707680775,0.219,,
deepseek-ai/DeepSeek-V4-Flash,mtp-off-image,primary,active-historical-reference,prefix_p64k_n1,references/deepseek-v4-flash/results/mtp-off-image/prefix_p64k_n1.json,20260902-062611,64,64,0,82.65073326788843,4330688,16384,8,198.2317561163796,1079.2671190574765,12.264817270139853,29177.978969532996,92.11446501460729,,,
deepseek-ai/DeepSeek-V4-Flash,mtp-off-image,primary,active-historical-reference,prefix_p64k_n16,references/deepseek-v4-flash/results/mtp-off-image/prefix_p64k_n16.json,20260902-063028,64,64,0,142.95631544664502,4330689,16384,8,114.60843789104882,8638.114226981997,29.874744357577725,19410.940276943147,70.7147307753855,,,
deepseek-ai/DeepSeek-V4-Flash,mtp-off-image,primary,active-historical-reference,prefix_p64k_n4,references/deepseek-v4-flash/results/mtp-off-image/prefix_p64k_n4.json,20260902-062726,64,64,0,41.83352956362069,4330688,16384,8,391.64756526420064,1123.5250076279044,11.569580603756156,8940.09164808318,25.41150426316785,,,
