workload,point,metric,subject,ref,subject_mean,subject_sd,subject_n,ref_mean,ref_sd,ref_n,ratio,verdict
concurrency,isl16384_osl256_c1,output_throughput,MiMo,0731,130.11831793125094,0.3002070655159412,3,98.26362231997378,0.03214779494183573,3,1.3241758736264513,better
concurrency,isl16384_osl256_c1,output_throughput,MiMo,V4.1,130.11831793125094,0.3002070655159412,3,88.43611502237395,0.039340747132911705,3,1.4713255766417552,better
concurrency,isl16384_osl256_c1,median_ttft_ms,MiMo,0731,541.3094448352543,5.397623606217557,3,680.8827006704329,0.9164433647740496,3,0.7950113056217357,better
concurrency,isl16384_osl256_c1,median_ttft_ms,MiMo,V4.1,541.3094448352543,5.397623606217557,3,881.6624821726388,2.2117443996407236,3,0.613964477088025,better
concurrency,isl16384_osl256_c1,median_tpot_ms,MiMo,0731,5.600244230689675,0.002677503949634625,3,7.53946435296135,0.0029946843388952327,3,0.7427907300191707,better
concurrency,isl16384_osl256_c1,median_tpot_ms,MiMo,V4.1,5.600244230689675,0.002677503949634625,3,7.8860644006864264,0.005744775980666887,3,0.7101443693767214,better
concurrency,isl16384_osl256_c2,output_throughput,MiMo,0731,210.68171525579032,0.6154970369002442,3,159.2581789229895,0.07055769463598276,3,1.3228941626769892,better
concurrency,isl16384_osl256_c2,output_throughput,MiMo,V4.1,210.68171525579032,0.6154970369002442,3,138.1362935596241,0.08523428384607179,3,1.525172782812891,better
concurrency,isl16384_osl256_c2,median_ttft_ms,MiMo,0731,877.0509183426233,11.500370166361613,3,1125.185709844421,3.707520573434365,3,0.7794721446150368,better
concurrency,isl16384_osl256_c2,median_ttft_ms,MiMo,V4.1,877.0509183426233,11.500370166361613,3,1476.6215223353356,3.924354258164212,3,0.5939578321705161,better
concurrency,isl16384_osl256_c2,median_tpot_ms,MiMo,0731,6.0791157365600075,0.00822938586760335,3,8.208986999941807,0.0003097168720838669,3,0.7405439595169419,better
concurrency,isl16384_osl256_c2,median_tpot_ms,MiMo,V4.1,6.0791157365600075,0.00822938586760335,3,8.742442064700965,0.002586628873910054,3,0.6953567082938333,better
concurrency,isl16384_osl256_c4,output_throughput,MiMo,0731,303.57949507612193,0.7865704018800402,3,232.52748678955282,0.04056575818932668,3,1.3055639110350603,better
concurrency,isl16384_osl256_c4,output_throughput,MiMo,V4.1,303.57949507612193,0.7865704018800402,3,190.05401521674088,0.12354577203906134,3,1.5973327094926915,better
concurrency,isl16384_osl256_c4,median_ttft_ms,MiMo,0731,1451.0105186782312,4.726267714576341,3,1863.6812443243496,1.3101798865904637,3,0.7785722601958543,better
concurrency,isl16384_osl256_c4,median_ttft_ms,MiMo,V4.1,1451.0105186782312,4.726267714576341,3,2464.8049584939145,1.5387678888118808,3,0.588691820696779,better
concurrency,isl16384_osl256_c4,median_tpot_ms,MiMo,0731,7.532324177194752,0.010755615327224471,3,9.967243596698381,0.007980330985731273,3,0.755707844813767,better
concurrency,isl16384_osl256_c4,median_tpot_ms,MiMo,V4.1,7.532324177194752,0.010755615327224471,3,11.4565063516375,0.005028152736693237,3,0.6574713046022221,better
concurrency,isl16384_osl256_c8,output_throughput,MiMo,0731,377.68208685002685,0.7377222668502553,3,295.6644250782798,0.4373675654814785,3,1.2774011846370497,better
concurrency,isl16384_osl256_c8,output_throughput,MiMo,V4.1,377.68208685002685,0.7377222668502553,3,231.3873228258668,0.7592878673072028,3,1.6322505582306939,better
concurrency,isl16384_osl256_c8,median_ttft_ms,MiMo,0731,2357.588182319887,19.753373246632197,3,3051.8419738121643,6.402003027040485,3,0.7725131912301932,better
concurrency,isl16384_osl256_c8,median_ttft_ms,MiMo,V4.1,2357.588182319887,19.753373246632197,3,4058.4979769870793,13.63960176117514,3,0.5809016527020909,better
concurrency,isl16384_osl256_c8,median_tpot_ms,MiMo,0731,12.00000779871415,0.0934541619165152,3,15.164943860753993,0.019732381014502084,3,0.7912991903497567,better
concurrency,isl16384_osl256_c8,median_tpot_ms,MiMo,V4.1,12.00000779871415,0.0934541619165152,3,18.711564598682646,0.03866207305970294,3,0.6413150399811562,better
concurrency,isl16384_osl256_c16,output_throughput,MiMo,0731,432.0265051052151,0.8642371045984477,3,329.2465548473026,15.74612265522405,3,1.3121671244383395,better
concurrency,isl16384_osl256_c16,output_throughput,MiMo,V4.1,432.0265051052151,0.8642371045984477,3,260.28781098405807,0.629375631936173,3,1.6598030598200988,better
concurrency,isl16384_osl256_c16,median_ttft_ms,MiMo,0731,2890.0186316653467,281.34025610138644,3,3536.6837385032945,179.01763954094122,3,0.8171549523080588,inconclusive
concurrency,isl16384_osl256_c16,median_ttft_ms,MiMo,V4.1,2890.0186316653467,281.34025610138644,3,4384.921903489158,283.64440524435213,3,0.6590809814345175,better
concurrency,isl16384_osl256_c16,median_tpot_ms,MiMo,0731,25.682567179072162,1.0092155927956254,3,33.22337295622656,0.5556156055812133,3,0.7730270858684402,better
concurrency,isl16384_osl256_c16,median_tpot_ms,MiMo,V4.1,25.682567179072162,1.0092155927956254,3,44.19941839018648,0.8301029636277987,3,0.5810612020355096,better
concurrency,isl16384_osl256_c32,output_throughput,MiMo,0731,475.02554501734,0.37293445331086106,3,356.0550542695124,29.012495593847905,3,1.3341350988315812,better
concurrency,isl16384_osl256_c32,output_throughput,MiMo,V4.1,475.02554501734,0.37293445331086106,3,280.0446668340846,0.26677057602374704,3,1.696249210483176,better
concurrency,isl16384_osl256_c32,median_ttft_ms,MiMo,0731,2402.5604281632695,135.09672020711284,3,3263.8051264996952,164.13882287005106,3,0.7361225119282543,better
concurrency,isl16384_osl256_c32,median_ttft_ms,MiMo,V4.1,2402.5604281632695,135.09672020711284,3,3849.7377074866868,204.5305651347044,3,0.624084187213832,better
concurrency,isl16384_osl256_c32,median_tpot_ms,MiMo,0731,57.56876275488906,0.4682458067133367,3,75.71520499742037,4.519299611605263,3,0.7603329180294821,better
concurrency,isl16384_osl256_c32,median_tpot_ms,MiMo,V4.1,57.56876275488906,0.4682458067133367,3,98.80349938887068,0.9323900929376816,3,0.5826591478132773,better
concurrency,isl16384_osl256_c48,output_throughput,MiMo,0731,491.3729426047728,0.6783643649265578,3,376.98321878702035,14.249484271774604,3,1.3034345247138914,better
concurrency,isl16384_osl256_c48,output_throughput,MiMo,V4.1,491.3729426047728,0.6783643649265578,3,287.0436292761793,0.9815181675513809,3,1.7118406140691522,better
concurrency,isl16384_osl256_c48,median_ttft_ms,MiMo,0731,2173.7105190113652,265.5113157575922,3,3284.147938490302,174.13787366324792,3,0.6618795985209496,better
concurrency,isl16384_osl256_c48,median_ttft_ms,MiMo,V4.1,2173.7105190113652,265.5113157575922,3,3604.4541146548,222.95438014857285,3,0.6030623361727945,better
concurrency,isl16384_osl256_c48,median_tpot_ms,MiMo,0731,88.53466963594067,0.9361657755519478,3,111.62436990127473,0.9246044965285831,3,0.793148214088415,better
concurrency,isl16384_osl256_c48,median_tpot_ms,MiMo,V4.1,88.53466963594067,0.9361657755519478,3,152.78149208558412,1.0147846736661719,3,0.5794855674425925,better
concurrency,isl16384_osl256_c64,output_throughput,MiMo,0731,504.61795550833597,0.6442186147268584,3,392.40511262183713,0.16556390873312807,3,1.285961724954993,better
concurrency,isl16384_osl256_c64,output_throughput,MiMo,V4.1,504.61795550833597,0.6442186147268584,3,292.2614538618466,0.3944462652589005,3,1.726597705035955,better
concurrency,isl16384_osl256_c64,median_ttft_ms,MiMo,0731,2323.5906006593723,13.403725948868878,3,3190.9443234908395,177.24777620346836,3,0.7281827462653448,better
concurrency,isl16384_osl256_c64,median_ttft_ms,MiMo,V4.1,2323.5906006593723,13.403725948868878,3,3308.3116766647436,5.848945403213715,3,0.7023493635889493,better
concurrency,isl16384_osl256_c64,median_tpot_ms,MiMo,0731,116.86978915233007,0.09203250130466867,3,150.0428861144434,0.7371375473692046,3,0.7789092317458426,better
concurrency,isl16384_osl256_c64,median_tpot_ms,MiMo,V4.1,116.86978915233007,0.09203250130466867,3,205.40129612416814,0.4906571273292909,3,0.5689827248299375,better
context,isl16384_osl256_c8,output_throughput,MiMo,0731,376.2385679776954,1.0761175437854051,3,294.81874340602695,0.5818772779513981,3,1.2761690916629964,better
context,isl16384_osl256_c8,output_throughput,MiMo,V4.1,376.2385679776954,1.0761175437854051,3,230.96850251496954,0.5305872209244191,3,1.628960502756477,better
context,isl16384_osl256_c8,median_ttft_ms,MiMo,0731,2360.450029829129,16.21679192362017,3,3053.3733343084655,2.890439876177708,3,0.7730630261640536,better
context,isl16384_osl256_c8,median_ttft_ms,MiMo,V4.1,2360.450029829129,16.21679192362017,3,4055.868540502464,8.367141940119966,3,0.5819838602403773,better
context,isl16384_osl256_c8,median_tpot_ms,MiMo,0731,11.985848644433323,0.011999768691623065,3,15.138462977750178,0.04777238514996843,3,0.7917480567247531,better
context,isl16384_osl256_c8,median_tpot_ms,MiMo,V4.1,11.985848644433323,0.011999768691623065,3,18.734550959502158,0.06001036537306899,3,0.6397724007553063,better
context,isl65536_osl256_c8,output_throughput,MiMo,0731,115.90497899065917,0.19375533190453628,3,85.34562456490042,4.210550618322528,3,1.3580658596331454,better
context,isl65536_osl256_c8,output_throughput,MiMo,V4.1,115.90497899065917,0.19375533190453628,3,68.51398380926761,0.09549836463889452,3,1.6916981402412798,better
context,isl65536_osl256_c8,median_ttft_ms,MiMo,0731,8883.279467651542,301.38073418111316,3,11850.309695330603,156.73304627711866,3,0.7496242457825246,better
context,isl65536_osl256_c8,median_ttft_ms,MiMo,V4.1,8883.279467651542,301.38073418111316,3,14491.270289833968,153.6531738511079,3,0.6130090247425315,better
context,isl65536_osl256_c8,median_tpot_ms,MiMo,0731,34.04150724181224,1.2059701079174001,3,48.508943898718975,6.289263890220459,3,0.7017573359850288,better
context,isl65536_osl256_c8,median_tpot_ms,MiMo,V4.1,34.04150724181224,1.2059701079174001,3,59.8888124392164,0.49948508166650357,3,0.5684117927094039,better
context,isl131072_osl256_c8,output_throughput,MiMo,0731,55.42581233741388,0.109237138031227,3,39.81523013621803,1.8470652757036887,3,1.3920756491369781,better
context,isl131072_osl256_c8,output_throughput,MiMo,V4.1,55.42581233741388,0.109237138031227,3,33.26859980523624,0.04876628919142191,3,1.6660097708317214,better
context,isl131072_osl256_c8,median_ttft_ms,MiMo,0731,18293.879405149102,129.60652316051699,3,25627.78396201126,330.9357275906424,3,0.7138299367696638,better
context,isl131072_osl256_c8,median_ttft_ms,MiMo,V4.1,18293.879405149102,129.60652316051699,3,30296.25851250603,514.6317921750648,3,0.6038329583700096,better
context,isl131072_osl256_c8,median_tpot_ms,MiMo,0731,72.40190328623083,0.7601850923329978,3,98.89048349281188,5.848052763245901,3,0.7321422722287889,better
context,isl131072_osl256_c8,median_tpot_ms,MiMo,V4.1,72.40190328623083,0.7601850923329978,3,121.63901396211408,2.2133567633220235,3,0.5952194195587714,better
context,isl260000_osl256_c8,output_throughput,MiMo,0731,24.10187375830976,0.023552315543871397,3,17.021643714698094,0.06593888810768408,3,1.4159545436553773,better
context,isl260000_osl256_c8,output_throughput,MiMo,V4.1,24.10187375830976,0.023552315543871397,3,14.81362866769356,0.03248164686300539,3,1.6270067448681602,better
context,isl260000_osl256_c8,median_ttft_ms,MiMo,0731,40530.61551735542,967.866829248068,3,62504.66928100408,1774.4129809268309,3,0.6484414041955928,better
context,isl260000_osl256_c8,median_ttft_ms,MiMo,V4.1,40530.61551735542,967.866829248068,3,68343.92403866514,298.11581324534984,3,0.5930390460814847,better
context,isl260000_osl256_c8,median_tpot_ms,MiMo,0731,172.9027166621367,3.6810396325075594,3,226.12941838428836,8.082034877728393,3,0.7646184114280201,better
context,isl260000_osl256_c8,median_tpot_ms,MiMo,V4.1,172.9027166621367,3.6810396325075594,3,273.0327313666588,1.808451640089832,3,0.6332673588132686,better
isolated,isl1024_osl256_c1,output_throughput,MiMo,0731,169.031780680534,0.19492263155484962,3,122.1727016858519,0.09568991172720884,3,1.3835478658331788,better
isolated,isl1024_osl256_c1,output_throughput,MiMo,V4.1,169.031780680534,0.19492263155484962,3,118.60597348050554,0.24346542137621838,3,1.4251540265660956,better
isolated,isl1024_osl256_c1,median_ttft_ms,MiMo,0731,92.59960968241406,1.8251353926604839,3,184.4564298323045,6.175826769182809,3,0.5020134552457697,better
isolated,isl1024_osl256_c1,median_ttft_ms,MiMo,V4.1,92.59960968241406,1.8251353926604839,3,147.70724032617485,1.3012447896902097,3,0.6269131389763343,better
isolated,isl1024_osl256_c1,median_tpot_ms,MiMo,0731,5.551203569280154,0.0012543402428829187,3,7.467240291484783,9.569320505998422e-05,3,0.7434076516340891,better
isolated,isl1024_osl256_c1,median_tpot_ms,MiMo,V4.1,5.551203569280154,0.0012543402428829187,3,7.8434393652927845,0.002219671833629944,3,0.7077511931620492,better
isolated,isl2048_osl256_c1,output_throughput,MiMo,0731,168.97961775856203,0.18535802411388913,3,120.45920506532393,0.02191272554621425,3,1.4027953917421747,better
isolated,isl2048_osl256_c1,output_throughput,MiMo,V4.1,168.97961775856203,0.18535802411388913,3,118.54956976111521,0.03581683397775197,3,1.4253920794404107,better
isolated,isl2048_osl256_c1,median_ttft_ms,MiMo,0731,96.27767633840752,1.3520696796984535,3,196.20309266611002,0.5829604038910001,3,0.4907041730593346,better
isolated,isl2048_osl256_c1,median_ttft_ms,MiMo,V4.1,96.27767633840752,1.3520696796984535,3,153.2618571751906,0.8745966054549635,3,0.6281907195497076,better
isolated,isl2048_osl256_c1,median_tpot_ms,MiMo,0731,5.54140717258336,0.0027962093920009517,3,7.539285492803293,0.0011055709436287508,3,0.7350042889174273,better
isolated,isl2048_osl256_c1,median_tpot_ms,MiMo,V4.1,5.54140717258336,0.0027962093920009517,3,7.838395152893831,0.004338917785763976,3,0.7069568533474031,better
isolated,isl4096_osl256_c1,output_throughput,MiMo,0731,162.96693190962824,0.2932165650415252,3,119.85113209879444,0.05606329841237563,3,1.3597446186431768,better
isolated,isl4096_osl256_c1,output_throughput,MiMo,V4.1,162.96693190962824,0.2932165650415252,3,113.7347893850655,0.0964408258100565,3,1.4328679271377576,better
isolated,isl4096_osl256_c1,median_ttft_ms,MiMo,0731,151.26092899784757,0.5640287562129749,3,210.16110950343622,1.6531645957729655,3,0.7197379636757885,better
isolated,isl4096_osl256_c1,median_ttft_ms,MiMo,V4.1,151.26092899784757,0.5640287562129749,3,244.79250416819318,0.3753074306665482,3,0.6179148724828539,better
isolated,isl4096_osl256_c1,median_tpot_ms,MiMo,0731,5.54864193667396,0.011817706261912846,3,7.531166090850651,0.0007874031811223756,3,0.736757345375082,better
isolated,isl4096_osl256_c1,median_tpot_ms,MiMo,V4.1,5.54864193667396,0.011817706261912846,3,7.837413588281587,0.004592387278114566,3,0.7079684993235813,better
isolated,isl8192_osl256_c1,output_throughput,MiMo,0731,150.46988423065847,0.29920474670369773,3,112.67665360796035,0.19078168722451952,3,1.3354131438282981,better
isolated,isl8192_osl256_c1,output_throughput,MiMo,V4.1,150.46988423065847,0.29920474670369773,3,104.06761779847504,0.26368211007645,3,1.4458857367335969,better
isolated,isl8192_osl256_c1,median_ttft_ms,MiMo,0731,279.30987248934497,6.848983190768914,3,344.16140635342646,1.7777361811678887,3,0.8115665130753095,better
isolated,isl8192_osl256_c1,median_ttft_ms,MiMo,V4.1,279.30987248934497,6.848983190768914,3,452.36794583615847,9.684639205121737,3,0.6174395755938623,better
isolated,isl8192_osl256_c1,median_tpot_ms,MiMo,0731,5.576049766634146,0.004807846576118927,3,7.527395092168506,0.005525191323066472,3,0.7407675162999564,better
isolated,isl8192_osl256_c1,median_tpot_ms,MiMo,V4.1,5.576049766634146,0.004807846576118927,3,7.846536994812816,0.002042695305727549,3,0.7106383071054604,better
isolated,isl16384_osl256_c1,output_throughput,MiMo,0731,129.56553614047462,0.2772983115579567,3,98.14985756692319,0.08118319731325642,3,1.3200786975379026,better
isolated,isl16384_osl256_c1,output_throughput,MiMo,V4.1,129.56553614047462,0.2772983115579567,3,88.39830158584013,0.32660110921685415,3,1.46570164602833,better
isolated,isl16384_osl256_c1,median_ttft_ms,MiMo,0731,544.1626018437091,8.664931371923052,3,681.85009266017,3.7101385286373274,3,0.7980677977482016,better
isolated,isl16384_osl256_c1,median_ttft_ms,MiMo,V4.1,544.1626018437091,8.664931371923052,3,893.8032781685857,15.140231512987752,3,0.60881696804548,better
isolated,isl16384_osl256_c1,median_tpot_ms,MiMo,0731,5.600339109823717,0.006594131062097595,3,7.538797992115743,0.0049829626467344686,3,0.7428689713772257,better
isolated,isl16384_osl256_c1,median_tpot_ms,MiMo,V4.1,5.600339109823717,0.006594131062097595,3,7.842331447637049,0.011203459199157467,3,0.7141166051469477,better
isolated,isl32768_osl256_c1,output_throughput,MiMo,0731,101.56153199837581,0.2126601246345751,3,77.64143954728021,0.08439670412900906,3,1.3080840926001807,better
isolated,isl32768_osl256_c1,output_throughput,MiMo,V4.1,101.56153199837581,0.2126601246345751,3,68.01846919500818,0.07579341621714741,3,1.4931463939183938,better
isolated,isl32768_osl256_c1,median_ttft_ms,MiMo,0731,1082.8653179924004,7.055967002027218,3,1368.5123376684107,4.706019229355475,3,0.7912718710576782,better
isolated,isl32768_osl256_c1,median_ttft_ms,MiMo,V4.1,1082.8653179924004,7.055967002027218,3,1768.5536420030985,9.580714915873314,3,0.6122886477822216,better
isolated,isl32768_osl256_c1,median_tpot_ms,MiMo,0731,5.632909277782721,0.006031091084995496,3,7.540874420269545,0.00940535010106924,3,0.7469835676671268,better
isolated,isl32768_osl256_c1,median_tpot_ms,MiMo,V4.1,5.632909277782721,0.006031091084995496,3,7.8072210731977,0.020154538746730358,3,0.7214999069413544,better
isolated,isl65536_osl256_c1,output_throughput,MiMo,0731,70.09984655813221,0.13025043560185237,3,53.55378374963282,0.14158929217970007,3,1.3089616017768835,better
isolated,isl65536_osl256_c1,output_throughput,MiMo,V4.1,70.09984655813221,0.13025043560185237,3,45.71434936047868,0.13242360267141326,3,1.5334320085223716,better
isolated,isl65536_osl256_c1,median_ttft_ms,MiMo,0731,2197.3917341868705,10.078477441778091,3,2855.011238328492,13.475345349878067,3,0.7696613255621949,better
isolated,isl65536_osl256_c1,median_ttft_ms,MiMo,V4.1,2197.3917341868705,10.078477441778091,3,3618.280593509553,20.630696831496934,3,0.6073027443279376,better
isolated,isl65536_osl256_c1,median_tpot_ms,MiMo,0731,5.721175173804274,0.020135566963370006,3,7.547760722181741,0.001044796858355623,3,0.7579963626815295,better
isolated,isl65536_osl256_c1,median_tpot_ms,MiMo,V4.1,5.721175173804274,0.020135566963370006,3,7.776707116312049,0.0071341953933155245,3,0.7356809364472284,better
isolated,isl131072_osl256_c1,output_throughput,MiMo,0731,41.03346207073445,0.04217348223954525,3,30.973262457169707,0.1361651004593849,3,1.324802710966471,better
isolated,isl131072_osl256_c1,output_throughput,MiMo,V4.1,41.03346207073445,0.04217348223954525,3,26.376064163224818,0.023446813084787202,3,1.5557083049542284,better
isolated,isl131072_osl256_c1,median_ttft_ms,MiMo,0731,4739.9772894956795,9.400155937800266,3,6359.344323844804,47.33245932931734,3,0.7453562895977821,better
isolated,isl131072_osl256_c1,median_ttft_ms,MiMo,V4.1,4739.9772894956795,9.400155937800266,3,7740.488810164,7.957885082395796,3,0.6123614936658313,better
isolated,isl131072_osl256_c1,median_tpot_ms,MiMo,0731,5.886613246429334,0.019417950350183368,3,7.486503562711946,0.006897811741616134,3,0.7862967267856265,better
isolated,isl131072_osl256_c1,median_tpot_ms,MiMo,V4.1,5.886613246429334,0.019417950350183368,3,7.696239522230671,0.006194822391719735,3,0.7648687686273001,better
isolated,isl260000_osl256_c1,output_throughput,MiMo,0731,20.42720079642831,0.05980804463524916,3,14.740662039984816,0.03407884342779914,3,1.3857722767823086,better
isolated,isl260000_osl256_c1,output_throughput,MiMo,V4.1,20.42720079642831,0.05980804463524916,3,13.025909967671783,0.015852649020389378,3,1.5681976036319414,better
isolated,isl260000_osl256_c1,median_ttft_ms,MiMo,0731,10949.57511649894,42.62308240457111,3,15538.068998828143,42.3626750165386,3,0.7046934285930085,better
isolated,isl260000_osl256_c1,median_ttft_ms,MiMo,V4.1,10949.57511649894,42.62308240457111,3,17796.27214166491,34.475328840445364,3,0.6152735263507025,better
isolated,isl260000_osl256_c1,median_tpot_ms,MiMo,0731,6.274850052945753,0.014871442538021529,3,7.422679775163191,0.018105741829095117,3,0.8453618158150704,better
isolated,isl260000_osl256_c1,median_tpot_ms,MiMo,V4.1,6.274850052945753,0.014871442538021529,3,7.5631252294817175,0.010317653846832324,3,0.829663645986694,better
prefix:cache-off,p65536_s2048_n1_c8,output_throughput,MiMo,0731,112.87359289030054,0.6244619037336964,3,84.31385356346368,0.6345314408668494,3,1.3387312774802747,better
prefix:cache-off,p65536_s2048_n1_c8,output_throughput,MiMo,V4.1,112.87359289030054,0.6244619037336964,3,66.55022284882743,0.23861255830817776,3,1.6960663399535003,better
prefix:cache-off,p65536_s2048_n1_c8,median_ttft_ms,MiMo,0731,9447.004264831776,18.6636781400578,3,12151.981420485148,88.32532244471136,3,0.7774044361939635,better
prefix:cache-off,p65536_s2048_n1_c8,median_ttft_ms,MiMo,V4.1,9447.004264831776,18.6636781400578,3,14843.451140836502,17.66426177145658,3,0.6364425749239466,better
prefix:cache-off,p65536_s2048_n1_c8,median_tpot_ms,MiMo,0731,34.15388187581485,0.3833035939346535,3,47.958860796757556,1.7601135888134793,3,0.7121495654484761,better
prefix:cache-off,p65536_s2048_n1_c8,median_tpot_ms,MiMo,V4.1,34.15388187581485,0.3833035939346535,3,62.42967675035984,0.404757861892524,3,0.5470776664820387,better
prefix:cache-off,p65536_s2048_n4_c8,output_throughput,MiMo,0731,112.95934163564864,0.113202481642018,3,84.62726000052587,0.04290534396863889,3,1.334786706256905,better
prefix:cache-off,p65536_s2048_n4_c8,output_throughput,MiMo,V4.1,112.95934163564864,0.113202481642018,3,66.33116324856604,0.05456551382632988,3,1.7029603598590684,better
prefix:cache-off,p65536_s2048_n4_c8,median_ttft_ms,MiMo,0731,9507.728628659,22.832572476063472,3,12171.537864827164,100.79908438255832,3,0.7811443988630282,better
prefix:cache-off,p65536_s2048_n4_c8,median_ttft_ms,MiMo,V4.1,9507.728628659,22.832572476063472,3,14899.624251498608,21.415103134409947,3,0.638118684617346,better
prefix:cache-off,p65536_s2048_n4_c8,median_tpot_ms,MiMo,0731,33.781382374448725,0.028930831929422196,3,46.98837447642909,0.45702485686719474,3,0.7189306450980674,better
prefix:cache-off,p65536_s2048_n4_c8,median_tpot_ms,MiMo,V4.1,33.781382374448725,0.028930831929422196,3,62.681569839185535,0.2911225326969447,3,0.5389364443347143,better
prefix:cache-off,p65536_s2048_n16_c8,output_throughput,MiMo,0731,112.96943102460786,0.08064112555043522,3,84.5914516743514,0.05062159859181942,3,1.3354710055042218,better
prefix:cache-off,p65536_s2048_n16_c8,output_throughput,MiMo,V4.1,112.96943102460786,0.08064112555043522,3,66.41194282483663,0.0896485602580931,3,1.7010409004682774,better
prefix:cache-off,p65536_s2048_n16_c8,median_ttft_ms,MiMo,0731,9463.222121509412,49.61271068294146,3,12158.006128845349,94.37151558541645,3,0.7783531297173427,better
prefix:cache-off,p65536_s2048_n16_c8,median_ttft_ms,MiMo,V4.1,9463.222121509412,49.61271068294146,3,14859.550850155452,47.475733489105615,3,0.6368444253084818,better
prefix:cache-off,p65536_s2048_n16_c8,median_tpot_ms,MiMo,0731,33.97212684507561,0.24266313615370258,3,47.14222403918089,0.3543655536939326,3,0.7206305501590392,better
prefix:cache-off,p65536_s2048_n16_c8,median_tpot_ms,MiMo,V4.1,33.97212684507561,0.24266313615370258,3,62.651640268041156,0.14263115313636018,3,0.5422384266354942,better
prefix:cold,p65536_s2048_n1_c8,output_throughput,MiMo,0731,610.7309861401773,2.7754535780524066,3,453.5556477343414,1.141851979002429,3,1.3465403621164858,better
prefix:cold,p65536_s2048_n1_c8,output_throughput,MiMo,V4.1,610.7309861401773,2.7754535780524066,3,475.25721560375945,0.7589153065582445,3,1.2850535795954492,better
prefix:cold,p65536_s2048_n1_c8,median_ttft_ms,MiMo,0731,546.9160230034807,23.48767176826295,3,1262.8032065016062,12.314850885252573,3,0.43309679622894204,better
prefix:cold,p65536_s2048_n1_c8,median_ttft_ms,MiMo,V4.1,546.9160230034807,23.48767176826295,3,866.7607686462967,1.6090347532896967,3,0.6309884373950748,better
prefix:cold,p65536_s2048_n1_c8,median_tpot_ms,MiMo,0731,8.942791379134482,0.16468612264689003,3,10.546848835884685,0.04678601857327678,3,0.8479112119922925,better
prefix:cold,p65536_s2048_n1_c8,median_tpot_ms,MiMo,V4.1,8.942791379134482,0.16468612264689003,3,11.652277799336897,0.017141782810065124,3,0.7674715221468025,better
prefix:cold,p65536_s2048_n4_c8,output_throughput,MiMo,0731,426.00209976493346,0.9460648455035967,3,320.7354722360171,1.2119613476517686,3,1.3282038833904055,better
prefix:cold,p65536_s2048_n4_c8,output_throughput,MiMo,V4.1,426.00209976493346,0.9460648455035967,3,369.53870712616515,1.3282933911454806,3,1.152794258219589,better
prefix:cold,p65536_s2048_n4_c8,median_ttft_ms,MiMo,0731,584.8838928116796,6.7232279402847945,3,1379.5052643302672,105.25754907577335,3,0.42398090673154015,better
prefix:cold,p65536_s2048_n4_c8,median_ttft_ms,MiMo,V4.1,584.8838928116796,6.7232279402847945,3,834.7290188345747,72.95667950188606,3,0.7006871447074862,better
prefix:cold,p65536_s2048_n4_c8,median_tpot_ms,MiMo,0731,9.07684415487536,0.13637764662898094,3,11.32274571763583,0.04645190066642244,3,0.8016469133222388,better
prefix:cold,p65536_s2048_n4_c8,median_tpot_ms,MiMo,V4.1,9.07684415487536,0.13637764662898094,3,12.012454563998343,0.2592478852467663,3,0.7556194370198837,better
prefix:cold,p65536_s2048_n16_c8,output_throughput,MiMo,0731,194.17065137377372,0.012362486786797137,3,146.22541565850278,2.8416928517241367,3,1.3278857885228585,better
prefix:cold,p65536_s2048_n16_c8,output_throughput,MiMo,V4.1,194.17065137377372,0.012362486786797137,3,194.2208186013665,0.5109532693069869,3,0.9997417000507256,inconclusive
prefix:cold,p65536_s2048_n16_c8,median_ttft_ms,MiMo,0731,3707.6541948190425,909.5273962661147,3,6940.865468825602,1348.1197020705954,3,0.5341775044440358,inconclusive
prefix:cold,p65536_s2048_n16_c8,median_ttft_ms,MiMo,V4.1,3707.6541948190425,909.5273962661147,3,2015.2939793285138,1919.3015584948232,3,1.8397584833029743,inconclusive
prefix:cold,p65536_s2048_n16_c8,median_tpot_ms,MiMo,0731,17.855081620232014,1.0733495438999632,3,22.57298853661518,5.554068452889727,3,0.7909932524561226,inconclusive
prefix:cold,p65536_s2048_n16_c8,median_tpot_ms,MiMo,V4.1,17.855081620232014,1.0733495438999632,3,12.692620754896303,0.3256683835568848,3,1.406729308708309,worse
prefix:prewarmed,p65536_s2048_n1_c8,output_throughput,MiMo,0731,656.6009978256997,4.161603496336972,3,488.7017305730338,1.8543559652212491,3,1.3435618430403211,better
prefix:prewarmed,p65536_s2048_n1_c8,output_throughput,MiMo,V4.1,656.6009978256997,4.161603496336972,3,524.4198046553905,0.25733186094640814,3,1.2520522527885245,better
prefix:prewarmed,p65536_s2048_n1_c8,median_ttft_ms,MiMo,0731,560.5413070006762,7.733715860683332,3,1264.8649226660684,6.355233197452846,3,0.4431629788730115,better
prefix:prewarmed,p65536_s2048_n1_c8,median_ttft_ms,MiMo,V4.1,560.5413070006762,7.733715860683332,3,791.0018961604995,72.82697088165028,3,0.7086472355142606,better
prefix:prewarmed,p65536_s2048_n1_c8,median_tpot_ms,MiMo,0731,8.860024945008465,0.04616184469653308,3,10.501703569358154,0.03398134130267885,3,0.8436750177238125,better
prefix:prewarmed,p65536_s2048_n1_c8,median_tpot_ms,MiMo,V4.1,8.860024945008465,0.04616184469653308,3,11.97228691372503,0.2535521414018601,3,0.7400444884804199,better
prefix:prewarmed,p65536_s2048_n4_c8,output_throughput,MiMo,0731,533.5312767201854,1.5992578077840067,3,399.197224863967,4.389213993949741,3,1.3365104852670129,better
prefix:prewarmed,p65536_s2048_n4_c8,output_throughput,MiMo,V4.1,533.5312767201854,1.5992578077840067,3,520.6557182557035,0.4334819469126305,3,1.0247295055312509,better
prefix:prewarmed,p65536_s2048_n4_c8,median_ttft_ms,MiMo,0731,550.999430338076,12.9306826619569,3,1314.1218005039264,102.10689441313335,3,0.4192909897140312,better
prefix:prewarmed,p65536_s2048_n4_c8,median_ttft_ms,MiMo,V4.1,550.999430338076,12.9306826619569,3,773.1447240124302,77.64933071282978,3,0.7126730781767804,better
prefix:prewarmed,p65536_s2048_n4_c8,median_tpot_ms,MiMo,0731,8.97532171566721,0.12647736493344167,3,10.83082469801108,0.4162969611337328,3,0.8286831304097642,better
prefix:prewarmed,p65536_s2048_n4_c8,median_tpot_ms,MiMo,V4.1,8.97532171566721,0.12647736493344167,3,12.106604375107993,0.268272889126951,3,0.7413574803948402,better
prefix:prewarmed,p65536_s2048_n16_c8,output_throughput,MiMo,0731,303.01421967538914,0.9523474431251835,3,232.88366020470505,1.25546906118009,3,1.3011398885136005,better
prefix:prewarmed,p65536_s2048_n16_c8,output_throughput,MiMo,V4.1,303.01421967538914,0.9523474431251835,3,520.5749943056145,0.7019580964816619,3,0.5820760178455638,worse
prefix:prewarmed,p65536_s2048_n16_c8,median_ttft_ms,MiMo,0731,601.648403001794,7.2703962604465575,3,2900.1575658136667,934.3785126024519,3,0.20745369496260313,better
prefix:prewarmed,p65536_s2048_n16_c8,median_ttft_ms,MiMo,V4.1,601.648403001794,7.2703962604465575,3,764.9291258227701,90.87303683171855,3,0.7865413705546266,inconclusive
prefix:prewarmed,p65536_s2048_n16_c8,median_tpot_ms,MiMo,0731,9.621178348331098,0.07670894516418564,3,12.127671164066342,0.5901121995710896,3,0.7933244741033338,better
prefix:prewarmed,p65536_s2048_n16_c8,median_tpot_ms,MiMo,V4.1,9.621178348331098,0.07670894516418564,3,12.163437964673172,0.3210300942206591,3,0.7909916897076571,better
