model,arm,concurrency,metric,ar_mean,ar_sd,ar_n,arm_mean,arm_sd,arm_median,arm_n,ratio_arm_over_ar,verdict,drafts,proposed,accepted,accepted_over_proposed,tokens_per_round,per_position
mimo-v26,mtp-k3,1,output_throughput,130.11831793125094,0.3002070655159412,3,199.09879154541912,2.999597969040543,200.2627595058888,3,1.5301365304354346,better,,,,,,
mimo-v26,dflash-k7,1,output_throughput,130.11831793125094,0.3002070655159412,3,219.16536413769657,5.348015543102741,219.9451077895011,3,1.684354421592618,better,,,,,,
mimo-v26,mtp-k3,1,median_tpot_ms,5.600244230689675,0.002677503949634625,3,2.852436166646239,0.05606232237083541,2.8223816902312797,3,0.5093413874728386,better,,,,,,
mimo-v26,dflash-k7,1,median_tpot_ms,5.600244230689675,0.002677503949634625,3,2.428086915013861,0.15927906852260343,2.341852596088988,3,0.4335680400700739,better,,,,,,
mimo-v26,mtp-k3,1,median_ttft_ms,541.3094448352543,5.397623606217557,3,557.5358468534736,3.5820154975027934,559.2190380266402,3,1.0299762033953752,worse,,,,,,
mimo-v26,dflash-k7,1,median_ttft_ms,541.3094448352543,5.397623606217557,3,549.1480634761198,6.981497881880099,548.3291474811267,3,1.0144808458741212,inconclusive,,,,,,
mimo-v26,mtp-k3,1,p95_itl_ms,5.81103430595249,0.08326744791048425,3,6.898938903274635,0.001213302535317871,6.898471899330616,3,1.1872135905664432,worse,,,,,,
mimo-v26,dflash-k7,1,p95_itl_ms,5.81103430595249,0.08326744791048425,3,6.930698890937491,0.006511950961054644,6.934429251123219,3,1.192679052649557,worse,,,,,,
mimo-v26,mtp-k3,4,output_throughput,303.57949507612193,0.7865704018800402,3,350.34212503184904,8.770320991074959,353.10631111583126,3,1.1540375114729058,better,,,,,,
mimo-v26,dflash-k7,4,output_throughput,303.57949507612193,0.7865704018800402,3,350.91037679117665,12.834920515797002,354.5415342064617,3,1.15590934988276,better,,,,,,
mimo-v26,mtp-k3,4,median_tpot_ms,7.532324177194752,0.010755615327224471,3,7.3769424255599505,0.05795728731370322,7.352202447181495,3,0.9793713403752267,better,,,,,,
mimo-v26,dflash-k7,4,median_tpot_ms,7.532324177194752,0.010755615327224471,3,7.05370745500641,0.6766177882981622,6.707450472658463,3,0.9364582948198875,inconclusive,,,,,,
mimo-v26,mtp-k3,4,median_ttft_ms,1451.0105186782312,4.726267714576341,3,863.5020026607284,113.14845528943427,800.1739034662023,3,0.5951038890106174,better,,,,,,
mimo-v26,dflash-k7,4,median_ttft_ms,1451.0105186782312,4.726267714576341,3,829.4537059943347,48.92380494750353,805.2203209954314,3,0.571638658243435,better,,,,,,
mimo-v26,mtp-k3,4,p95_itl_ms,6.1348272652442875,0.22983025058370027,3,26.216978973631395,7.581985965209257,30.39327869773842,3,4.273466528089351,worse,,,,,,
mimo-v26,dflash-k7,4,p95_itl_ms,6.1348272652442875,0.22983025058370027,3,109.84021911378177,96.37367607792905,73.38161113439135,3,17.904370304940926,inconclusive,,,,,,
mimo-v26,mtp-k3,16,output_throughput,432.0265051052151,0.8642371045984477,3,457.6767900783966,0.8748791529722157,457.6425476292014,3,1.0593720169250604,better,,,,,,
mimo-v26,dflash-k7,16,output_throughput,432.0265051052151,0.8642371045984477,3,456.0723594171553,4.855287998850869,453.62921468614195,3,1.055658284914913,better,,,,,,
mimo-v26,mtp-k3,16,median_tpot_ms,25.682567179072162,1.0092155927956254,3,28.068835869982376,0.752494522158259,27.736608335387658,3,1.09291394720286,inconclusive,,,,,,
mimo-v26,dflash-k7,16,median_tpot_ms,25.682567179072162,1.0092155927956254,3,28.509769066628007,0.1939113765209878,28.61750194113519,3,1.110082526713281,worse,,,,,,
mimo-v26,mtp-k3,16,median_ttft_ms,2890.0186316653467,281.34025610138644,3,1556.8580585046827,244.0543868648226,1657.4198114976753,3,0.538701737575843,better,,,,,,
mimo-v26,dflash-k7,16,median_ttft_ms,2890.0186316653467,281.34025610138644,3,1078.3358464929431,113.95491511458997,1012.7485319972038,3,0.3731241849716249,better,,,,,,
mimo-v26,mtp-k3,16,p95_itl_ms,224.20337432995439,1.6761341459921546,3,244.26889945655907,0.5653543322491648,244.31873988069128,3,1.08949698097351,worse,,,,,,
mimo-v26,dflash-k7,16,p95_itl_ms,224.20337432995439,1.6761341459921546,3,238.57911269393904,0.713304803523041,238.5617552761687,3,1.0641191882457053,worse,,,,,,
mimo-v26,mtp-k3,64,output_throughput,504.61795550833597,0.6442186147268584,3,516.6006445059788,0.4531774257293112,516.4360671047468,3,1.0237460614844192,better,,,,,,
mimo-v26,dflash-k7,64,output_throughput,504.61795550833597,0.6442186147268584,3,512.179863945569,0.25119971803100277,512.2917323394346,3,1.014985412934059,better,,,,,,
mimo-v26,mtp-k3,64,median_tpot_ms,116.86978915233007,0.09203250130466867,3,99.02023354638824,1.0925759170637876,99.29225251966557,3,0.8472697201269319,better,,,,,,
mimo-v26,dflash-k7,64,median_tpot_ms,116.86978915233007,0.09203250130466867,3,81.80320431707348,1.7741445544841228,82.38592425500518,3,0.6999516719453459,better,,,,,,
mimo-v26,mtp-k3,64,median_ttft_ms,2323.5906006593723,13.403725948868878,3,5552.410459165306,119.86175239445333,5492.459178494755,3,2.389582079385965,worse,,,,,,
mimo-v26,dflash-k7,64,median_ttft_ms,2323.5906006593723,13.403725948868878,3,9344.388992496533,87.35793224521143,9299.465161981061,3,4.021529864101209,worse,,,,,,
mimo-v26,mtp-k3,64,p95_itl_ms,247.0168016530806,1.712937850314085,3,253.45312301554563,1.060663562332739,253.421285294462,3,1.0260562088060083,worse,,,,,,
mimo-v26,dflash-k7,64,p95_itl_ms,247.0168016530806,1.712937850314085,3,242.5139673287049,0.7136734592339155,242.65505290823057,3,0.9817711415003274,better,,,,,,
mimo-v26,mtp-k3,1,acceptance,,,,,,,,,,5267.0,15801.0,7012.0,0.4437693816847035,2.3313081450541104,0.7784;0.3881;0.1648
mimo-v26,mtp-k3,4,acceptance,,,,,,,,,,5305.0,15915.0,6989.0,0.4391454602576186,2.3174363807728557,0.7591;0.3915;0.1668
mimo-v26,mtp-k3,16,acceptance,,,,,,,,,,20928.0,62784.0,28222.0,0.44950942915392456,2.3485282874617734,0.7759;0.4017;0.1710
mimo-v26,mtp-k3,64,acceptance,,,,,,,,,,83772.0,251316.0,112837.0,0.44898454535326043,2.3469536360597814,0.7752;0.3964;0.1754
mimo-v26,dflash-k7,1,acceptance,,,,,,,,,,4504.0,31528.0,7814.0,0.24784318700837352,2.7349023090586146,0.6856;0.4396;0.2589;0.1463;0.0915;0.0613;0.0517
mimo-v26,dflash-k7,4,acceptance,,,,,,,,,,4962.0,34734.0,7338.0,0.211262739678701,2.478839177750907,0.6209;0.3779;0.2142;0.1135;0.0675;0.0470;0.0379
mimo-v26,dflash-k7,16,acceptance,,,,,,,,,,18612.0,130284.0,30701.0,0.2356467409658899,2.6495271867612296,0.6488;0.4059;0.2400;0.1381;0.0938;0.0674;0.0556
mimo-v26,dflash-k7,64,acceptance,,,,,,,,,,75664.0,529648.0,121390.0,0.22918995257227442,2.6043296680059207,0.6432;0.3961;0.2349;0.1324;0.0871;0.0619;0.0488
