workload,point,metric,v41_mean,v41_sd,v41_n,v0731_mean,v0731_sd,v0731_n,ratio_v41_over_0731,verdict
concurrency,isl16384_osl256_c1,output_throughput,88.43611502237395,0.039340747132911705,3,98.26362231997378,0.03214779494183573,3,0.8999883470039531,0731 better
concurrency,isl16384_osl256_c1,p50_ttft_ms,881.6624821726388,2.2117443996407236,3,680.8827006704329,0.9164433647740496,3,1.2948816019330607,0731 better
concurrency,isl16384_osl256_c1,p95_ttft_ms,895.5163695015168,3.7525904927404494,3,697.502833000423,5.581652860452681,3,1.2838892218534883,0731 better
concurrency,isl16384_osl256_c1,p50_tpot_ms,7.8860644006864264,0.005744775980666887,3,7.53946435296135,0.0029946843388952327,3,1.0459714419352535,0731 better
concurrency,isl16384_osl256_c1,p95_itl_ms,8.092386678132849,0.0439434098556923,3,7.885262994871785,0.02132775383678881,3,1.0262671877140646,0731 better
concurrency,isl16384_osl256_c1,p50_e2el_ms,2892.5336143292952,1.3599738759584004,3,2603.738379005032,1.0074696078319019,3,1.1109156118191186,0731 better
concurrency,isl16384_osl256_c2,output_throughput,138.1362935596241,0.08523428384607179,3,159.2581789229895,0.07055769463598276,3,0.8673733085094548,0731 better
concurrency,isl16384_osl256_c2,p50_ttft_ms,1476.6215223353356,3.924354258164212,3,1125.185709844421,3.707520573434365,3,1.3123358299133638,0731 better
concurrency,isl16384_osl256_c2,p95_ttft_ms,1691.4338112498324,2.5170382770072512,3,1277.7687483952225,2.254714800281524,3,1.32374016297874,0731 better
concurrency,isl16384_osl256_c2,p50_tpot_ms,8.742442064700965,0.002586628873910054,3,8.208986999941807,0.0003097168720838669,3,1.0649842745229028,0731 better
concurrency,isl16384_osl256_c2,p95_itl_ms,8.201695477085497,0.02450454132518099,3,8.495034858545587,0.7420816707246523,3,0.9654693139763865,inconclusive
concurrency,isl16384_osl256_c2,p50_e2el_ms,3702.83959331573,1.8798617551346337,3,3211.5929024973107,1.5009058413897767,3,1.152960448516507,0731 better
concurrency,isl16384_osl256_c4,output_throughput,190.05401521674088,0.12354577203906134,3,232.52748678955282,0.04056575818932668,3,0.8173399964054476,0731 better
concurrency,isl16384_osl256_c4,p50_ttft_ms,2464.8049584939145,1.5387678888118808,3,1863.6812443243496,1.3101798865904637,3,1.322546420424751,0731 better
concurrency,isl16384_osl256_c4,p95_ttft_ms,3269.4460717611946,8.014015109813498,3,2454.2071085840385,1.3792103558835243,3,1.3321801816667016,0731 better
concurrency,isl16384_osl256_c4,p50_tpot_ms,11.4565063516375,0.005028152736693237,3,9.967243596698381,0.007980330985731273,3,1.1494157076117246,0731 better
concurrency,isl16384_osl256_c4,p95_itl_ms,8.974117071678242,0.5372453714211969,3,10.107012403508026,1.0162803431394498,3,0.887909969177779,inconclusive
concurrency,isl16384_osl256_c4,p50_e2el_ms,5379.481787172456,3.797479096290894,3,4386.7498748295475,2.7010281186021654,3,1.2263023743475874,0731 better
concurrency,isl16384_osl256_c8,output_throughput,231.3873228258668,0.7592878673072028,3,295.6644250782798,0.4373675654814785,3,0.7826011626681327,0731 better
concurrency,isl16384_osl256_c8,p50_ttft_ms,4058.4979769870793,13.63960176117514,3,3051.8419738121643,6.402003027040485,3,1.3298519424704895,0731 better
concurrency,isl16384_osl256_c8,p95_ttft_ms,5646.6391675969735,16.94527040900408,3,4299.256563316642,83.76839425868245,3,1.3133989759478086,0731 better
concurrency,isl16384_osl256_c8,p50_tpot_ms,18.711564598682646,0.03866207305970294,3,15.164943860753993,0.019732381014502084,3,1.2338696912098108,0731 better
concurrency,isl16384_osl256_c8,p95_itl_ms,18.958402769446064,0.21235718780936766,3,24.746504961512983,0.07431340720685331,3,0.7661042558911302,V4.1 better
concurrency,isl16384_osl256_c8,p50_e2el_ms,8836.286984325852,39.89546340929383,3,6906.798857497051,8.24865608454898,3,1.2793606946775957,0731 better
concurrency,isl16384_osl256_c16,output_throughput,260.28781098405807,0.629375631936173,3,329.2465548473026,15.74612265522405,3,0.7905559136519253,0731 better
concurrency,isl16384_osl256_c16,p50_ttft_ms,4384.921903489158,283.64440524435213,3,3536.6837385032945,179.01763954094122,3,1.2398399822272015,0731 better
concurrency,isl16384_osl256_c16,p95_ttft_ms,10812.447161202237,32.89670963505138,3,8088.822525520417,18.2135963149202,3,1.3367145993237857,0731 better
concurrency,isl16384_osl256_c16,p50_tpot_ms,44.19941839018648,0.8301029636277987,3,33.22337295622656,0.5556156055812133,3,1.330371195255262,0731 better
concurrency,isl16384_osl256_c16,p95_itl_ms,401.78780788264703,1.6334215162886427,3,296.30727671901695,1.212249299457446,3,1.3559836003071077,0731 better
concurrency,isl16384_osl256_c16,p50_e2el_ms,15701.701805664925,41.0522855308825,3,12044.46931067893,20.962728083839618,3,1.30364413745846,0731 better
concurrency,isl16384_osl256_c32,output_throughput,280.0446668340846,0.26677057602374704,3,356.0550542695124,29.012495593847905,3,0.786520689640618,0731 better
concurrency,isl16384_osl256_c32,p50_ttft_ms,3849.7377074866868,204.5305651347044,3,3263.8051264996952,164.13882287005106,3,1.1795243766944448,0731 better
concurrency,isl16384_osl256_c32,p95_ttft_ms,21150.919757617514,15.852680029101878,3,15829.814157469076,5.803584222328639,3,1.3361445401200587,0731 better
concurrency,isl16384_osl256_c32,p50_tpot_ms,98.80349938887068,0.9323900929376816,3,75.71520499742037,4.519299611605263,3,1.3049360348722152,0731 better
concurrency,isl16384_osl256_c32,p95_itl_ms,419.1693650587695,1.7172419671190218,3,314.1961767396424,1.3554825317333836,3,1.334100781901343,0731 better
concurrency,isl16384_osl256_c32,p50_e2el_ms,29181.691453666037,99.88454583955014,3,23051.456335670082,2005.4949107432262,3,1.2659369988919078,0731 better
concurrency,isl16384_osl256_c48,output_throughput,287.0436292761793,0.9815181675513809,3,376.98321878702035,14.249484271774604,3,0.7614228299067786,0731 better
concurrency,isl16384_osl256_c48,p50_ttft_ms,3604.4541146548,222.95438014857285,3,3284.147938490302,174.13787366324792,3,1.0975309828191664,inconclusive
concurrency,isl16384_osl256_c48,p95_ttft_ms,31643.661220760736,86.17419287567718,3,23610.763838103343,61.510932487208294,3,1.3402218343183716,0731 better
concurrency,isl16384_osl256_c48,p50_tpot_ms,152.78149208558412,1.0147846736661719,3,111.62436990127473,0.9246044965285831,3,1.3687109026524447,0731 better
concurrency,isl16384_osl256_c48,p95_itl_ms,426.6059660061728,5.2715427759760045,3,318.46546346981387,2.0753659800696003,3,1.3395674411853742,0731 better
concurrency,isl16384_osl256_c48,p50_e2el_ms,42627.4377288355,158.39013501777902,3,31779.554013841942,86.26047798774998,3,1.3413478902274287,0731 better
concurrency,isl16384_osl256_c64,output_throughput,292.2614538618466,0.3944462652589005,3,392.40511262183713,0.16556390873312807,3,0.7447952242750223,0731 better
concurrency,isl16384_osl256_c64,p50_ttft_ms,3308.3116766647436,5.848945403213715,3,3190.9443234908395,177.24777620346836,3,1.0367813854694607,inconclusive
concurrency,isl16384_osl256_c64,p95_ttft_ms,42163.83237692935,153.76433871381414,3,31476.30134591115,4.074745430884789,3,1.339542149935813,0731 better
concurrency,isl16384_osl256_c64,p50_tpot_ms,205.40129612416814,0.4906571273292909,3,150.0428861144434,0.7371375473692046,3,1.3689505810192213,0731 better
concurrency,isl16384_osl256_c64,p95_itl_ms,430.1238672439164,0.6115591312076138,3,321.976949715948,2.53647535122415,3,1.3358840364919815,0731 better
concurrency,isl16384_osl256_c64,p50_e2el_ms,55795.13543149611,100.45962609954117,3,41532.07799532296,45.92377800121816,3,1.343422677713823,0731 better
context,isl16384_osl256_c8,output_throughput,230.96850251496954,0.5305872209244191,3,294.81874340602695,0.5818772779513981,3,0.7834254357324822,0731 better
context,isl16384_osl256_c8,p50_ttft_ms,4055.868540502464,8.367141940119966,3,3053.3733343084655,2.890439876177708,3,1.3283238230090346,0731 better
context,isl16384_osl256_c8,p95_ttft_ms,6215.163273489452,10.660228425741089,3,4664.105934915521,2.4941441404055245,3,1.332551910316339,0731 better
context,isl16384_osl256_c8,p50_tpot_ms,18.734550959502158,0.06001036537306899,3,15.138462977750178,0.04777238514996843,3,1.237546439624508,0731 better
context,isl16384_osl256_c8,p95_itl_ms,18.823810298151027,0.11442719499865975,3,19.37212229822762,4.394188232888338,3,0.9716958218807674,inconclusive
context,isl16384_osl256_c8,p50_e2el_ms,8809.353351670628,25.482463397719542,3,6894.617013642953,16.96426091120131,3,1.2777146771515846,0731 better
context,isl65536_osl256_c8,output_throughput,68.51398380926761,0.09549836463889452,3,85.34562456490042,4.210550618322528,3,0.8027826166667359,0731 better
context,isl65536_osl256_c8,p50_ttft_ms,14491.270289833968,153.6531738511079,3,11850.309695330603,156.73304627711866,3,1.222860048589615,0731 better
context,isl65536_osl256_c8,p95_ttft_ms,25205.54768873747,20.435376121271045,3,19820.46334752037,600.7469952634281,3,1.271693161093068,0731 better
context,isl65536_osl256_c8,p50_tpot_ms,59.8888124392164,0.49948508166650357,3,48.508943898718975,6.289263890220459,3,1.2345932033535356,inconclusive
context,isl65536_osl256_c8,p95_itl_ms,440.5442092557981,0.18943306571336835,3,345.16794903514284,1.1279007977315414,3,1.2763184139409902,0731 better
context,isl65536_osl256_c8,p50_e2el_ms,29755.10693001949,42.34899332588029,3,23875.957963338198,1164.7401153608953,3,1.2462371970879154,0731 better
context,isl131072_osl256_c8,output_throughput,33.26859980523624,0.04876628919142191,3,39.81523013621803,1.8470652757036887,3,0.83557472081452,0731 better
context,isl131072_osl256_c8,p50_ttft_ms,30296.25851250603,514.6317921750648,3,25627.78396201126,330.9357275906424,3,1.1821645819012276,0731 better
context,isl131072_osl256_c8,p95_ttft_ms,54020.44912725978,80.41620741701097,3,43743.742898096876,219.6220059724937,3,1.2349297419085281,0731 better
context,isl131072_osl256_c8,p50_tpot_ms,121.63901396211408,2.2133567633220235,3,98.89048349281188,5.848052763245901,3,1.2300376099481376,0731 better
context,isl131072_osl256_c8,p95_itl_ms,503.99184613973677,1.2941436125787418,3,426.79626837295166,2.9080523363233834,3,1.1808721947384238,0731 better
context,isl131072_osl256_c8,p50_e2el_ms,61267.03134767013,83.7967578920615,3,51277.088551665656,2491.211655675143,3,1.1948227381501746,0731 better
context,isl260000_osl256_c8,output_throughput,14.81362866769356,0.03248164686300539,3,17.021643714698094,0.06593888810768408,3,0.8702819137791067,0731 better
context,isl260000_osl256_c8,p50_ttft_ms,68343.92403866514,298.11581324534984,3,62504.66928100408,1774.4129809268309,3,1.0934210967729363,0731 better
context,isl260000_osl256_c8,p95_ttft_ms,123489.83479691863,165.46517462503044,3,106996.21448015871,396.69022056015996,3,1.1541514379447366,0731 better
context,isl260000_osl256_c8,p50_tpot_ms,273.0327313666588,1.808451640089832,3,226.12941838428836,8.082034877728393,3,1.2074180056602017,0731 better
context,isl260000_osl256_c8,p95_itl_ms,676.5154292302517,0.6912824234006462,3,627.2318971809,8.145721208111825,3,1.078573064078624,0731 better
context,isl260000_osl256_c8,p50_e2el_ms,137700.2915373305,302.0275640837209,3,119641.33788933395,261.7928892956559,3,1.1509424248055529,0731 better
isolated,isl1024_osl256_c1,output_throughput,118.60597348050554,0.24346542137621838,3,122.1727016858519,0.09568991172720884,3,0.9708058497837131,0731 better
isolated,isl1024_osl256_c1,p50_ttft_ms,147.70724032617485,1.3012447896902097,3,184.4564298323045,6.175826769182809,3,0.8007703524374858,V4.1 better
isolated,isl1024_osl256_c1,p95_ttft_ms,184.59965800672458,17.41498084321907,3,207.48837171995547,0.6041673789377849,3,0.8896867640171975,inconclusive
isolated,isl1024_osl256_c1,p50_tpot_ms,7.8434393652927845,0.002219671833629944,3,7.467240291484783,9.569320505998422e-05,3,1.0503799341018927,0731 better
isolated,isl1024_osl256_c1,p95_itl_ms,7.940825299010612,0.010430123526172116,3,7.911987170033778,0.33582809704672,3,1.0036448654879089,inconclusive
isolated,isl1024_osl256_c1,p50_e2el_ms,2147.4662108230405,1.0394807161351782,3,2089.479273670198,5.314263965076503,3,1.0277518604197435,0731 better
isolated,isl2048_osl256_c1,output_throughput,118.54956976111521,0.03581683397775197,3,120.45920506532393,0.02191272554621425,3,0.9841470371386467,0731 better
isolated,isl2048_osl256_c1,p50_ttft_ms,153.2618571751906,0.8745966054549635,3,196.20309266611002,0.5829604038910001,3,0.781138844921293,V4.1 better
isolated,isl2048_osl256_c1,p95_ttft_ms,181.03363182162863,2.2612023415167006,3,221.04733926050054,0.28574247071694137,3,0.818981275356061,V4.1 better
isolated,isl2048_osl256_c1,p50_tpot_ms,7.838395152893831,0.004338917785763976,3,7.539285492803293,0.0011055709436287508,3,1.03967347573932,0731 better
isolated,isl2048_osl256_c1,p95_itl_ms,7.965335247960563,0.06306105514194744,3,7.781847213239719,0.010752562061414726,3,1.0235789819168724,0731 better
isolated,isl2048_osl256_c1,p50_e2el_ms,2151.62841398463,1.3463157303038338,3,2118.6919991644877,0.8892912264733228,3,1.0155456360967665,0731 better
isolated,isl4096_osl256_c1,output_throughput,113.7347893850655,0.0964408258100565,3,119.85113209879444,0.05606329841237563,3,0.9489671677970702,0731 better
isolated,isl4096_osl256_c1,p50_ttft_ms,244.79250416819318,0.3753074306665482,3,210.16110950343622,1.6531645957729655,3,1.1647849820862823,0731 better
isolated,isl4096_osl256_c1,p95_ttft_ms,273.4254628817628,10.873008400431196,3,232.19009726890363,2.3294572463341403,3,1.1775931277771237,0731 better
isolated,isl4096_osl256_c1,p50_tpot_ms,7.837413588281587,0.004592387278114566,3,7.531166090850651,0.0007874031811223756,3,1.0406640211803302,0731 better
isolated,isl4096_osl256_c1,p95_itl_ms,7.999429452077795,0.040261257320445484,3,7.822146701316038,0.055774719318159575,3,1.0226642068387608,0731 better
isolated,isl4096_osl256_c1,p50_e2el_ms,2243.7280988378916,1.4646258008201978,3,2130.6766434960687,1.6803006615283373,3,1.0530589452355028,0731 better
isolated,isl8192_osl256_c1,output_throughput,104.06761779847504,0.26368211007645,3,112.67665360796035,0.19078168722451952,3,0.9235952121950745,0731 better
isolated,isl8192_osl256_c1,p50_ttft_ms,452.36794583615847,9.684639205121737,3,344.16140635342646,1.7777361811678887,3,1.3144063729551723,0731 better
isolated,isl8192_osl256_c1,p95_ttft_ms,479.791290909634,6.323872127504537,3,374.50920176537085,11.562652231537184,3,1.2811201664684921,0731 better
isolated,isl8192_osl256_c1,p50_tpot_ms,7.846536994812816,0.002042695305727549,3,7.527395092168506,0.005525191323066472,3,1.0423973896330145,0731 better
isolated,isl8192_osl256_c1,p95_itl_ms,10.603367793373764,4.403251996616833,3,7.977631879233131,0.3096433635142855,3,1.3291372620207988,inconclusive
isolated,isl8192_osl256_c1,p50_e2el_ms,2453.14129384739,9.57094838738279,3,2264.61781366379,1.4785791127643475,3,1.0832473713869621,0731 better
isolated,isl16384_osl256_c1,output_throughput,88.39830158584013,0.32660110921685415,3,98.14985756692319,0.08118319731325642,3,0.9006462543826517,0731 better
isolated,isl16384_osl256_c1,p50_ttft_ms,893.8032781685857,15.140231512987752,3,681.85009266017,3.7101385286373274,3,1.3108501234948895,0731 better
isolated,isl16384_osl256_c1,p95_ttft_ms,911.2922553545408,0.4991653531777196,3,700.8656532280535,2.4933554693009246,3,1.300238142869896,0731 better
isolated,isl16384_osl256_c1,p50_tpot_ms,7.842331447637049,0.011203459199157467,3,7.538797992115743,0.0049829626467344686,3,1.0402628450634634,0731 better
isolated,isl16384_osl256_c1,p95_itl_ms,8.062419922983585,0.07383105142639682,3,10.31473529098245,4.2477041759967715,3,0.7816409917986041,inconclusive
isolated,isl16384_osl256_c1,p50_e2el_ms,2893.307907312798,15.907183506948705,3,2604.1952168161515,2.4466526633016734,3,1.1110180560311875,0731 better
isolated,isl32768_osl256_c1,output_throughput,68.01846919500818,0.07579341621714741,3,77.64143954728021,0.08439670412900906,3,0.8760588365133021,0731 better
isolated,isl32768_osl256_c1,p50_ttft_ms,1768.5536420030985,9.580714915873314,3,1368.5123376684107,4.706019229355475,3,1.292318376183772,0731 better
isolated,isl32768_osl256_c1,p95_ttft_ms,1789.7069147390237,7.626197896150204,3,1392.9625429513787,10.505050787280025,3,1.2848205601760343,0731 better
isolated,isl32768_osl256_c1,p50_tpot_ms,7.8072210731977,0.020154538746730358,3,7.540874420269545,0.00940535010106924,3,1.0353203936419133,0731 better
isolated,isl32768_osl256_c1,p95_itl_ms,8.046117107733153,0.04480492547405719,3,9.586061061903184,1.692435431519584,3,0.8393559206199865,inconclusive
isolated,isl32768_osl256_c1,p50_e2el_ms,3759.2156961618457,5.687943372839869,3,3290.075984337212,3.3361788376599772,3,1.1425923638414515,0731 better
isolated,isl65536_osl256_c1,output_throughput,45.71434936047868,0.13242360267141326,3,53.55378374963282,0.14158929217970007,3,0.8536156767969193,0731 better
isolated,isl65536_osl256_c1,p50_ttft_ms,3618.280593509553,20.630696831496934,3,2855.011238328492,13.475345349878067,3,1.2673437305374422,0731 better
isolated,isl65536_osl256_c1,p95_ttft_ms,3630.0361829353883,13.794783709871881,3,2869.6860732559194,11.99045263272763,3,1.2649593336238283,0731 better
isolated,isl65536_osl256_c1,p50_tpot_ms,7.776707116312049,0.0071341953933155245,3,7.547760722181741,0.001044796858355623,3,1.0303330222773845,0731 better
isolated,isl65536_osl256_c1,p95_itl_ms,10.606104962062089,4.413222173270617,3,9.209527889227802,2.12258777963791,3,1.1516448062954274,inconclusive
isolated,isl65536_osl256_c1,p50_e2el_ms,5602.049852343043,19.870173943776802,3,4779.76418416559,13.680553784910673,3,1.172034777552734,0731 better
isolated,isl131072_osl256_c1,output_throughput,26.376064163224818,0.023446813084787202,3,30.973262457169707,0.1361651004593849,3,0.85157526430088,0731 better
isolated,isl131072_osl256_c1,p50_ttft_ms,7740.488810164,7.957885082395796,3,6359.344323844804,47.33245932931734,3,1.2171834730100237,0731 better
isolated,isl131072_osl256_c1,p95_ttft_ms,7822.275938239181,13.353182551160076,3,6405.155117315007,40.298175919008564,3,1.2212469167363773,0731 better
isolated,isl131072_osl256_c1,p50_tpot_ms,7.696239522230671,0.006194822391719735,3,7.486503562711946,0.006897811741616134,3,1.028015208670087,0731 better
isolated,isl131072_osl256_c1,p95_itl_ms,10.470048274146343,4.024432066247497,3,8.067115711552711,0.020916426353511496,3,1.2978676206605606,inconclusive
isolated,isl131072_osl256_c1,p50_e2el_ms,9704.969386667168,10.249581996509882,3,8269.830035831546,47.3189788036444,3,1.173539159162576,0731 better
isolated,isl260000_osl256_c1,output_throughput,13.025909967671783,0.015852649020389378,3,14.740662039984816,0.03407884342779914,3,0.8836719770345675,0731 better
isolated,isl260000_osl256_c1,p50_ttft_ms,17796.27214166491,34.475328840445364,3,15538.068998828143,42.3626750165386,3,1.1453335767145247,0731 better
isolated,isl260000_osl256_c1,p95_ttft_ms,17868.27772387187,12.335726137699268,3,15664.410185777038,79.1960587226685,3,1.140692660110235,0731 better
isolated,isl260000_osl256_c1,p50_tpot_ms,7.5631252294817175,0.010317653846832324,3,7.422679775163191,0.018105741829095117,3,1.0189211253311057,0731 better
isolated,isl260000_osl256_c1,p95_itl_ms,8.26713196389998,0.18021469297218964,3,16.262066714504424,7.719851421241326,3,0.5083690842644483,inconclusive
isolated,isl260000_osl256_c1,p50_e2el_ms,19723.096783175908,37.209518575693586,3,17428.938720996182,51.57883384669002,3,1.1316292459859312,0731 better
prefix:cache-off,p65536_s2048_n1_c8,output_throughput,66.55022284882743,0.23861255830817776,3,84.31385356346368,0.6345314408668494,3,0.7893153976023,0731 better
prefix:cache-off,p65536_s2048_n1_c8,p50_ttft_ms,14843.451140836502,17.66426177145658,3,12151.981420485148,88.32532244471136,3,1.2214840220060097,0731 better
prefix:cache-off,p65536_s2048_n1_c8,p95_ttft_ms,17853.479469429774,143.8787275804984,3,14313.090636770354,726.8944185060749,3,1.2473532043152271,0731 better
prefix:cache-off,p65536_s2048_n1_c8,p50_tpot_ms,62.42967675035984,0.404757861892524,3,47.958860796757556,1.7601135888134793,3,1.3017339384879767,0731 better
prefix:cache-off,p65536_s2048_n1_c8,p95_itl_ms,445.076580515403,2.326488312344724,3,351.5966392684883,1.0607417828119012,3,1.2658726813811523,0731 better
prefix:cache-off,p65536_s2048_n1_c8,p50_e2el_ms,30758.846021664795,86.81762479088003,3,24188.766380839905,10.679257606664539,3,1.2716169786165323,0731 better
prefix:cache-off,p65536_s2048_n4_c8,output_throughput,66.33116324856604,0.05456551382632988,3,84.62726000052587,0.04290534396863889,3,0.78380374418543,0731 better
prefix:cache-off,p65536_s2048_n4_c8,p50_ttft_ms,14899.624251498608,21.415103134409947,3,12171.537864827164,100.79908438255832,3,1.2241365402604516,0731 better
prefix:cache-off,p65536_s2048_n4_c8,p95_ttft_ms,17783.474868367186,174.98288231120145,3,13892.99078144055,23.55989776423015,3,1.2800321506096353,0731 better
prefix:cache-off,p65536_s2048_n4_c8,p50_tpot_ms,62.681569839185535,0.2911225326969447,3,46.98837447642909,0.45702485686719474,3,1.3339803842465048,0731 better
prefix:cache-off,p65536_s2048_n4_c8,p95_itl_ms,447.4226680351421,1.094359489471264,3,352.04913815153606,0.8032897612852405,3,1.270909709889855,0731 better
prefix:cache-off,p65536_s2048_n4_c8,p50_e2el_ms,30857.117860820534,46.75285710179696,3,24197.942348168,27.569312984428613,3,1.2751959409125833,0731 better
prefix:cache-off,p65536_s2048_n16_c8,output_throughput,66.41194282483663,0.0896485602580931,3,84.5914516743514,0.05062159859181942,3,0.7850904732135374,0731 better
prefix:cache-off,p65536_s2048_n16_c8,p50_ttft_ms,14859.550850155452,47.475733489105615,3,12158.006128845349,94.37151558541645,3,1.2222029412290376,0731 better
prefix:cache-off,p65536_s2048_n16_c8,p95_ttft_ms,17862.784921112077,96.77842235203862,3,13870.611117832594,32.056440229234816,3,1.2878152786034778,0731 better
prefix:cache-off,p65536_s2048_n16_c8,p50_tpot_ms,62.651640268041156,0.14263115313636018,3,47.14222403918089,0.3543655536939326,3,1.328992035165122,0731 better
prefix:cache-off,p65536_s2048_n16_c8,p95_itl_ms,446.2631098557419,1.600075392647284,3,352.7660047887669,1.0760044261676358,3,1.26504000895143,0731 better
prefix:cache-off,p65536_s2048_n16_c8,p50_e2el_ms,30848.146405342657,51.314749141325215,3,24218.43024667275,29.308136255581502,3,1.2737467330105232,0731 better
prefix:cold,p65536_s2048_n1_c8,output_throughput,475.25721560375945,0.7589153065582445,3,453.5556477343414,1.141851979002429,3,1.047847641139129,V4.1 better
prefix:cold,p65536_s2048_n1_c8,p50_ttft_ms,866.7607686462967,1.6090347532896967,3,1262.8032065016062,12.314850885252573,3,0.686378340016667,V4.1 better
prefix:cold,p65536_s2048_n1_c8,p95_ttft_ms,4662.8486860533785,52.93692816562946,3,6361.092469729677,27.67843758895671,3,0.7330263957397766,V4.1 better
prefix:cold,p65536_s2048_n1_c8,p50_tpot_ms,11.652277799336897,0.017141782810065124,3,10.546848835884685,0.04678601857327678,3,1.1048113024708472,0731 better
prefix:cold,p65536_s2048_n1_c8,p95_itl_ms,16.998309070671286,1.6169152632256123,3,19.721633871085942,4.7372555927502935,3,0.861911806181163,inconclusive
prefix:cold,p65536_s2048_n1_c8,p50_e2el_ms,3845.984079516105,13.216853148829545,3,3957.51356499386,17.17632680809157,3,0.9718182935709209,V4.1 better
prefix:cold,p65536_s2048_n4_c8,output_throughput,369.53870712616515,1.3282933911454806,3,320.7354722360171,1.2119613476517686,3,1.152160391084637,V4.1 better
prefix:cold,p65536_s2048_n4_c8,p50_ttft_ms,834.7290188345747,72.95667950188606,3,1379.5052643302672,105.25754907577335,3,0.6050930289416658,V4.1 better
prefix:cold,p65536_s2048_n4_c8,p95_ttft_ms,12399.816489425333,1978.9608746660956,3,12151.091413161092,1247.7795814423278,3,1.0204693609657847,inconclusive
prefix:cold,p65536_s2048_n4_c8,p50_tpot_ms,12.012454563998343,0.2592478852467663,3,11.32274571763583,0.04645190066642244,3,1.0609135684543594,0731 better
prefix:cold,p65536_s2048_n4_c8,p95_itl_ms,15.881513396743676,0.7366881897438704,3,22.684392691977937,4.881995379614819,3,0.7001074973613899,inconclusive
prefix:cold,p65536_s2048_n4_c8,p50_e2el_ms,3862.3970509991827,2.012379779651195,3,3974.9377701761355,39.6296328498835,3,0.9716874261475631,V4.1 better
prefix:cold,p65536_s2048_n16_c8,output_throughput,194.2208186013665,0.5109532693069869,3,146.22541565850278,2.8416928517241367,3,1.3282288699725973,V4.1 better
prefix:cold,p65536_s2048_n16_c8,p50_ttft_ms,2015.2939793285138,1919.3015584948232,3,6940.865468825602,1348.1197020705954,3,0.2903519724420624,V4.1 better
prefix:cold,p65536_s2048_n16_c8,p95_ttft_ms,15598.81307895314,1567.8178640136728,3,14559.948195367662,231.2405180711844,3,1.071350864003486,inconclusive
prefix:cold,p65536_s2048_n16_c8,p50_tpot_ms,12.692620754896303,0.3256683835568848,3,22.57298853661518,5.554068452889727,3,0.562292437897971,inconclusive
prefix:cold,p65536_s2048_n16_c8,p95_itl_ms,25.830883089414016,5.084453428694249,3,292.32063356321305,34.62609673911637,3,0.08836489841497351,V4.1 better
prefix:cold,p65536_s2048_n16_c8,p50_e2el_ms,7503.39030266817,619.1758993264692,3,12743.5110778315,1491.8667515596244,3,0.5888008616181927,V4.1 better
prefix:prewarmed,p65536_s2048_n1_c8,output_throughput,524.4198046553905,0.25733186094640814,3,488.7017305730338,1.8543559652212491,3,1.0730876766908009,V4.1 better
prefix:prewarmed,p65536_s2048_n1_c8,p50_ttft_ms,791.0018961604995,72.82697088165028,3,1264.8649226660684,6.355233197452846,3,0.6253647183868728,V4.1 better
prefix:prewarmed,p65536_s2048_n1_c8,p95_ttft_ms,1330.537410051328,35.7956119364857,3,3752.859259013591,9.586423927772953,3,0.3545396504959925,V4.1 better
prefix:prewarmed,p65536_s2048_n1_c8,p50_tpot_ms,11.97228691372503,0.2535521414018601,3,10.501703569358154,0.03398134130267885,3,1.1400328370206279,0731 better
prefix:prewarmed,p65536_s2048_n1_c8,p95_itl_ms,16.38465096475555,2.19447784034336,3,19.051466125529256,5.270784045405739,3,0.860020475946461,inconclusive
prefix:prewarmed,p65536_s2048_n1_c8,p50_e2el_ms,3837.7378831695146,6.37425485709538,3,3952.3193853286407,13.272371464403594,3,0.9710090478556812,V4.1 better
prefix:prewarmed,p65536_s2048_n4_c8,output_throughput,520.6557182557035,0.4334819469126305,3,399.197224863967,4.389213993949741,3,1.3042568580809286,V4.1 better
prefix:prewarmed,p65536_s2048_n4_c8,p50_ttft_ms,773.1447240124302,77.64933071282978,3,1314.1218005039264,102.10689441313335,3,0.5883356654732859,V4.1 better
prefix:prewarmed,p65536_s2048_n4_c8,p95_ttft_ms,1327.674278549965,30.700423806456495,3,9770.240486924498,1546.7215833106004,3,0.13588962117429862,V4.1 better
prefix:prewarmed,p65536_s2048_n4_c8,p50_tpot_ms,12.106604375107993,0.268272889126951,3,10.83082469801108,0.4162969611337328,3,1.117791554444713,0731 better
prefix:prewarmed,p65536_s2048_n4_c8,p95_itl_ms,15.35584998588698,0.9579245720779025,3,21.116777588031255,7.155875844219313,3,0.7271871819396581,inconclusive
prefix:prewarmed,p65536_s2048_n4_c8,p50_e2el_ms,3864.9328905060734,1.1147069129800624,3,3968.200996663654,9.823557004227126,3,0.9739760898592572,V4.1 better
prefix:prewarmed,p65536_s2048_n16_c8,output_throughput,520.5749943056145,0.7019580964816619,3,232.88366020470505,1.25546906118009,3,2.2353435781970634,V4.1 better
prefix:prewarmed,p65536_s2048_n16_c8,p50_ttft_ms,764.9291258227701,90.87303683171855,3,2900.1575658136667,934.3785126024519,3,0.2637543335022771,V4.1 better
prefix:prewarmed,p65536_s2048_n16_c8,p95_ttft_ms,1332.05983545243,17.485803819381672,3,12578.988530594499,1120.0093964939538,3,0.10589562365945453,V4.1 better
prefix:prewarmed,p65536_s2048_n16_c8,p50_tpot_ms,12.163437964673172,0.3210300942206591,3,12.127671164066342,0.5901121995710896,3,1.002949189512394,inconclusive
prefix:prewarmed,p65536_s2048_n16_c8,p95_itl_ms,17.433487831537295,1.009758766558807,3,25.660058840488393,0.03064079379891304,3,0.6794017090884223,V4.1 better
prefix:prewarmed,p65536_s2048_n16_c8,p50_e2el_ms,3870.887332004107,2.875784062022847,3,6449.335423501907,700.5243093422747,3,0.6001994124694269,V4.1 better
