workload,config,point,n_repeats,requests_per_repeat,output_throughput,request_throughput,p50_ttft_ms,p95_ttft_ms,p50_tpot_ms,p95_tpot_ms,p50_itl_ms,p95_itl_ms,p50_e2el_ms,p95_e2el_ms,peak_running,peak_waiting,peak_kv_cache_usage_frac,preemptions,prefix_cache_hits,prefix_cache_queries,peak_gpu_mem_mib,gpu_seconds_per_output_token
concurrency,off,isl16384_osl256_c1,3,16,88.4 ± 0.0,0.345 ± 0.000,882 ± 2,896 ± 4,7.9 ± 0.0,7.9 ± 0.0,7.9 ± 0.0,8.1 ± 0.0,"2,893 ± 1","2,906 ± 2",1,0,0.014,0,0,0,"76,995",0.090
concurrency,off,isl16384_osl256_c2,3,16,138.1 ± 0.1,0.540 ± 0.000,"1,477 ± 4","1,691 ± 3",8.7 ± 0.0,9.5 ± 0.0,8.0 ± 0.0,8.2 ± 0.0,"3,703 ± 2","3,732 ± 6",2,0,0.015,0,0,0,"76,995",0.058
concurrency,off,isl16384_osl256_c4,3,16,190.1 ± 0.1,0.742 ± 0.000,"2,465 ± 2","3,269 ± 8",11.5 ± 0.0,16.1 ± 0.0,8.4 ± 0.0,9.0 ± 0.5,"5,379 ± 4","5,418 ± 11",4,2,0.017,0,0,0,"76,995",0.042
concurrency,off,isl16384_osl256_c8,3,32,231.4 ± 0.8,0.904 ± 0.003,"4,058 ± 14","5,647 ± 17",18.7 ± 0.0,29.5 ± 0.1,9.4 ± 0.0,19.0 ± 0.2,"8,836 ± 40","9,630 ± 32",8,6,0.022,0,0,0,"76,995",0.035
concurrency,off,isl16384_osl256_c16,3,64,260.3 ± 0.6,1.017 ± 0.002,"4,385 ± 284","10,812 ± 33",44.2 ± 0.8,55.3 ± 0.2,11.1 ± 0.1,401.8 ± 1.6,"15,702 ± 41","21,953 ± 369",16,13,0.030,0,0,0,"76,995",0.031
concurrency,off,isl16384_osl256_c32,3,128,280.0 ± 0.3,1.094 ± 0.001,"3,850 ± 205","21,151 ± 16",98.8 ± 0.9,105.3 ± 0.1,14.0 ± 0.0,419.2 ± 1.7,"29,182 ± 100","46,234 ± 193",32,28,0.047,0,0,0,"76,995",0.029
concurrency,off,isl16384_osl256_c48,3,192,287.0 ± 1.0,1.121 ± 0.004,"3,604 ± 223","31,644 ± 86",152.8 ± 1.0,155.7 ± 0.6,16.8 ± 0.1,426.6 ± 5.3,"42,627 ± 158","70,670 ± 419",48,44,0.065,0,0,0,"76,995",0.028
concurrency,off,isl16384_osl256_c64,3,256,292.3 ± 0.4,1.142 ± 0.002,"3,308 ± 6","42,164 ± 154",205.4 ± 0.5,206.5 ± 0.1,19.7 ± 0.0,430.1 ± 0.6,"55,795 ± 100","94,418 ± 255",64,59,0.083,0,0,0,"76,995",0.027
concurrency,off-profidle,isl16384_osl256_c1,3,16,88.7 ± 0.1,0.346 ± 0.001,881 ± 1,900 ± 14,7.9 ± 0.0,7.9 ± 0.0,7.9 ± 0.0,8.0 ± 0.0,"2,884 ± 1","2,901 ± 13",1,0,0.014,0,0,0,"76,993",0.090
concurrency,off-profidle,isl16384_osl256_c64,3,256,292.2 ± 0.3,1.142 ± 0.001,"3,333 ± 22","42,036 ± 146",205.4 ± 0.5,206.8 ± 0.6,19.6 ± 0.0,428.2 ± 0.7,"55,831 ± 235","94,094 ± 270",64,59,0.083,0,0,0,"76,993",0.027
context,off,isl16384_osl256_c8,3,16,231.0 ± 0.5,0.902 ± 0.002,"4,056 ± 8","6,215 ± 11",18.7 ± 0.1,29.4 ± 0.1,9.4 ± 0.0,18.8 ± 0.1,"8,809 ± 25","10,158 ± 227",8,6,0.022,0,0,0,"79,641",0.035
context,off,isl65536_osl256_c8,3,16,68.5 ± 0.1,0.268 ± 0.000,"14,491 ± 154","25,206 ± 20",59.9 ± 0.5,99.9 ± 0.1,9.6 ± 0.1,440.5 ± 0.2,"29,755 ± 42","40,046 ± 243",8,7,0.045,0,0,0,"79,641",0.117
context,off,isl131072_osl256_c8,3,16,33.3 ± 0.0,0.130 ± 0.000,"30,296 ± 515","54,020 ± 80",121.6 ± 2.2,206.5 ± 0.6,9.8 ± 0.1,504.0 ± 1.3,"61,267 ± 84","84,670 ± 1,019",8,7,0.075,0,0,0,"79,641",0.241
context,off,isl260000_osl256_c8,3,16,14.8 ± 0.0,0.058 ± 0.000,"68,344 ± 298","123,490 ± 165",273.0 ± 1.8,467.2 ± 0.9,422.2 ± 2.3,676.5 ± 0.7,"137,700 ± 302","193,082 ± 774",8,7,0.135,0,0,0,"79,641",0.541
isolated,off-profidle,isl1024_osl256_c1,3,4,118.6 ± 0.2,0.463 ± 0.001,148 ± 1,185 ± 17,7.8 ± 0.0,7.9 ± 0.0,7.8 ± 0.0,7.9 ± 0.0,"2,147 ± 1","2,186 ± 18",1,0,0.001,0,0,0,"77,529",0.068
isolated,off-profidle,isl2048_osl256_c1,3,4,118.5 ± 0.0,0.463 ± 0.000,153 ± 1,181 ± 2,7.8 ± 0.0,7.8 ± 0.0,7.8 ± 0.0,8.0 ± 0.1,"2,152 ± 1","2,181 ± 1",1,0,0.002,0,0,0,"77,529",0.068
isolated,off-profidle,isl4096_osl256_c1,3,4,113.7 ± 0.1,0.444 ± 0.000,245 ± 0,273 ± 11,7.8 ± 0.0,7.8 ± 0.0,7.8 ± 0.0,8.0 ± 0.0,"2,244 ± 1","2,269 ± 5",1,0,0.000,0,0,0,"77,529",0.070
isolated,off-profidle,isl8192_osl256_c1,3,4,104.1 ± 0.3,0.407 ± 0.001,452 ± 10,480 ± 6,7.8 ± 0.0,7.9 ± 0.0,7.9 ± 0.0,10.6 ± 4.4,"2,453 ± 10","2,482 ± 5",1,0,0.001,0,0,0,"77,529",0.077
isolated,off-profidle,isl16384_osl256_c1,3,4,88.4 ± 0.3,0.345 ± 0.001,894 ± 15,911 ± 0,7.8 ± 0.0,7.8 ± 0.0,7.9 ± 0.0,8.1 ± 0.1,"2,893 ± 16","2,911 ± 3",1,0,0.014,0,0,0,"77,529",0.091
isolated,off-profidle,isl32768_osl256_c1,3,4,68.0 ± 0.1,0.266 ± 0.000,"1,769 ± 10","1,790 ± 8",7.8 ± 0.0,7.8 ± 0.0,7.9 ± 0.0,8.0 ± 0.0,"3,759 ± 6","3,781 ± 3",1,0,0.015,0,0,0,"77,529",0.118
isolated,off-profidle,isl65536_osl256_c1,3,4,45.7 ± 0.1,0.179 ± 0.001,"3,618 ± 21","3,630 ± 14",7.8 ± 0.0,7.8 ± 0.0,7.9 ± 0.0,10.6 ± 4.4,"5,602 ± 20","5,611 ± 15",1,0,0.017,0,0,0,"77,529",0.176
isolated,off-profidle,isl131072_osl256_c1,3,4,26.4 ± 0.0,0.103 ± 0.000,"7,740 ± 8","7,822 ± 13",7.7 ± 0.0,7.7 ± 0.0,8.0 ± 0.0,10.5 ± 4.0,"9,705 ± 10","9,784 ± 14",1,0,0.021,0,0,0,"77,529",0.303
isolated,off-profidle,isl260000_osl256_c1,3,4,13.0 ± 0.0,0.051 ± 0.000,"17,796 ± 34","17,868 ± 12",7.6 ± 0.0,7.6 ± 0.0,8.0 ± 0.0,8.3 ± 0.2,"19,723 ± 37","19,793 ± 11",1,0,0.028,0,0,0,"77,529",0.615
prefix,off-cache-off,p65536_s2048_n1_c8,3,64,66.6 ± 0.2,0.260 ± 0.001,"14,843 ± 18","17,853 ± 144",62.4 ± 0.4,104.3 ± 0.3,9.6 ± 0.0,445.1 ± 2.3,"30,759 ± 87","32,913 ± 428",8,7,0.046,0,0,0,"79,641",0.120
prefix,off-cache-off,p65536_s2048_n4_c8,3,64,66.3 ± 0.1,0.259 ± 0.000,"14,900 ± 21","17,783 ± 175",62.7 ± 0.3,104.7 ± 0.1,9.6 ± 0.0,447.4 ± 1.1,"30,857 ± 47","32,884 ± 397",8,7,0.046,0,0,0,"79,641",0.121
prefix,off-cache-off,p65536_s2048_n16_c8,3,64,66.4 ± 0.1,0.259 ± 0.000,"14,860 ± 47","17,863 ± 97",62.7 ± 0.1,104.6 ± 0.1,9.6 ± 0.0,446.3 ± 1.6,"30,848 ± 51","32,526 ± 394",8,7,0.046,0,0,0,"79,641",0.121
prefix,off-cold,p65536_s2048_n1_c8,3,64,475.3 ± 0.8,1.856 ± 0.003,867 ± 2,"4,663 ± 53",11.7 ± 0.0,13.3 ± 0.0,9.5 ± 0.0,17.0 ± 1.6,"3,846 ± 13","7,044 ± 85",8,7,0.018,0,"4,128,768","4,325,634","79,083",0.017
prefix,off-cold,p65536_s2048_n4_c8,3,64,369.5 ± 1.3,1.444 ± 0.005,835 ± 73,"12,400 ± 1,979",12.0 ± 0.3,16.5 ± 5.4,9.5 ± 0.0,15.9 ± 0.7,"3,862 ± 2","15,948 ± 1,940",8,7,0.030,0,"3,932,160","4,325,634","79,083",0.022
prefix,off-cold,p65536_s2048_n16_c8,3,64,194.2 ± 0.5,0.759 ± 0.002,"2,015 ± 1,919","15,599 ± 1,568",12.7 ± 0.3,55.8 ± 7.4,9.6 ± 0.0,25.8 ± 5.1,"7,503 ± 619","24,891 ± 1,954",8,7,0.043,0,"3,145,728","4,325,635","79,083",0.041
prefix,off-prewarmed,p65536_s2048_n1_c8,3,64,524.4 ± 0.3,2.049 ± 0.001,791 ± 73,"1,331 ± 36",12.0 ± 0.3,13.3 ± 0.1,9.5 ± 0.0,16.4 ± 2.2,"3,838 ± 6","4,418 ± 112",8,0,0.007,0,"4,194,304","4,325,634","79,083",0.015
prefix,off-prewarmed,p65536_s2048_n4_c8,3,64,520.7 ± 0.4,2.034 ± 0.002,773 ± 78,"1,328 ± 31",12.1 ± 0.3,13.3 ± 0.1,9.5 ± 0.0,15.4 ± 1.0,"3,865 ± 1","4,334 ± 37",8,0,0.019,0,"4,194,304","4,325,634","79,083",0.015
prefix,off-prewarmed,p65536_s2048_n16_c8,3,64,520.6 ± 0.7,2.033 ± 0.003,765 ± 91,"1,332 ± 17",12.2 ± 0.3,13.3 ± 0.0,9.6 ± 0.0,17.4 ± 1.0,"3,871 ± 3","4,387 ± 106",8,0,0.032,0,"4,194,304","4,325,635","79,083",0.015
