step,annotation,prefill_reqs,prefill_tokens,decode_reqs,decode_tokens,span_ms,kernel_ms,n_kernels,moe_expert_gemm_ms,moe_expert_gemm_n,moe_route_combine_ms,moe_route_combine_n,allreduce_ms,allreduce_n,allgather_other_comm_ms,allgather_other_comm_n,attention_core_ms,attention_core_n,indexer_topk_ms,indexer_topk_n,qkv_rope_kvcache_ms,qkv_rope_kvcache_n,dense_gemm_ms,dense_gemm_n,mhc_residual_norm_ms,mhc_residual_norm_n,engram_ms,engram_n,other_elementwise_ms,other_elementwise_n
0,execute_context_1(8192)_generation_0(0),1,8192,0,0,424.72169140625,392.1579510000001,2098,73.28486,80,7.768026999999999,219,108.37450199999994,81,2.873604,4,48.209282,40,2.222051,21,9.414609999999998,48,90.33404500000013,1032,32.308273,161,3.4470689999999995,4,13.921628000000005,408
1,execute_context_1(8192)_generation_0(0),1,8192,0,0,398.0468388671875,398.43366100000014,2095,73.14597700000003,80,7.916165999999998,219,106.678201,81,2.874084,4,49.49215800000001,40,6.060499,21,9.458608,48,91.49834600000011,1032,32.08614199999998,161,3.928629,4,15.294851000000008,405
2,execute_context_1(8192)_generation_0(0),1,8192,0,0,404.756556640625,405.0087409999999,2140,73.52856200000001,80,8.070371999999999,238,106.620553,81,2.854339,4,49.58199299999999,40,10.192276000000001,27,9.498740999999999,48,91.73584899999987,1032,32.05376200000001,161,3.915474,4,16.956820000000015,425
3,execute_context_1(8192)_generation_0(0),1,8192,0,0,410.1775849609375,410.53281000000004,2140,73.33325499999998,80,8.160868000000002,238,106.92523200000002,81,2.8609480000000005,4,49.726812999999986,40,13.464755,27,9.48545,48,91.75768600000006,1032,32.033596,161,3.9336050000000005,4,18.850602000000013,425
4,execute_context_1(8192)_generation_0(0),1,8192,0,0,417.447794921875,417.661327,2196,73.87181899999997,80,8.377112000000006,257,105.52083499999998,81,2.868532,4,49.80793499999999,40,18.878770000000003,36,9.501261000000001,48,91.93504000000013,1032,32.03688999999999,161,3.9327110000000003,4,20.930422000000004,453
5,execute_context_1(8192)_generation_0(0),1,8192,0,0,424.9461376953125,425.11536200000023,2223,73.34886300000002,80,8.490263000000004,258,106.46655400000003,81,2.879347,4,49.89446099999999,40,23.851946999999996,42,9.511567999999999,48,91.97494400000018,1032,32.05525500000001,161,3.9296400000000005,4,22.71252,473
6,execute_context_1(8192)_generation_0(0),1,8192,0,0,430.54230078125,430.77300999999994,2241,73.74973699999998,80,8.670458000000004,276,106.44289799999999,81,2.881428,4,50.009695,40,26.715515999999997,42,9.51521,48,91.83873000000001,1032,32.097884000000015,161,3.856998,4,24.994455999999992,473
7,execute_context_1(8192)_generation_0(0),1,8192,0,0,434.158943359375,434.38335700000005,2241,73.39302200000003,80,8.632215999999998,276,106.66776299999997,81,2.8785159999999994,4,50.06284899999999,40,28.373755999999997,42,9.461064999999998,48,91.93512100000002,1032,32.117185,161,3.9687740000000002,4,26.893089999999994,473
8,execute_context_1(4)_generation_0(0),1,4,0,0,11.7478916015625,12.315009,1492,1.8608949999999997,80,0.6505449999999999,201,0.7969400000000001,81,0.064065,4,0.8284320000000003,40,1.6918089999999995,21,0.156291,48,4.305124000000001,395,0.9041470000000003,161,0.016128,4,1.040633,457
9,execute_context_0(0)_generation_1(1),0,0,1,1,0.4714990234375,0.331397,84,0.005376,2,0.012992,5,0.051586,3,0.014304,1,0.016608,2,0.0048319999999999995,2,0.002816,1,0.08377699999999999,9,0.019585,4,0.006912,2,0.11260899999999999,53
10,execute_context_0(0)_generation_1(1),0,0,1,1,0.472490234375,0.338634,84,0.005535999999999999,2,0.012896000000000001,5,0.061152,3,0.013856,1,0.016354,2,0.005087999999999999,2,0.002656,1,0.082179,9,0.019454999999999997,4,0.0072640000000000005,2,0.11219799999999999,53
11,execute_context_0(0)_generation_1(1),0,0,1,1,0.487947265625,0.367817,84,0.050625,2,0.014495999999999998,5,0.036097000000000004,3,0.01392,1,0.016512,2,0.0048319999999999995,2,0.00256,1,0.089731,9,0.019712,4,0.007423999999999999,2,0.11190800000000001,53
