timestamp, index, memory.used [MiB], utilization.gpu [%], power.draw [W], clocks.current.sm [MHz], utilization.memory [%], temperature.gpu
2026/10/10 17:24:45.556, 0, 75479 MiB, 0 %, 124.51 W, 1980 MHz, 0 %, 35
2026/10/10 17:24:45.565, 1, 75479 MiB, 0 %, 136.22 W, 1980 MHz, 0 %, 58
2026/10/10 17:24:45.572, 2, 75479 MiB, 0 %, 125.94 W, 1980 MHz, 0 %, 41
2026/10/10 17:24:45.579, 3, 75479 MiB, 0 %, 122.79 W, 1980 MHz, 0 %, 34
2026/10/10 17:24:45.587, 4, 75479 MiB, 0 %, 118.12 W, 1980 MHz, 0 %, 34
2026/10/10 17:24:45.594, 5, 75479 MiB, 0 %, 124.69 W, 1980 MHz, 0 %, 41
2026/10/10 17:24:45.601, 6, 75479 MiB, 0 %, 116.24 W, 1980 MHz, 0 %, 38
2026/10/10 17:24:45.609, 7, 75479 MiB, 0 %, 147.22 W, 1980 MHz, 0 %, 69
2026/10/10 17:24:46.616, 0, 75479 MiB, 0 %, 123.74 W, 1980 MHz, 0 %, 34
2026/10/10 17:24:46.616, 1, 75479 MiB, 0 %, 136.40 W, 1980 MHz, 0 %, 58
2026/10/10 17:24:46.616, 2, 75479 MiB, 0 %, 124.69 W, 1980 MHz, 0 %, 40
2026/10/10 17:24:46.616, 3, 75479 MiB, 0 %, 121.90 W, 1980 MHz, 0 %, 33
2026/10/10 17:24:46.616, 4, 75479 MiB, 0 %, 117.35 W, 1980 MHz, 0 %, 34
2026/10/10 17:24:46.616, 5, 75479 MiB, 0 %, 123.04 W, 1980 MHz, 0 %, 40
2026/10/10 17:24:46.616, 6, 75479 MiB, 0 %, 115.28 W, 1980 MHz, 0 %, 37
2026/10/10 17:24:46.617, 7, 75479 MiB, 0 %, 145.73 W, 1980 MHz, 0 %, 69
2026/10/10 17:24:47.617, 0, 75479 MiB, 0 %, 123.27 W, 1980 MHz, 0 %, 33
2026/10/10 17:24:47.617, 1, 75479 MiB, 0 %, 136.31 W, 1980 MHz, 0 %, 57
2026/10/10 17:24:47.617, 2, 75479 MiB, 0 %, 124.15 W, 1980 MHz, 0 %, 40
2026/10/10 17:24:47.617, 3, 75479 MiB, 0 %, 121.44 W, 1980 MHz, 0 %, 32
2026/10/10 17:24:47.617, 4, 75479 MiB, 0 %, 117.05 W, 1980 MHz, 0 %, 33
2026/10/10 17:24:47.617, 5, 75479 MiB, 0 %, 122.46 W, 1980 MHz, 0 %, 39
2026/10/10 17:24:47.617, 6, 75479 MiB, 0 %, 114.90 W, 1980 MHz, 0 %, 36
2026/10/10 17:24:47.617, 7, 75479 MiB, 0 %, 144.08 W, 1980 MHz, 0 %, 68
2026/10/10 17:24:48.617, 0, 75479 MiB, 0 %, 122.97 W, 1980 MHz, 0 %, 33
2026/10/10 17:24:48.617, 1, 75479 MiB, 0 %, 135.95 W, 1980 MHz, 0 %, 57
2026/10/10 17:24:48.617, 2, 75479 MiB, 0 %, 123.97 W, 1980 MHz, 0 %, 39
2026/10/10 17:24:48.618, 3, 75479 MiB, 0 %, 121.15 W, 1980 MHz, 0 %, 32
2026/10/10 17:24:48.618, 4, 75479 MiB, 0 %, 117.39 W, 1980 MHz, 0 %, 32
2026/10/10 17:24:48.618, 5, 75479 MiB, 0 %, 122.01 W, 1980 MHz, 0 %, 38
2026/10/10 17:24:48.618, 6, 75479 MiB, 0 %, 114.62 W, 1980 MHz, 0 %, 36
2026/10/10 17:24:48.618, 7, 75479 MiB, 0 %, 143.57 W, 1980 MHz, 0 %, 68
2026/10/10 17:24:49.618, 0, 75479 MiB, 0 %, 122.67 W, 1980 MHz, 0 %, 33
2026/10/10 17:24:49.618, 1, 75479 MiB, 0 %, 135.74 W, 1980 MHz, 0 %, 57
2026/10/10 17:24:49.618, 2, 75479 MiB, 0 %, 124.30 W, 1980 MHz, 0 %, 39
2026/10/10 17:24:49.618, 3, 75479 MiB, 0 %, 119.36 W, 1980 MHz, 0 %, 31
2026/10/10 17:24:49.618, 4, 75479 MiB, 0 %, 117.19 W, 1980 MHz, 0 %, 32
2026/10/10 17:24:49.618, 5, 75479 MiB, 0 %, 121.67 W, 1980 MHz, 0 %, 38
2026/10/10 17:24:49.619, 6, 75479 MiB, 0 %, 114.40 W, 1980 MHz, 0 %, 35
2026/10/10 17:24:49.619, 7, 75479 MiB, 0 %, 143.22 W, 1980 MHz, 0 %, 68
2026/10/10 17:24:50.619, 0, 75479 MiB, 0 %, 122.51 W, 1980 MHz, 0 %, 32
2026/10/10 17:24:50.619, 1, 75479 MiB, 0 %, 135.57 W, 1980 MHz, 0 %, 57
2026/10/10 17:24:50.619, 2, 75479 MiB, 0 %, 124.14 W, 1980 MHz, 0 %, 39
2026/10/10 17:24:50.619, 3, 75479 MiB, 0 %, 118.84 W, 1980 MHz, 0 %, 31
2026/10/10 17:24:50.619, 4, 75479 MiB, 0 %, 116.95 W, 1980 MHz, 0 %, 32
2026/10/10 17:24:50.619, 5, 75479 MiB, 0 %, 121.43 W, 1980 MHz, 0 %, 38
2026/10/10 17:24:50.619, 6, 75479 MiB, 0 %, 114.23 W, 1980 MHz, 0 %, 35
2026/10/10 17:24:50.619, 7, 75479 MiB, 0 %, 142.99 W, 1980 MHz, 0 %, 68
2026/10/10 17:24:51.619, 0, 75479 MiB, 0 %, 122.28 W, 1980 MHz, 0 %, 32
2026/10/10 17:24:51.620, 1, 75479 MiB, 0 %, 135.37 W, 1980 MHz, 0 %, 56
2026/10/10 17:24:51.620, 2, 75479 MiB, 0 %, 123.91 W, 1980 MHz, 0 %, 38
2026/10/10 17:24:51.620, 3, 75479 MiB, 0 %, 118.70 W, 1980 MHz, 0 %, 31
2026/10/10 17:24:51.620, 4, 75479 MiB, 0 %, 116.81 W, 1980 MHz, 0 %, 31
2026/10/10 17:24:51.620, 5, 75479 MiB, 0 %, 121.20 W, 1980 MHz, 0 %, 37
2026/10/10 17:24:51.620, 6, 75479 MiB, 0 %, 114.11 W, 1980 MHz, 0 %, 35
2026/10/10 17:24:51.620, 7, 75479 MiB, 0 %, 142.63 W, 1980 MHz, 0 %, 67
2026/10/10 17:24:52.620, 0, 75479 MiB, 0 %, 121.82 W, 1980 MHz, 0 %, 31
2026/10/10 17:24:52.620, 1, 75479 MiB, 0 %, 135.26 W, 1980 MHz, 0 %, 56
2026/10/10 17:24:52.620, 2, 75479 MiB, 0 %, 123.73 W, 1980 MHz, 0 %, 38
2026/10/10 17:24:52.620, 3, 75479 MiB, 0 %, 118.54 W, 1980 MHz, 0 %, 30
2026/10/10 17:24:52.620, 4, 75479 MiB, 0 %, 116.57 W, 1980 MHz, 0 %, 31
2026/10/10 17:24:52.620, 5, 75479 MiB, 0 %, 121.06 W, 1980 MHz, 0 %, 37
2026/10/10 17:24:52.621, 6, 75479 MiB, 0 %, 113.91 W, 1980 MHz, 0 %, 34
2026/10/10 17:24:52.621, 7, 75479 MiB, 0 %, 142.01 W, 1980 MHz, 0 %, 67
2026/10/10 17:24:53.621, 0, 75479 MiB, 0 %, 121.27 W, 1980 MHz, 0 %, 31
2026/10/10 17:24:53.621, 1, 75479 MiB, 0 %, 135.16 W, 1980 MHz, 0 %, 56
2026/10/10 17:24:53.621, 2, 75479 MiB, 0 %, 123.50 W, 1980 MHz, 0 %, 38
2026/10/10 17:24:53.621, 3, 75479 MiB, 0 %, 118.35 W, 1980 MHz, 0 %, 30
2026/10/10 17:24:53.621, 4, 75479 MiB, 0 %, 116.17 W, 1980 MHz, 0 %, 31
2026/10/10 17:24:53.621, 5, 75479 MiB, 0 %, 120.81 W, 1980 MHz, 0 %, 36
2026/10/10 17:24:53.621, 6, 75479 MiB, 0 %, 113.80 W, 1980 MHz, 0 %, 34
2026/10/10 17:24:53.621, 7, 75479 MiB, 0 %, 141.84 W, 1980 MHz, 0 %, 67
2026/10/10 17:24:54.621, 0, 75479 MiB, 0 %, 121.09 W, 1980 MHz, 0 %, 31
2026/10/10 17:24:54.621, 1, 75479 MiB, 0 %, 135.00 W, 1980 MHz, 0 %, 56
2026/10/10 17:24:54.622, 2, 75479 MiB, 0 %, 123.36 W, 1980 MHz, 0 %, 38
2026/10/10 17:24:54.622, 3, 75479 MiB, 0 %, 118.20 W, 1980 MHz, 0 %, 30
2026/10/10 17:24:54.622, 4, 75479 MiB, 0 %, 115.26 W, 1980 MHz, 0 %, 30
2026/10/10 17:24:54.622, 5, 75479 MiB, 0 %, 120.67 W, 1980 MHz, 0 %, 36
2026/10/10 17:24:54.622, 6, 75479 MiB, 0 %, 113.67 W, 1980 MHz, 0 %, 34
2026/10/10 17:24:54.622, 7, 75479 MiB, 0 %, 141.62 W, 1980 MHz, 0 %, 67
2026/10/10 17:24:55.622, 0, 75479 MiB, 0 %, 120.96 W, 1980 MHz, 0 %, 31
2026/10/10 17:24:55.622, 1, 75479 MiB, 0 %, 134.86 W, 1980 MHz, 0 %, 56
2026/10/10 17:24:55.622, 2, 75479 MiB, 0 %, 123.21 W, 1980 MHz, 0 %, 37
2026/10/10 17:24:55.622, 3, 75479 MiB, 0 %, 118.02 W, 1980 MHz, 0 %, 30
2026/10/10 17:24:55.622, 4, 75479 MiB, 0 %, 115.12 W, 1980 MHz, 0 %, 30
2026/10/10 17:24:55.622, 5, 75479 MiB, 0 %, 120.41 W, 1980 MHz, 0 %, 36
2026/10/10 17:24:55.622, 6, 75479 MiB, 0 %, 113.58 W, 1980 MHz, 0 %, 33
2026/10/10 17:24:55.622, 7, 75479 MiB, 0 %, 141.43 W, 1980 MHz, 0 %, 67
2026/10/10 17:24:56.623, 0, 75479 MiB, 100 %, 194.54 W, 1980 MHz, 17 %, 35
2026/10/10 17:24:56.623, 1, 75479 MiB, 100 %, 214.35 W, 1965 MHz, 16 %, 59
2026/10/10 17:24:56.623, 2, 75479 MiB, 100 %, 203.36 W, 1980 MHz, 16 %, 40
2026/10/10 17:24:56.623, 3, 75479 MiB, 100 %, 193.36 W, 1980 MHz, 16 %, 33
2026/10/10 17:24:56.623, 4, 75479 MiB, 100 %, 189.92 W, 1980 MHz, 15 %, 33
2026/10/10 17:24:56.623, 5, 75479 MiB, 100 %, 202.77 W, 1965 MHz, 15 %, 39
2026/10/10 17:24:56.623, 6, 75479 MiB, 97 %, 177.27 W, 1980 MHz, 16 %, 36
2026/10/10 17:24:56.623, 7, 75479 MiB, 100 %, 208.86 W, 1980 MHz, 17 %, 70
2026/10/10 17:24:57.623, 0, 75479 MiB, 100 %, 258.46 W, 1980 MHz, 16 %, 35
2026/10/10 17:24:57.623, 1, 75479 MiB, 100 %, 274.10 W, 1980 MHz, 16 %, 59
2026/10/10 17:24:57.623, 2, 75479 MiB, 100 %, 259.02 W, 1980 MHz, 16 %, 40
2026/10/10 17:24:57.623, 3, 75479 MiB, 100 %, 252.25 W, 1980 MHz, 15 %, 33
2026/10/10 17:24:57.624, 4, 75479 MiB, 100 %, 246.81 W, 1980 MHz, 16 %, 34
2026/10/10 17:24:57.624, 5, 75479 MiB, 100 %, 256.67 W, 1980 MHz, 16 %, 39
2026/10/10 17:24:57.624, 6, 75479 MiB, 100 %, 245.92 W, 1980 MHz, 16 %, 37
2026/10/10 17:24:57.624, 7, 75479 MiB, 100 %, 284.98 W, 1980 MHz, 16 %, 70
2026/10/10 17:24:58.624, 0, 75479 MiB, 100 %, 256.35 W, 1980 MHz, 16 %, 35
2026/10/10 17:24:58.624, 1, 75479 MiB, 100 %, 274.85 W, 1980 MHz, 15 %, 59
2026/10/10 17:24:58.624, 2, 75479 MiB, 100 %, 258.19 W, 1980 MHz, 16 %, 40
2026/10/10 17:24:58.624, 3, 75479 MiB, 100 %, 251.92 W, 1980 MHz, 16 %, 33
2026/10/10 17:24:58.624, 4, 75479 MiB, 100 %, 248.36 W, 1980 MHz, 16 %, 34
2026/10/10 17:24:58.624, 5, 75479 MiB, 100 %, 254.74 W, 1980 MHz, 16 %, 39
2026/10/10 17:24:58.624, 6, 75479 MiB, 100 %, 245.84 W, 1980 MHz, 16 %, 37
2026/10/10 17:24:58.624, 7, 75479 MiB, 100 %, 287.74 W, 1980 MHz, 16 %, 70
2026/10/10 17:24:59.625, 0, 75479 MiB, 100 %, 256.70 W, 1980 MHz, 16 %, 35
2026/10/10 17:24:59.625, 1, 75479 MiB, 100 %, 273.31 W, 1980 MHz, 16 %, 59
2026/10/10 17:24:59.625, 2, 75479 MiB, 100 %, 260.88 W, 1980 MHz, 16 %, 40
2026/10/10 17:24:59.625, 3, 75479 MiB, 100 %, 253.54 W, 1980 MHz, 16 %, 33
2026/10/10 17:24:59.625, 4, 75479 MiB, 100 %, 249.17 W, 1980 MHz, 16 %, 34
2026/10/10 17:24:59.625, 5, 75479 MiB, 100 %, 258.27 W, 1980 MHz, 16 %, 39
2026/10/10 17:24:59.625, 6, 75479 MiB, 100 %, 246.61 W, 1980 MHz, 16 %, 37
2026/10/10 17:24:59.625, 7, 75479 MiB, 100 %, 286.90 W, 1980 MHz, 16 %, 70
2026/10/10 17:25:00.625, 0, 75479 MiB, 100 %, 257.14 W, 1980 MHz, 16 %, 35
2026/10/10 17:25:00.625, 1, 75479 MiB, 100 %, 271.86 W, 1980 MHz, 16 %, 59
2026/10/10 17:25:00.625, 2, 75479 MiB, 100 %, 259.99 W, 1980 MHz, 16 %, 40
2026/10/10 17:25:00.625, 3, 75479 MiB, 100 %, 251.83 W, 1980 MHz, 16 %, 33
2026/10/10 17:25:00.625, 4, 75479 MiB, 100 %, 249.20 W, 1980 MHz, 16 %, 34
2026/10/10 17:25:00.625, 5, 75479 MiB, 100 %, 257.08 W, 1980 MHz, 16 %, 39
2026/10/10 17:25:00.626, 6, 75479 MiB, 100 %, 248.71 W, 1980 MHz, 16 %, 37
2026/10/10 17:25:00.626, 7, 75479 MiB, 100 %, 287.22 W, 1980 MHz, 16 %, 70
2026/10/10 17:25:01.626, 0, 75479 MiB, 100 %, 257.82 W, 1980 MHz, 16 %, 35
2026/10/10 17:25:01.626, 1, 75479 MiB, 100 %, 273.89 W, 1980 MHz, 16 %, 59
2026/10/10 17:25:01.626, 2, 75479 MiB, 100 %, 259.51 W, 1980 MHz, 16 %, 40
2026/10/10 17:25:01.626, 3, 75479 MiB, 100 %, 253.49 W, 1980 MHz, 16 %, 33
2026/10/10 17:25:01.626, 4, 75479 MiB, 100 %, 249.68 W, 1980 MHz, 16 %, 34
2026/10/10 17:25:01.626, 5, 75479 MiB, 100 %, 255.90 W, 1980 MHz, 16 %, 39
2026/10/10 17:25:01.626, 6, 75479 MiB, 100 %, 245.60 W, 1980 MHz, 16 %, 37
2026/10/10 17:25:01.626, 7, 75479 MiB, 100 %, 288.19 W, 1980 MHz, 16 %, 70
2026/10/10 17:25:02.626, 0, 75479 MiB, 100 %, 256.29 W, 1980 MHz, 16 %, 35
2026/10/10 17:25:02.627, 1, 75479 MiB, 100 %, 274.96 W, 1980 MHz, 16 %, 59
2026/10/10 17:25:02.627, 2, 75479 MiB, 100 %, 255.64 W, 1980 MHz, 15 %, 40
2026/10/10 17:25:02.627, 3, 75479 MiB, 100 %, 253.29 W, 1980 MHz, 15 %, 33
2026/10/10 17:25:02.627, 4, 75479 MiB, 100 %, 251.26 W, 1980 MHz, 16 %, 34
2026/10/10 17:25:02.627, 5, 75479 MiB, 100 %, 257.79 W, 1980 MHz, 16 %, 39
2026/10/10 17:25:02.627, 6, 75479 MiB, 100 %, 245.98 W, 1980 MHz, 16 %, 37
2026/10/10 17:25:02.627, 7, 75479 MiB, 100 %, 287.38 W, 1980 MHz, 16 %, 70
2026/10/10 17:25:03.627, 0, 75479 MiB, 100 %, 258.02 W, 1980 MHz, 16 %, 35
2026/10/10 17:25:03.627, 1, 75479 MiB, 100 %, 275.44 W, 1980 MHz, 16 %, 59
2026/10/10 17:25:03.627, 2, 75479 MiB, 100 %, 254.77 W, 1980 MHz, 16 %, 40
2026/10/10 17:25:03.627, 3, 75479 MiB, 100 %, 245.32 W, 1980 MHz, 15 %, 33
2026/10/10 17:25:03.627, 4, 75479 MiB, 100 %, 252.71 W, 1980 MHz, 16 %, 34
2026/10/10 17:25:03.627, 5, 75479 MiB, 100 %, 260.57 W, 1980 MHz, 16 %, 39
2026/10/10 17:25:03.628, 6, 75479 MiB, 100 %, 247.94 W, 1980 MHz, 16 %, 37
2026/10/10 17:25:03.628, 7, 75479 MiB, 100 %, 285.68 W, 1980 MHz, 16 %, 70
2026/10/10 17:25:04.628, 0, 75479 MiB, 100 %, 258.77 W, 1980 MHz, 16 %, 35
2026/10/10 17:25:04.628, 1, 75479 MiB, 100 %, 273.34 W, 1980 MHz, 16 %, 59
2026/10/10 17:25:04.628, 2, 75479 MiB, 100 %, 255.22 W, 1980 MHz, 16 %, 40
2026/10/10 17:25:04.628, 3, 75479 MiB, 100 %, 249.93 W, 1980 MHz, 15 %, 33
2026/10/10 17:25:04.628, 4, 75479 MiB, 100 %, 253.15 W, 1980 MHz, 16 %, 34
2026/10/10 17:25:04.628, 5, 75479 MiB, 100 %, 261.08 W, 1980 MHz, 17 %, 39
2026/10/10 17:25:04.628, 6, 75479 MiB, 100 %, 245.94 W, 1980 MHz, 16 %, 36
2026/10/10 17:25:04.628, 7, 75479 MiB, 100 %, 285.36 W, 1980 MHz, 16 %, 70
2026/10/10 17:25:05.628, 0, 75479 MiB, 100 %, 258.46 W, 1980 MHz, 16 %, 35
2026/10/10 17:25:05.628, 1, 75479 MiB, 100 %, 273.17 W, 1980 MHz, 16 %, 59
2026/10/10 17:25:05.629, 2, 75479 MiB, 100 %, 254.92 W, 1980 MHz, 15 %, 40
2026/10/10 17:25:05.629, 3, 75479 MiB, 100 %, 249.23 W, 1980 MHz, 15 %, 33
2026/10/10 17:25:05.629, 4, 75479 MiB, 100 %, 252.67 W, 1980 MHz, 16 %, 34
2026/10/10 17:25:05.629, 5, 75479 MiB, 100 %, 259.20 W, 1980 MHz, 16 %, 39
2026/10/10 17:25:05.629, 6, 75479 MiB, 100 %, 245.81 W, 1980 MHz, 16 %, 36
2026/10/10 17:25:05.629, 7, 75479 MiB, 100 %, 281.52 W, 1980 MHz, 15 %, 70
2026/10/10 17:25:06.629, 0, 75479 MiB, 100 %, 258.85 W, 1980 MHz, 16 %, 35
2026/10/10 17:25:06.629, 1, 75479 MiB, 100 %, 272.81 W, 1980 MHz, 16 %, 59
2026/10/10 17:25:06.629, 2, 75479 MiB, 100 %, 255.51 W, 1980 MHz, 15 %, 40
2026/10/10 17:25:06.629, 3, 75479 MiB, 100 %, 248.49 W, 1980 MHz, 15 %, 33
2026/10/10 17:25:06.629, 4, 75479 MiB, 100 %, 253.21 W, 1980 MHz, 16 %, 34
2026/10/10 17:25:06.629, 5, 75479 MiB, 100 %, 260.26 W, 1980 MHz, 16 %, 39
2026/10/10 17:25:06.629, 6, 75479 MiB, 100 %, 247.61 W, 1980 MHz, 16 %, 36
2026/10/10 17:25:06.629, 7, 75479 MiB, 100 %, 285.34 W, 1980 MHz, 16 %, 70
2026/10/10 17:25:07.630, 0, 75479 MiB, 100 %, 257.91 W, 1980 MHz, 16 %, 35
2026/10/10 17:25:07.630, 1, 75479 MiB, 100 %, 273.65 W, 1980 MHz, 16 %, 59
2026/10/10 17:25:07.630, 2, 75479 MiB, 100 %, 255.65 W, 1980 MHz, 15 %, 40
2026/10/10 17:25:07.630, 3, 75479 MiB, 100 %, 248.58 W, 1980 MHz, 15 %, 33
2026/10/10 17:25:07.630, 4, 75479 MiB, 100 %, 250.92 W, 1980 MHz, 16 %, 34
2026/10/10 17:25:07.630, 5, 75479 MiB, 100 %, 256.47 W, 1980 MHz, 16 %, 39
2026/10/10 17:25:07.630, 6, 75479 MiB, 100 %, 248.27 W, 1980 MHz, 16 %, 36
2026/10/10 17:25:07.630, 7, 75479 MiB, 100 %, 285.15 W, 1980 MHz, 15 %, 70
2026/10/10 17:25:08.630, 0, 75479 MiB, 100 %, 291.91 W, 1980 MHz, 16 %, 36
2026/10/10 17:25:08.630, 1, 75479 MiB, 100 %, 309.47 W, 1980 MHz, 15 %, 60
2026/10/10 17:25:08.630, 2, 75479 MiB, 100 %, 290.99 W, 1980 MHz, 16 %, 40
2026/10/10 17:25:08.630, 3, 75479 MiB, 100 %, 290.63 W, 1980 MHz, 16 %, 34
2026/10/10 17:25:08.631, 4, 75479 MiB, 100 %, 283.97 W, 1980 MHz, 15 %, 35
2026/10/10 17:25:08.631, 5, 75479 MiB, 100 %, 296.14 W, 1980 MHz, 16 %, 40
2026/10/10 17:25:08.631, 6, 75479 MiB, 100 %, 286.23 W, 1980 MHz, 16 %, 37
2026/10/10 17:25:08.631, 7, 75479 MiB, 100 %, 321.34 W, 1965 MHz, 15 %, 71
2026/10/10 17:25:09.631, 0, 75479 MiB, 100 %, 252.61 W, 1980 MHz, 16 %, 35
2026/10/10 17:25:09.631, 1, 75479 MiB, 100 %, 275.11 W, 1980 MHz, 16 %, 59
2026/10/10 17:25:09.631, 2, 75479 MiB, 100 %, 255.43 W, 1980 MHz, 16 %, 40
2026/10/10 17:25:09.631, 3, 75479 MiB, 100 %, 257.38 W, 1980 MHz, 16 %, 33
2026/10/10 17:25:09.631, 4, 75479 MiB, 100 %, 248.30 W, 1980 MHz, 16 %, 34
2026/10/10 17:25:09.631, 5, 75479 MiB, 100 %, 262.89 W, 1980 MHz, 16 %, 39
2026/10/10 17:25:09.631, 6, 75479 MiB, 100 %, 252.16 W, 1980 MHz, 16 %, 37
2026/10/10 17:25:09.631, 7, 75479 MiB, 100 %, 279.67 W, 1980 MHz, 16 %, 70
2026/10/10 17:25:10.632, 0, 75479 MiB, 100 %, 252.29 W, 1980 MHz, 16 %, 35
2026/10/10 17:25:10.632, 1, 75479 MiB, 100 %, 273.52 W, 1980 MHz, 16 %, 59
2026/10/10 17:25:10.632, 2, 75479 MiB, 100 %, 259.27 W, 1980 MHz, 16 %, 40
2026/10/10 17:25:10.632, 3, 75479 MiB, 100 %, 257.80 W, 1980 MHz, 16 %, 33
2026/10/10 17:25:10.632, 4, 75479 MiB, 100 %, 247.88 W, 1980 MHz, 16 %, 34
2026/10/10 17:25:10.632, 5, 75479 MiB, 100 %, 262.39 W, 1980 MHz, 16 %, 39
2026/10/10 17:25:10.632, 6, 75479 MiB, 100 %, 250.96 W, 1980 MHz, 16 %, 36
2026/10/10 17:25:10.632, 7, 75479 MiB, 100 %, 282.70 W, 1980 MHz, 16 %, 70
2026/10/10 17:25:11.632, 0, 75479 MiB, 100 %, 250.90 W, 1980 MHz, 16 %, 35
2026/10/10 17:25:11.632, 1, 75479 MiB, 100 %, 274.10 W, 1980 MHz, 16 %, 59
2026/10/10 17:25:11.632, 2, 75479 MiB, 100 %, 258.41 W, 1980 MHz, 16 %, 40
2026/10/10 17:25:11.632, 3, 75479 MiB, 100 %, 254.12 W, 1980 MHz, 16 %, 33
2026/10/10 17:25:11.633, 4, 75479 MiB, 100 %, 251.05 W, 1980 MHz, 16 %, 34
2026/10/10 17:25:11.633, 5, 75479 MiB, 100 %, 262.80 W, 1980 MHz, 16 %, 39
2026/10/10 17:25:11.633, 6, 75479 MiB, 100 %, 252.65 W, 1980 MHz, 16 %, 36
2026/10/10 17:25:11.633, 7, 75479 MiB, 100 %, 283.53 W, 1980 MHz, 16 %, 70
2026/10/10 17:25:12.633, 0, 75479 MiB, 100 %, 250.62 W, 1980 MHz, 15 %, 35
2026/10/10 17:25:12.633, 1, 75479 MiB, 100 %, 270.69 W, 1980 MHz, 16 %, 59
2026/10/10 17:25:12.633, 2, 75479 MiB, 100 %, 259.22 W, 1980 MHz, 16 %, 40
2026/10/10 17:25:12.634, 3, 75479 MiB, 100 %, 255.18 W, 1980 MHz, 16 %, 33
2026/10/10 17:25:12.634, 4, 75479 MiB, 100 %, 249.49 W, 1980 MHz, 16 %, 34
2026/10/10 17:25:12.634, 5, 75479 MiB, 100 %, 262.40 W, 1980 MHz, 16 %, 39
2026/10/10 17:25:12.634, 6, 75479 MiB, 100 %, 251.87 W, 1980 MHz, 16 %, 36
2026/10/10 17:25:12.634, 7, 75479 MiB, 100 %, 281.61 W, 1980 MHz, 16 %, 70
2026/10/10 17:25:13.634, 0, 75479 MiB, 100 %, 249.59 W, 1980 MHz, 15 %, 35
2026/10/10 17:25:13.634, 1, 75479 MiB, 100 %, 271.79 W, 1980 MHz, 15 %, 59
2026/10/10 17:25:13.634, 2, 75479 MiB, 100 %, 258.86 W, 1980 MHz, 16 %, 39
2026/10/10 17:25:13.634, 3, 75479 MiB, 100 %, 255.37 W, 1980 MHz, 16 %, 33
2026/10/10 17:25:13.635, 4, 75479 MiB, 100 %, 248.30 W, 1980 MHz, 16 %, 34
2026/10/10 17:25:13.635, 5, 75479 MiB, 100 %, 261.13 W, 1980 MHz, 16 %, 39
2026/10/10 17:25:13.635, 6, 75479 MiB, 100 %, 252.90 W, 1980 MHz, 16 %, 36
2026/10/10 17:25:13.635, 7, 75479 MiB, 100 %, 282.12 W, 1980 MHz, 16 %, 70
2026/10/10 17:25:14.635, 0, 75479 MiB, 100 %, 250.95 W, 1980 MHz, 15 %, 35
2026/10/10 17:25:14.635, 1, 75479 MiB, 100 %, 272.98 W, 1980 MHz, 16 %, 59
2026/10/10 17:25:14.635, 2, 75479 MiB, 100 %, 258.60 W, 1980 MHz, 16 %, 39
2026/10/10 17:25:14.635, 3, 75479 MiB, 100 %, 253.91 W, 1980 MHz, 16 %, 33
2026/10/10 17:25:14.635, 4, 75479 MiB, 100 %, 249.69 W, 1980 MHz, 16 %, 34
2026/10/10 17:25:14.635, 5, 75479 MiB, 100 %, 264.92 W, 1980 MHz, 17 %, 39
2026/10/10 17:25:14.635, 6, 75479 MiB, 100 %, 250.27 W, 1980 MHz, 16 %, 36
2026/10/10 17:25:14.635, 7, 75479 MiB, 100 %, 282.62 W, 1980 MHz, 16 %, 70
2026/10/10 17:25:15.635, 0, 75479 MiB, 100 %, 250.72 W, 1980 MHz, 15 %, 35
2026/10/10 17:25:15.636, 1, 75479 MiB, 100 %, 273.89 W, 1980 MHz, 16 %, 59
2026/10/10 17:25:15.636, 2, 75479 MiB, 100 %, 258.55 W, 1980 MHz, 16 %, 39
2026/10/10 17:25:15.636, 3, 75479 MiB, 100 %, 254.92 W, 1980 MHz, 16 %, 33
2026/10/10 17:25:15.636, 4, 75479 MiB, 100 %, 247.81 W, 1980 MHz, 15 %, 34
2026/10/10 17:25:15.636, 5, 75479 MiB, 100 %, 265.00 W, 1980 MHz, 17 %, 39
2026/10/10 17:25:15.636, 6, 75479 MiB, 100 %, 249.28 W, 1980 MHz, 16 %, 36
2026/10/10 17:25:15.636, 7, 75479 MiB, 100 %, 280.79 W, 1980 MHz, 16 %, 70
2026/10/10 17:25:16.636, 0, 75479 MiB, 100 %, 249.18 W, 1980 MHz, 15 %, 35
2026/10/10 17:25:16.636, 1, 75479 MiB, 100 %, 274.33 W, 1980 MHz, 16 %, 59
2026/10/10 17:25:16.636, 2, 75479 MiB, 100 %, 258.01 W, 1980 MHz, 16 %, 39
2026/10/10 17:25:16.636, 3, 75479 MiB, 100 %, 250.81 W, 1980 MHz, 16 %, 33
2026/10/10 17:25:16.636, 4, 75479 MiB, 100 %, 245.64 W, 1980 MHz, 15 %, 34
2026/10/10 17:25:16.637, 5, 75479 MiB, 100 %, 260.55 W, 1980 MHz, 17 %, 39
2026/10/10 17:25:16.637, 6, 75479 MiB, 100 %, 250.39 W, 1980 MHz, 16 %, 36
2026/10/10 17:25:16.637, 7, 75479 MiB, 100 %, 285.40 W, 1980 MHz, 16 %, 70
2026/10/10 17:25:17.637, 0, 75479 MiB, 100 %, 249.35 W, 1980 MHz, 15 %, 35
2026/10/10 17:25:17.637, 1, 75479 MiB, 100 %, 273.81 W, 1980 MHz, 16 %, 59
2026/10/10 17:25:17.637, 2, 75479 MiB, 100 %, 257.33 W, 1980 MHz, 16 %, 39
2026/10/10 17:25:17.638, 3, 75479 MiB, 100 %, 253.18 W, 1980 MHz, 16 %, 33
2026/10/10 17:25:17.638, 4, 75479 MiB, 100 %, 245.52 W, 1980 MHz, 15 %, 34
2026/10/10 17:25:17.638, 5, 75479 MiB, 100 %, 261.79 W, 1980 MHz, 17 %, 39
2026/10/10 17:25:17.638, 6, 75479 MiB, 100 %, 251.76 W, 1980 MHz, 16 %, 36
2026/10/10 17:25:17.638, 7, 75479 MiB, 100 %, 283.41 W, 1980 MHz, 16 %, 70
2026/10/10 17:25:18.638, 0, 75479 MiB, 100 %, 249.51 W, 1980 MHz, 15 %, 34
2026/10/10 17:25:18.638, 1, 75479 MiB, 100 %, 273.93 W, 1980 MHz, 16 %, 59
2026/10/10 17:25:18.638, 2, 75479 MiB, 100 %, 256.64 W, 1980 MHz, 16 %, 39
2026/10/10 17:25:18.638, 3, 75479 MiB, 100 %, 251.54 W, 1980 MHz, 16 %, 33
2026/10/10 17:25:18.638, 4, 75479 MiB, 100 %, 246.33 W, 1980 MHz, 15 %, 34
2026/10/10 17:25:18.638, 5, 75479 MiB, 100 %, 267.34 W, 1980 MHz, 17 %, 39
2026/10/10 17:25:18.638, 6, 75479 MiB, 100 %, 251.95 W, 1980 MHz, 16 %, 36
2026/10/10 17:25:18.639, 7, 75479 MiB, 100 %, 282.64 W, 1980 MHz, 16 %, 70
2026/10/10 17:25:19.639, 0, 75479 MiB, 100 %, 251.32 W, 1980 MHz, 15 %, 35
2026/10/10 17:25:19.639, 1, 75479 MiB, 100 %, 273.61 W, 1980 MHz, 16 %, 59
2026/10/10 17:25:19.639, 2, 75479 MiB, 100 %, 257.51 W, 1980 MHz, 16 %, 39
2026/10/10 17:25:19.639, 3, 75479 MiB, 100 %, 253.74 W, 1980 MHz, 16 %, 33
2026/10/10 17:25:19.639, 4, 75479 MiB, 100 %, 247.99 W, 1980 MHz, 16 %, 34
2026/10/10 17:25:19.639, 5, 75479 MiB, 100 %, 266.65 W, 1980 MHz, 17 %, 39
2026/10/10 17:25:19.639, 6, 75479 MiB, 100 %, 252.43 W, 1980 MHz, 16 %, 36
2026/10/10 17:25:19.639, 7, 75479 MiB, 100 %, 281.70 W, 1980 MHz, 16 %, 70
2026/10/10 17:25:20.639, 0, 75479 MiB, 100 %, 285.10 W, 1980 MHz, 16 %, 35
2026/10/10 17:25:20.639, 1, 75479 MiB, 100 %, 305.80 W, 1980 MHz, 16 %, 59
2026/10/10 17:25:20.640, 2, 75479 MiB, 100 %, 292.19 W, 1980 MHz, 16 %, 40
2026/10/10 17:25:20.640, 3, 75479 MiB, 100 %, 282.47 W, 1980 MHz, 16 %, 34
2026/10/10 17:25:20.640, 4, 75479 MiB, 100 %, 282.67 W, 1980 MHz, 16 %, 34
2026/10/10 17:25:20.640, 5, 75479 MiB, 100 %, 294.04 W, 1980 MHz, 16 %, 39
2026/10/10 17:25:20.640, 6, 75479 MiB, 100 %, 283.54 W, 1980 MHz, 16 %, 37
2026/10/10 17:25:20.640, 7, 75479 MiB, 100 %, 317.17 W, 1980 MHz, 16 %, 71
2026/10/10 17:25:21.640, 0, 75479 MiB, 100 %, 258.70 W, 1980 MHz, 16 %, 35
2026/10/10 17:25:21.640, 1, 75479 MiB, 100 %, 270.73 W, 1980 MHz, 16 %, 59
2026/10/10 17:25:21.640, 2, 75479 MiB, 100 %, 258.81 W, 1980 MHz, 16 %, 39
2026/10/10 17:25:21.640, 3, 75479 MiB, 100 %, 247.44 W, 1980 MHz, 16 %, 33
2026/10/10 17:25:21.640, 4, 75479 MiB, 100 %, 252.42 W, 1980 MHz, 16 %, 34
2026/10/10 17:25:21.640, 5, 75479 MiB, 100 %, 256.64 W, 1980 MHz, 15 %, 39
2026/10/10 17:25:21.641, 6, 75479 MiB, 100 %, 249.90 W, 1980 MHz, 16 %, 36
2026/10/10 17:25:21.641, 7, 75479 MiB, 100 %, 283.73 W, 1980 MHz, 16 %, 70
2026/10/10 17:25:22.641, 0, 75479 MiB, 100 %, 258.93 W, 1980 MHz, 16 %, 35
2026/10/10 17:25:22.641, 1, 75479 MiB, 100 %, 274.80 W, 1980 MHz, 16 %, 59
2026/10/10 17:25:22.641, 2, 75479 MiB, 100 %, 260.13 W, 1980 MHz, 16 %, 39
2026/10/10 17:25:22.642, 3, 75479 MiB, 100 %, 251.37 W, 1980 MHz, 16 %, 33
2026/10/10 17:25:22.642, 4, 75479 MiB, 100 %, 252.09 W, 1980 MHz, 16 %, 34
2026/10/10 17:25:22.642, 5, 75479 MiB, 100 %, 257.01 W, 1980 MHz, 16 %, 38
2026/10/10 17:25:22.642, 6, 75479 MiB, 100 %, 249.09 W, 1980 MHz, 16 %, 36
2026/10/10 17:25:22.642, 7, 75479 MiB, 100 %, 283.26 W, 1980 MHz, 16 %, 70
2026/10/10 17:25:23.642, 0, 75479 MiB, 100 %, 258.41 W, 1980 MHz, 16 %, 35
2026/10/10 17:25:23.642, 1, 75479 MiB, 100 %, 273.30 W, 1980 MHz, 16 %, 59
2026/10/10 17:25:23.642, 2, 75479 MiB, 100 %, 259.56 W, 1980 MHz, 16 %, 39
2026/10/10 17:25:23.642, 3, 75479 MiB, 100 %, 250.38 W, 1980 MHz, 16 %, 33
2026/10/10 17:25:23.642, 4, 75479 MiB, 100 %, 251.40 W, 1980 MHz, 16 %, 34
2026/10/10 17:25:23.642, 5, 75479 MiB, 100 %, 255.38 W, 1980 MHz, 16 %, 38
2026/10/10 17:25:23.642, 6, 75479 MiB, 100 %, 249.06 W, 1980 MHz, 16 %, 36
2026/10/10 17:25:23.642, 7, 75479 MiB, 100 %, 286.38 W, 1980 MHz, 16 %, 70
2026/10/10 17:25:24.643, 0, 75479 MiB, 100 %, 254.12 W, 1980 MHz, 16 %, 35
2026/10/10 17:25:24.643, 1, 75479 MiB, 100 %, 271.62 W, 1980 MHz, 16 %, 59
2026/10/10 17:25:24.643, 2, 75479 MiB, 100 %, 259.40 W, 1980 MHz, 16 %, 39
2026/10/10 17:25:24.643, 3, 75479 MiB, 100 %, 251.90 W, 1980 MHz, 16 %, 33
2026/10/10 17:25:24.643, 4, 75479 MiB, 100 %, 254.56 W, 1980 MHz, 16 %, 34
2026/10/10 17:25:24.643, 5, 75479 MiB, 100 %, 259.64 W, 1980 MHz, 16 %, 38
2026/10/10 17:25:24.643, 6, 75479 MiB, 100 %, 249.70 W, 1980 MHz, 16 %, 36
2026/10/10 17:25:24.643, 7, 75479 MiB, 100 %, 287.73 W, 1980 MHz, 16 %, 70
2026/10/10 17:25:25.643, 0, 75479 MiB, 100 %, 254.98 W, 1980 MHz, 15 %, 35
2026/10/10 17:25:25.643, 1, 75479 MiB, 100 %, 271.57 W, 1980 MHz, 16 %, 59
2026/10/10 17:25:25.643, 2, 75479 MiB, 100 %, 259.73 W, 1980 MHz, 16 %, 39
2026/10/10 17:25:25.643, 3, 75479 MiB, 100 %, 249.52 W, 1980 MHz, 16 %, 33
2026/10/10 17:25:25.643, 4, 75479 MiB, 100 %, 252.50 W, 1980 MHz, 16 %, 34
2026/10/10 17:25:25.644, 5, 75479 MiB, 100 %, 262.63 W, 1980 MHz, 17 %, 38
2026/10/10 17:25:25.644, 6, 75479 MiB, 100 %, 249.19 W, 1980 MHz, 16 %, 36
2026/10/10 17:25:25.644, 7, 75479 MiB, 100 %, 285.82 W, 1980 MHz, 16 %, 70
2026/10/10 17:25:26.644, 0, 75479 MiB, 100 %, 252.24 W, 1980 MHz, 15 %, 35
2026/10/10 17:25:26.644, 1, 75479 MiB, 100 %, 271.61 W, 1980 MHz, 16 %, 59
2026/10/10 17:25:26.644, 2, 75479 MiB, 100 %, 259.92 W, 1980 MHz, 16 %, 39
2026/10/10 17:25:26.644, 3, 75479 MiB, 100 %, 249.58 W, 1980 MHz, 16 %, 33
2026/10/10 17:25:26.644, 4, 75479 MiB, 100 %, 254.75 W, 1980 MHz, 16 %, 34
2026/10/10 17:25:26.644, 5, 75479 MiB, 100 %, 259.95 W, 1980 MHz, 16 %, 38
2026/10/10 17:25:26.644, 6, 75479 MiB, 100 %, 248.81 W, 1980 MHz, 16 %, 36
2026/10/10 17:25:26.644, 7, 75479 MiB, 100 %, 282.92 W, 1980 MHz, 16 %, 70
2026/10/10 17:25:27.644, 0, 75479 MiB, 100 %, 252.75 W, 1980 MHz, 15 %, 34
2026/10/10 17:25:27.644, 1, 75479 MiB, 100 %, 273.87 W, 1980 MHz, 16 %, 59
2026/10/10 17:25:27.645, 2, 75479 MiB, 100 %, 259.75 W, 1980 MHz, 16 %, 39
2026/10/10 17:25:27.645, 3, 75479 MiB, 100 %, 252.17 W, 1980 MHz, 16 %, 33
2026/10/10 17:25:27.645, 4, 75479 MiB, 100 %, 253.44 W, 1980 MHz, 16 %, 34
2026/10/10 17:25:27.645, 5, 75479 MiB, 100 %, 262.20 W, 1980 MHz, 17 %, 38
2026/10/10 17:25:27.645, 6, 75479 MiB, 100 %, 246.52 W, 1980 MHz, 16 %, 36
2026/10/10 17:25:27.645, 7, 75479 MiB, 100 %, 282.87 W, 1980 MHz, 16 %, 70
2026/10/10 17:25:28.645, 0, 75479 MiB, 100 %, 251.94 W, 1980 MHz, 15 %, 35
2026/10/10 17:25:28.645, 1, 75479 MiB, 100 %, 272.02 W, 1980 MHz, 16 %, 59
2026/10/10 17:25:28.645, 2, 75479 MiB, 100 %, 260.48 W, 1980 MHz, 16 %, 39
2026/10/10 17:25:28.645, 3, 75479 MiB, 100 %, 249.80 W, 1980 MHz, 16 %, 33
2026/10/10 17:25:28.645, 4, 75479 MiB, 100 %, 251.74 W, 1980 MHz, 16 %, 34
2026/10/10 17:25:28.645, 5, 75479 MiB, 100 %, 265.30 W, 1980 MHz, 17 %, 38
2026/10/10 17:25:28.645, 6, 75479 MiB, 100 %, 247.20 W, 1980 MHz, 16 %, 36
2026/10/10 17:25:28.645, 7, 75479 MiB, 100 %, 285.37 W, 1980 MHz, 16 %, 70
2026/10/10 17:25:29.646, 0, 75479 MiB, 100 %, 252.01 W, 1980 MHz, 16 %, 35
2026/10/10 17:25:29.646, 1, 75479 MiB, 100 %, 271.95 W, 1980 MHz, 16 %, 59
2026/10/10 17:25:29.646, 2, 75479 MiB, 100 %, 261.52 W, 1980 MHz, 16 %, 39
2026/10/10 17:25:29.646, 3, 75479 MiB, 100 %, 248.14 W, 1980 MHz, 16 %, 33
2026/10/10 17:25:29.646, 4, 75479 MiB, 100 %, 251.43 W, 1980 MHz, 16 %, 34
2026/10/10 17:25:29.646, 5, 75479 MiB, 100 %, 265.46 W, 1980 MHz, 17 %, 38
2026/10/10 17:25:29.646, 6, 75479 MiB, 100 %, 246.17 W, 1980 MHz, 15 %, 35
2026/10/10 17:25:29.646, 7, 75479 MiB, 100 %, 283.58 W, 1980 MHz, 16 %, 70
2026/10/10 17:25:30.646, 0, 75479 MiB, 100 %, 252.80 W, 1980 MHz, 15 %, 34
2026/10/10 17:25:30.646, 1, 75479 MiB, 100 %, 271.91 W, 1980 MHz, 16 %, 59
2026/10/10 17:25:30.646, 2, 75479 MiB, 100 %, 260.00 W, 1980 MHz, 16 %, 39
2026/10/10 17:25:30.646, 3, 75479 MiB, 100 %, 248.62 W, 1980 MHz, 16 %, 33
2026/10/10 17:25:30.646, 4, 75479 MiB, 100 %, 250.53 W, 1980 MHz, 16 %, 34
2026/10/10 17:25:30.646, 5, 75479 MiB, 100 %, 262.12 W, 1980 MHz, 17 %, 38
2026/10/10 17:25:30.646, 6, 75479 MiB, 100 %, 247.34 W, 1980 MHz, 16 %, 35
2026/10/10 17:25:30.647, 7, 75479 MiB, 100 %, 287.58 W, 1980 MHz, 16 %, 70
2026/10/10 17:25:31.647, 0, 75479 MiB, 100 %, 252.81 W, 1980 MHz, 15 %, 34
2026/10/10 17:25:31.647, 1, 75479 MiB, 100 %, 271.64 W, 1980 MHz, 16 %, 59
2026/10/10 17:25:31.647, 2, 75479 MiB, 100 %, 259.50 W, 1980 MHz, 16 %, 39
2026/10/10 17:25:31.647, 3, 75479 MiB, 100 %, 249.40 W, 1980 MHz, 16 %, 33
2026/10/10 17:25:31.647, 4, 75479 MiB, 100 %, 250.34 W, 1980 MHz, 16 %, 34
2026/10/10 17:25:31.647, 5, 75479 MiB, 100 %, 261.85 W, 1980 MHz, 17 %, 38
2026/10/10 17:25:31.647, 6, 75479 MiB, 100 %, 248.31 W, 1980 MHz, 16 %, 35
2026/10/10 17:25:31.647, 7, 75479 MiB, 100 %, 286.09 W, 1980 MHz, 16 %, 70
2026/10/10 17:25:32.647, 0, 75479 MiB, 100 %, 288.70 W, 1980 MHz, 16 %, 35
2026/10/10 17:25:32.647, 1, 75479 MiB, 100 %, 309.48 W, 1980 MHz, 16 %, 59
2026/10/10 17:25:32.647, 2, 75479 MiB, 100 %, 293.03 W, 1980 MHz, 16 %, 40
2026/10/10 17:25:32.647, 3, 75479 MiB, 100 %, 285.19 W, 1980 MHz, 16 %, 33
2026/10/10 17:25:32.648, 4, 75479 MiB, 100 %, 280.53 W, 1980 MHz, 16 %, 34
2026/10/10 17:25:32.648, 5, 75479 MiB, 100 %, 289.47 W, 1980 MHz, 16 %, 38
2026/10/10 17:25:32.648, 6, 75479 MiB, 100 %, 279.49 W, 1980 MHz, 16 %, 36
2026/10/10 17:25:32.648, 7, 75479 MiB, 100 %, 320.51 W, 1980 MHz, 16 %, 71
2026/10/10 17:25:33.648, 0, 75479 MiB, 100 %, 256.89 W, 1980 MHz, 16 %, 35
2026/10/10 17:25:33.648, 1, 75479 MiB, 100 %, 276.83 W, 1980 MHz, 16 %, 59
2026/10/10 17:25:33.648, 2, 75479 MiB, 100 %, 259.30 W, 1980 MHz, 16 %, 39
2026/10/10 17:25:33.648, 3, 75479 MiB, 100 %, 256.09 W, 1980 MHz, 16 %, 33
2026/10/10 17:25:33.648, 4, 75479 MiB, 100 %, 247.43 W, 1980 MHz, 16 %, 34
2026/10/10 17:25:33.648, 5, 75479 MiB, 100 %, 255.60 W, 1980 MHz, 16 %, 38
2026/10/10 17:25:33.648, 6, 75479 MiB, 100 %, 249.04 W, 1980 MHz, 16 %, 36
2026/10/10 17:25:33.648, 7, 75479 MiB, 100 %, 286.73 W, 1980 MHz, 16 %, 70
2026/10/10 17:25:34.648, 0, 75479 MiB, 100 %, 257.02 W, 1980 MHz, 16 %, 35
2026/10/10 17:25:34.649, 1, 75479 MiB, 100 %, 276.24 W, 1980 MHz, 16 %, 59
2026/10/10 17:25:34.649, 2, 75479 MiB, 100 %, 260.79 W, 1980 MHz, 16 %, 39
2026/10/10 17:25:34.649, 3, 75479 MiB, 100 %, 254.51 W, 1980 MHz, 16 %, 33
2026/10/10 17:25:34.649, 4, 75479 MiB, 100 %, 249.92 W, 1980 MHz, 16 %, 34
2026/10/10 17:25:34.649, 5, 75479 MiB, 100 %, 254.95 W, 1980 MHz, 16 %, 38
2026/10/10 17:25:34.649, 6, 75479 MiB, 100 %, 250.05 W, 1980 MHz, 16 %, 36
2026/10/10 17:25:34.649, 7, 75479 MiB, 100 %, 287.70 W, 1980 MHz, 16 %, 70
2026/10/10 17:25:35.649, 0, 75479 MiB, 100 %, 256.46 W, 1980 MHz, 16 %, 35
2026/10/10 17:25:35.649, 1, 75479 MiB, 100 %, 274.15 W, 1980 MHz, 16 %, 59
2026/10/10 17:25:35.649, 2, 75479 MiB, 100 %, 259.20 W, 1980 MHz, 16 %, 39
2026/10/10 17:25:35.649, 3, 75479 MiB, 100 %, 255.96 W, 1980 MHz, 16 %, 33
2026/10/10 17:25:35.649, 4, 75479 MiB, 100 %, 248.15 W, 1980 MHz, 16 %, 34
2026/10/10 17:25:35.649, 5, 75479 MiB, 100 %, 252.91 W, 1980 MHz, 16 %, 38
2026/10/10 17:25:35.649, 6, 75479 MiB, 100 %, 249.07 W, 1980 MHz, 16 %, 35
2026/10/10 17:25:35.649, 7, 75479 MiB, 100 %, 286.20 W, 1980 MHz, 16 %, 70
2026/10/10 17:25:36.650, 0, 75479 MiB, 100 %, 259.65 W, 1980 MHz, 16 %, 35
2026/10/10 17:25:36.650, 1, 75479 MiB, 100 %, 276.10 W, 1980 MHz, 16 %, 59
2026/10/10 17:25:36.650, 2, 75479 MiB, 100 %, 257.85 W, 1980 MHz, 16 %, 39
2026/10/10 17:25:36.650, 3, 75479 MiB, 100 %, 254.53 W, 1980 MHz, 16 %, 33
2026/10/10 17:25:36.650, 4, 75479 MiB, 100 %, 249.31 W, 1980 MHz, 16 %, 34
2026/10/10 17:25:36.650, 5, 75479 MiB, 100 %, 254.27 W, 1980 MHz, 15 %, 38
2026/10/10 17:25:36.650, 6, 75479 MiB, 100 %, 248.87 W, 1980 MHz, 16 %, 35
2026/10/10 17:25:36.650, 7, 75479 MiB, 100 %, 286.60 W, 1980 MHz, 16 %, 70
2026/10/10 17:25:37.650, 0, 75479 MiB, 100 %, 257.74 W, 1980 MHz, 16 %, 35
2026/10/10 17:25:37.650, 1, 75479 MiB, 100 %, 275.94 W, 1980 MHz, 16 %, 59
2026/10/10 17:25:37.650, 2, 75479 MiB, 100 %, 259.98 W, 1980 MHz, 16 %, 39
2026/10/10 17:25:37.650, 3, 75479 MiB, 100 %, 253.82 W, 1980 MHz, 16 %, 33
2026/10/10 17:25:37.651, 4, 75479 MiB, 100 %, 250.04 W, 1980 MHz, 16 %, 34
2026/10/10 17:25:37.651, 5, 75479 MiB, 100 %, 255.12 W, 1980 MHz, 16 %, 38
2026/10/10 17:25:37.651, 6, 75479 MiB, 100 %, 247.95 W, 1980 MHz, 16 %, 35
2026/10/10 17:25:37.651, 7, 75479 MiB, 100 %, 286.10 W, 1980 MHz, 16 %, 70
2026/10/10 17:25:38.651, 0, 75479 MiB, 100 %, 255.67 W, 1980 MHz, 16 %, 35
2026/10/10 17:25:38.651, 1, 75479 MiB, 100 %, 275.36 W, 1980 MHz, 16 %, 59
2026/10/10 17:25:38.651, 2, 75479 MiB, 100 %, 260.43 W, 1980 MHz, 16 %, 39
2026/10/10 17:25:38.651, 3, 75479 MiB, 100 %, 252.85 W, 1980 MHz, 17 %, 33
2026/10/10 17:25:38.651, 4, 75479 MiB, 100 %, 248.86 W, 1980 MHz, 16 %, 34
2026/10/10 17:25:38.651, 5, 75479 MiB, 100 %, 254.47 W, 1980 MHz, 16 %, 38
2026/10/10 17:25:38.651, 6, 75479 MiB, 100 %, 247.85 W, 1980 MHz, 16 %, 35
2026/10/10 17:25:38.651, 7, 75479 MiB, 100 %, 285.42 W, 1980 MHz, 16 %, 70
2026/10/10 17:25:39.651, 0, 75479 MiB, 100 %, 256.74 W, 1980 MHz, 16 %, 35
2026/10/10 17:25:39.652, 1, 75479 MiB, 100 %, 274.25 W, 1980 MHz, 16 %, 59
2026/10/10 17:25:39.652, 2, 75479 MiB, 100 %, 260.06 W, 1980 MHz, 16 %, 39
2026/10/10 17:25:39.652, 3, 75479 MiB, 100 %, 255.13 W, 1980 MHz, 16 %, 33
2026/10/10 17:25:39.652, 4, 75479 MiB, 100 %, 250.13 W, 1980 MHz, 16 %, 34
2026/10/10 17:25:39.652, 5, 75479 MiB, 100 %, 254.97 W, 1980 MHz, 16 %, 38
2026/10/10 17:25:39.652, 6, 75479 MiB, 100 %, 249.27 W, 1980 MHz, 16 %, 35
2026/10/10 17:25:39.652, 7, 75479 MiB, 100 %, 282.70 W, 1980 MHz, 16 %, 70
2026/10/10 17:25:40.652, 0, 75479 MiB, 100 %, 256.60 W, 1980 MHz, 16 %, 35
2026/10/10 17:25:40.652, 1, 75479 MiB, 100 %, 275.33 W, 1980 MHz, 16 %, 59
2026/10/10 17:25:40.652, 2, 75479 MiB, 100 %, 260.28 W, 1980 MHz, 16 %, 39
2026/10/10 17:25:40.652, 3, 75479 MiB, 100 %, 255.09 W, 1980 MHz, 16 %, 33
2026/10/10 17:25:40.652, 4, 75479 MiB, 100 %, 249.87 W, 1980 MHz, 16 %, 34
2026/10/10 17:25:40.652, 5, 75479 MiB, 100 %, 255.52 W, 1980 MHz, 16 %, 38
2026/10/10 17:25:40.652, 6, 75479 MiB, 100 %, 248.80 W, 1980 MHz, 16 %, 35
2026/10/10 17:25:40.653, 7, 75479 MiB, 100 %, 286.85 W, 1980 MHz, 16 %, 70
2026/10/10 17:25:41.653, 0, 75479 MiB, 100 %, 255.52 W, 1980 MHz, 16 %, 35
2026/10/10 17:25:41.653, 1, 75479 MiB, 100 %, 276.03 W, 1980 MHz, 16 %, 59
2026/10/10 17:25:41.653, 2, 75479 MiB, 100 %, 257.98 W, 1980 MHz, 16 %, 39
2026/10/10 17:25:41.653, 3, 75479 MiB, 100 %, 252.83 W, 1980 MHz, 16 %, 33
2026/10/10 17:25:41.653, 4, 75479 MiB, 100 %, 251.18 W, 1980 MHz, 16 %, 34
2026/10/10 17:25:41.653, 5, 75479 MiB, 100 %, 253.76 W, 1980 MHz, 16 %, 38
2026/10/10 17:25:41.653, 6, 75479 MiB, 100 %, 249.93 W, 1980 MHz, 16 %, 35
2026/10/10 17:25:41.653, 7, 75479 MiB, 100 %, 286.74 W, 1980 MHz, 16 %, 70
2026/10/10 17:25:42.653, 0, 75479 MiB, 100 %, 255.67 W, 1980 MHz, 16 %, 35
2026/10/10 17:25:42.653, 1, 75479 MiB, 100 %, 274.19 W, 1980 MHz, 16 %, 59
2026/10/10 17:25:42.653, 2, 75479 MiB, 100 %, 256.37 W, 1980 MHz, 16 %, 39
2026/10/10 17:25:42.653, 3, 75479 MiB, 100 %, 254.95 W, 1980 MHz, 16 %, 33
2026/10/10 17:25:42.653, 4, 75479 MiB, 100 %, 250.11 W, 1980 MHz, 16 %, 34
2026/10/10 17:25:42.654, 5, 75479 MiB, 100 %, 257.39 W, 1980 MHz, 16 %, 38
2026/10/10 17:25:42.654, 6, 75479 MiB, 100 %, 250.11 W, 1980 MHz, 16 %, 35
2026/10/10 17:25:42.654, 7, 75479 MiB, 100 %, 285.72 W, 1980 MHz, 16 %, 70
2026/10/10 17:25:43.654, 0, 75479 MiB, 100 %, 255.50 W, 1980 MHz, 16 %, 35
2026/10/10 17:25:43.654, 1, 75479 MiB, 100 %, 275.76 W, 1980 MHz, 16 %, 59
2026/10/10 17:25:43.654, 2, 75479 MiB, 100 %, 256.50 W, 1980 MHz, 16 %, 39
2026/10/10 17:25:43.654, 3, 75479 MiB, 100 %, 253.12 W, 1980 MHz, 16 %, 33
2026/10/10 17:25:43.654, 4, 75479 MiB, 100 %, 250.47 W, 1980 MHz, 16 %, 34
2026/10/10 17:25:43.654, 5, 75479 MiB, 100 %, 255.26 W, 1980 MHz, 16 %, 38
2026/10/10 17:25:43.654, 6, 75479 MiB, 100 %, 251.21 W, 1980 MHz, 16 %, 35
2026/10/10 17:25:43.654, 7, 75479 MiB, 100 %, 284.90 W, 1980 MHz, 16 %, 70
2026/10/10 17:25:44.654, 0, 75479 MiB, 100 %, 286.20 W, 1980 MHz, 15 %, 35
2026/10/10 17:25:44.655, 1, 75479 MiB, 100 %, 309.09 W, 1980 MHz, 16 %, 59
2026/10/10 17:25:44.655, 2, 75479 MiB, 100 %, 286.60 W, 1980 MHz, 16 %, 39
2026/10/10 17:25:44.655, 3, 75479 MiB, 100 %, 287.04 W, 1980 MHz, 16 %, 33
2026/10/10 17:25:44.655, 4, 75479 MiB, 100 %, 282.17 W, 1980 MHz, 15 %, 34
2026/10/10 17:25:44.655, 5, 75479 MiB, 100 %, 288.14 W, 1980 MHz, 17 %, 38
2026/10/10 17:25:44.655, 6, 75479 MiB, 100 %, 285.79 W, 1980 MHz, 16 %, 36
2026/10/10 17:25:44.655, 7, 75479 MiB, 100 %, 317.58 W, 1980 MHz, 15 %, 70
2026/10/10 17:25:45.655, 0, 75479 MiB, 100 %, 252.21 W, 1980 MHz, 16 %, 35
2026/10/10 17:25:45.655, 1, 75479 MiB, 100 %, 273.13 W, 1980 MHz, 16 %, 59
2026/10/10 17:25:45.655, 2, 75479 MiB, 100 %, 253.96 W, 1980 MHz, 16 %, 39
2026/10/10 17:25:45.655, 3, 75479 MiB, 100 %, 255.49 W, 1980 MHz, 16 %, 33
2026/10/10 17:25:45.655, 4, 75479 MiB, 100 %, 249.53 W, 1980 MHz, 16 %, 34
2026/10/10 17:25:45.655, 5, 75479 MiB, 100 %, 258.73 W, 1980 MHz, 16 %, 38
2026/10/10 17:25:45.655, 6, 75479 MiB, 100 %, 252.29 W, 1980 MHz, 16 %, 36
2026/10/10 17:25:45.656, 7, 75479 MiB, 100 %, 282.10 W, 1980 MHz, 15 %, 70
2026/10/10 17:25:46.656, 0, 75479 MiB, 100 %, 252.16 W, 1980 MHz, 16 %, 34
2026/10/10 17:25:46.656, 1, 75479 MiB, 100 %, 273.48 W, 1980 MHz, 16 %, 59
2026/10/10 17:25:46.656, 2, 75479 MiB, 100 %, 256.45 W, 1980 MHz, 16 %, 39
2026/10/10 17:25:46.656, 3, 75479 MiB, 100 %, 254.40 W, 1980 MHz, 17 %, 33
2026/10/10 17:25:46.656, 4, 75479 MiB, 100 %, 249.88 W, 1980 MHz, 16 %, 34
2026/10/10 17:25:46.656, 5, 75479 MiB, 100 %, 259.61 W, 1980 MHz, 16 %, 38
2026/10/10 17:25:46.656, 6, 75479 MiB, 100 %, 250.49 W, 1980 MHz, 16 %, 35
2026/10/10 17:25:46.656, 7, 75479 MiB, 100 %, 285.24 W, 1980 MHz, 16 %, 70
2026/10/10 17:25:47.656, 0, 75479 MiB, 100 %, 250.10 W, 1980 MHz, 15 %, 34
2026/10/10 17:25:47.656, 1, 75479 MiB, 100 %, 274.41 W, 1980 MHz, 15 %, 59
2026/10/10 17:25:47.656, 2, 75479 MiB, 100 %, 255.25 W, 1980 MHz, 16 %, 39
2026/10/10 17:25:47.657, 3, 75479 MiB, 100 %, 253.88 W, 1980 MHz, 16 %, 33
2026/10/10 17:25:47.657, 4, 75479 MiB, 100 %, 249.96 W, 1980 MHz, 16 %, 34
2026/10/10 17:25:47.657, 5, 75479 MiB, 100 %, 256.04 W, 1980 MHz, 17 %, 38
2026/10/10 17:25:47.657, 6, 75479 MiB, 100 %, 251.35 W, 1980 MHz, 16 %, 35
2026/10/10 17:25:47.657, 7, 75479 MiB, 100 %, 283.57 W, 1980 MHz, 16 %, 70
2026/10/10 17:25:48.657, 0, 75479 MiB, 100 %, 251.78 W, 1980 MHz, 15 %, 34
2026/10/10 17:25:48.657, 1, 75479 MiB, 100 %, 271.56 W, 1980 MHz, 15 %, 59
2026/10/10 17:25:48.657, 2, 75479 MiB, 100 %, 259.02 W, 1980 MHz, 16 %, 39
2026/10/10 17:25:48.657, 3, 75479 MiB, 100 %, 253.15 W, 1980 MHz, 16 %, 33
2026/10/10 17:25:48.657, 4, 75479 MiB, 100 %, 250.94 W, 1980 MHz, 16 %, 34
2026/10/10 17:25:48.657, 5, 75479 MiB, 100 %, 256.55 W, 1980 MHz, 16 %, 38
2026/10/10 17:25:48.657, 6, 75479 MiB, 100 %, 251.57 W, 1980 MHz, 17 %, 35
2026/10/10 17:25:48.657, 7, 75479 MiB, 100 %, 284.04 W, 1980 MHz, 16 %, 70
2026/10/10 17:25:49.657, 0, 75479 MiB, 100 %, 250.14 W, 1980 MHz, 16 %, 34
2026/10/10 17:25:49.658, 1, 75479 MiB, 100 %, 273.14 W, 1980 MHz, 16 %, 59
2026/10/10 17:25:49.658, 2, 75479 MiB, 100 %, 257.54 W, 1980 MHz, 16 %, 39
2026/10/10 17:25:49.658, 3, 75479 MiB, 100 %, 251.08 W, 1980 MHz, 16 %, 33
2026/10/10 17:25:49.658, 4, 75479 MiB, 100 %, 252.34 W, 1980 MHz, 16 %, 34
2026/10/10 17:25:49.658, 5, 75479 MiB, 100 %, 256.50 W, 1980 MHz, 16 %, 38
2026/10/10 17:25:49.658, 6, 75479 MiB, 100 %, 249.68 W, 1980 MHz, 16 %, 35
2026/10/10 17:25:49.658, 7, 75479 MiB, 100 %, 285.46 W, 1980 MHz, 16 %, 70
2026/10/10 17:25:50.658, 0, 75479 MiB, 100 %, 251.14 W, 1980 MHz, 16 %, 34
2026/10/10 17:25:50.659, 1, 75479 MiB, 100 %, 273.95 W, 1980 MHz, 16 %, 59
2026/10/10 17:25:50.659, 2, 75479 MiB, 100 %, 257.53 W, 1980 MHz, 16 %, 39
2026/10/10 17:25:50.660, 3, 75479 MiB, 100 %, 254.06 W, 1980 MHz, 16 %, 33
2026/10/10 17:25:50.660, 4, 75479 MiB, 100 %, 249.44 W, 1980 MHz, 16 %, 34
2026/10/10 17:25:50.660, 5, 75479 MiB, 100 %, 257.27 W, 1980 MHz, 17 %, 38
2026/10/10 17:25:50.660, 6, 75479 MiB, 100 %, 249.12 W, 1980 MHz, 16 %, 35
2026/10/10 17:25:50.660, 7, 75479 MiB, 100 %, 284.37 W, 1980 MHz, 15 %, 70
2026/10/10 17:25:51.660, 0, 75479 MiB, 100 %, 250.64 W, 1980 MHz, 15 %, 34
2026/10/10 17:25:51.660, 1, 75479 MiB, 100 %, 273.66 W, 1980 MHz, 16 %, 59
2026/10/10 17:25:51.660, 2, 75479 MiB, 100 %, 256.75 W, 1980 MHz, 16 %, 39
2026/10/10 17:25:51.660, 3, 75479 MiB, 100 %, 251.65 W, 1980 MHz, 16 %, 33
2026/10/10 17:25:51.660, 4, 75479 MiB, 100 %, 249.29 W, 1980 MHz, 16 %, 34
2026/10/10 17:25:51.661, 5, 75479 MiB, 100 %, 261.61 W, 1980 MHz, 17 %, 38
2026/10/10 17:25:51.661, 6, 75479 MiB, 100 %, 247.90 W, 1980 MHz, 16 %, 35
2026/10/10 17:25:51.661, 7, 75479 MiB, 100 %, 285.16 W, 1980 MHz, 16 %, 70
2026/10/10 17:25:52.661, 0, 75479 MiB, 100 %, 250.52 W, 1980 MHz, 15 %, 34
2026/10/10 17:25:52.661, 1, 75479 MiB, 100 %, 273.06 W, 1980 MHz, 16 %, 59
2026/10/10 17:25:52.661, 2, 75479 MiB, 100 %, 256.40 W, 1980 MHz, 16 %, 39
2026/10/10 17:25:52.661, 3, 75479 MiB, 100 %, 251.37 W, 1980 MHz, 16 %, 33
2026/10/10 17:25:52.661, 4, 75479 MiB, 100 %, 245.93 W, 1980 MHz, 15 %, 33
2026/10/10 17:25:52.661, 5, 75479 MiB, 100 %, 263.14 W, 1980 MHz, 17 %, 38
2026/10/10 17:25:52.661, 6, 75479 MiB, 100 %, 248.49 W, 1980 MHz, 16 %, 35
2026/10/10 17:25:52.661, 7, 75479 MiB, 100 %, 283.77 W, 1980 MHz, 16 %, 70
2026/10/10 17:25:53.661, 0, 75479 MiB, 100 %, 250.18 W, 1980 MHz, 15 %, 34
2026/10/10 17:25:53.662, 1, 75479 MiB, 100 %, 274.68 W, 1980 MHz, 16 %, 59
2026/10/10 17:25:53.662, 2, 75479 MiB, 100 %, 255.88 W, 1980 MHz, 16 %, 39
2026/10/10 17:25:53.662, 3, 75479 MiB, 100 %, 251.25 W, 1980 MHz, 16 %, 33
2026/10/10 17:25:53.662, 4, 75479 MiB, 100 %, 245.64 W, 1980 MHz, 15 %, 33
2026/10/10 17:25:53.662, 5, 75479 MiB, 100 %, 259.05 W, 1980 MHz, 17 %, 38
2026/10/10 17:25:53.662, 6, 75479 MiB, 100 %, 250.70 W, 1980 MHz, 16 %, 35
2026/10/10 17:25:53.662, 7, 75479 MiB, 100 %, 283.74 W, 1980 MHz, 16 %, 70
2026/10/10 17:25:54.662, 0, 75479 MiB, 100 %, 250.19 W, 1980 MHz, 15 %, 34
2026/10/10 17:25:54.662, 1, 75479 MiB, 100 %, 274.47 W, 1980 MHz, 15 %, 59
2026/10/10 17:25:54.662, 2, 75479 MiB, 100 %, 255.87 W, 1980 MHz, 16 %, 39
2026/10/10 17:25:54.662, 3, 75479 MiB, 100 %, 250.01 W, 1980 MHz, 16 %, 33
2026/10/10 17:25:54.662, 4, 75479 MiB, 100 %, 246.71 W, 1980 MHz, 15 %, 33
2026/10/10 17:25:54.662, 5, 75479 MiB, 100 %, 257.67 W, 1980 MHz, 17 %, 38
2026/10/10 17:25:54.662, 6, 75479 MiB, 100 %, 248.96 W, 1980 MHz, 16 %, 35
2026/10/10 17:25:54.662, 7, 75479 MiB, 100 %, 284.68 W, 1980 MHz, 15 %, 70
2026/10/10 17:25:55.663, 0, 75479 MiB, 100 %, 249.51 W, 1980 MHz, 15 %, 34
2026/10/10 17:25:55.663, 1, 75479 MiB, 100 %, 275.44 W, 1980 MHz, 16 %, 59
2026/10/10 17:25:55.663, 2, 75479 MiB, 100 %, 257.77 W, 1980 MHz, 16 %, 39
2026/10/10 17:25:55.663, 3, 75479 MiB, 100 %, 249.33 W, 1980 MHz, 16 %, 33
2026/10/10 17:25:55.664, 4, 75479 MiB, 100 %, 248.15 W, 1980 MHz, 16 %, 33
2026/10/10 17:25:55.664, 5, 75479 MiB, 100 %, 257.62 W, 1980 MHz, 17 %, 38
2026/10/10 17:25:55.664, 6, 75479 MiB, 100 %, 250.28 W, 1980 MHz, 16 %, 35
2026/10/10 17:25:55.664, 7, 75479 MiB, 100 %, 284.11 W, 1980 MHz, 16 %, 70
2026/10/10 17:25:56.664, 0, 75479 MiB, 100 %, 287.68 W, 1980 MHz, 16 %, 35
2026/10/10 17:25:56.664, 1, 75479 MiB, 100 %, 309.89 W, 1980 MHz, 16 %, 59
2026/10/10 17:25:56.664, 2, 75479 MiB, 100 %, 290.24 W, 1980 MHz, 17 %, 39
2026/10/10 17:25:56.664, 3, 75479 MiB, 100 %, 283.62 W, 1980 MHz, 16 %, 33
2026/10/10 17:25:56.664, 4, 75479 MiB, 100 %, 282.69 W, 1980 MHz, 16 %, 34
2026/10/10 17:25:56.664, 5, 75479 MiB, 100 %, 292.34 W, 1980 MHz, 16 %, 38
2026/10/10 17:25:56.664, 6, 75479 MiB, 100 %, 280.79 W, 1980 MHz, 16 %, 36
2026/10/10 17:25:56.664, 7, 75479 MiB, 100 %, 317.34 W, 1980 MHz, 16 %, 70
2026/10/10 17:25:57.665, 0, 75479 MiB, 100 %, 256.55 W, 1980 MHz, 16 %, 35
2026/10/10 17:25:57.665, 1, 75479 MiB, 100 %, 272.77 W, 1980 MHz, 16 %, 59
2026/10/10 17:25:57.665, 2, 75479 MiB, 100 %, 260.14 W, 1980 MHz, 17 %, 39
2026/10/10 17:25:57.665, 3, 75479 MiB, 100 %, 252.21 W, 1980 MHz, 16 %, 33
2026/10/10 17:25:57.665, 4, 75479 MiB, 100 %, 252.11 W, 1980 MHz, 16 %, 34
2026/10/10 17:25:57.665, 5, 75479 MiB, 100 %, 255.61 W, 1980 MHz, 16 %, 38
2026/10/10 17:25:57.665, 6, 75479 MiB, 100 %, 248.17 W, 1980 MHz, 16 %, 35
2026/10/10 17:25:57.665, 7, 75479 MiB, 100 %, 284.03 W, 1980 MHz, 16 %, 70
2026/10/10 17:25:58.665, 0, 75479 MiB, 100 %, 255.51 W, 1980 MHz, 16 %, 35
2026/10/10 17:25:58.665, 1, 75479 MiB, 100 %, 271.23 W, 1980 MHz, 15 %, 59
2026/10/10 17:25:58.665, 2, 75479 MiB, 100 %, 258.79 W, 1980 MHz, 16 %, 39
2026/10/10 17:25:58.665, 3, 75479 MiB, 100 %, 254.36 W, 1980 MHz, 16 %, 33
2026/10/10 17:25:58.665, 4, 75479 MiB, 100 %, 252.95 W, 1980 MHz, 16 %, 34
2026/10/10 17:25:58.665, 5, 75479 MiB, 100 %, 254.85 W, 1980 MHz, 16 %, 38
2026/10/10 17:25:58.666, 6, 75479 MiB, 100 %, 247.74 W, 1980 MHz, 16 %, 35
2026/10/10 17:25:58.666, 7, 75479 MiB, 100 %, 286.40 W, 1980 MHz, 16 %, 70
2026/10/10 17:25:59.666, 0, 75479 MiB, 100 %, 254.61 W, 1980 MHz, 16 %, 34
2026/10/10 17:25:59.666, 1, 75479 MiB, 100 %, 272.59 W, 1980 MHz, 16 %, 59
2026/10/10 17:25:59.666, 2, 75479 MiB, 100 %, 258.07 W, 1980 MHz, 16 %, 39
2026/10/10 17:25:59.666, 3, 75479 MiB, 100 %, 254.75 W, 1980 MHz, 16 %, 33
2026/10/10 17:25:59.666, 4, 75479 MiB, 100 %, 251.93 W, 1980 MHz, 16 %, 34
2026/10/10 17:25:59.666, 5, 75479 MiB, 100 %, 257.21 W, 1980 MHz, 16 %, 38
2026/10/10 17:25:59.666, 6, 75479 MiB, 100 %, 249.59 W, 1980 MHz, 16 %, 35
2026/10/10 17:25:59.666, 7, 75479 MiB, 100 %, 284.32 W, 1980 MHz, 16 %, 70
2026/10/10 17:26:00.666, 0, 75479 MiB, 100 %, 254.04 W, 1980 MHz, 16 %, 34
2026/10/10 17:26:00.667, 1, 75479 MiB, 100 %, 268.96 W, 1980 MHz, 15 %, 59
2026/10/10 17:26:00.667, 2, 75479 MiB, 100 %, 256.08 W, 1980 MHz, 16 %, 39
2026/10/10 17:26:00.667, 3, 75479 MiB, 100 %, 252.08 W, 1980 MHz, 16 %, 33
2026/10/10 17:26:00.667, 4, 75479 MiB, 100 %, 252.87 W, 1980 MHz, 16 %, 34
2026/10/10 17:26:00.667, 5, 75479 MiB, 100 %, 257.14 W, 1980 MHz, 16 %, 38
2026/10/10 17:26:00.667, 6, 75479 MiB, 100 %, 250.32 W, 1980 MHz, 16 %, 35
2026/10/10 17:26:00.668, 7, 75479 MiB, 100 %, 288.25 W, 1980 MHz, 16 %, 70
2026/10/10 17:26:01.668, 0, 75479 MiB, 100 %, 255.04 W, 1980 MHz, 16 %, 34
2026/10/10 17:26:01.668, 1, 75479 MiB, 100 %, 267.64 W, 1980 MHz, 15 %, 59
2026/10/10 17:26:01.668, 2, 75479 MiB, 100 %, 256.88 W, 1980 MHz, 16 %, 39
2026/10/10 17:26:01.668, 3, 75479 MiB, 100 %, 251.90 W, 1980 MHz, 16 %, 33
2026/10/10 17:26:01.668, 4, 75479 MiB, 100 %, 252.92 W, 1980 MHz, 16 %, 34
2026/10/10 17:26:01.668, 5, 75479 MiB, 100 %, 258.33 W, 1980 MHz, 17 %, 38
2026/10/10 17:26:01.668, 6, 75479 MiB, 100 %, 249.46 W, 1980 MHz, 16 %, 35
2026/10/10 17:26:01.668, 7, 75479 MiB, 100 %, 283.94 W, 1980 MHz, 16 %, 70
2026/10/10 17:26:02.668, 0, 75479 MiB, 100 %, 254.15 W, 1980 MHz, 16 %, 34
2026/10/10 17:26:02.668, 1, 75479 MiB, 100 %, 266.80 W, 1980 MHz, 15 %, 59
2026/10/10 17:26:02.669, 2, 75479 MiB, 100 %, 255.75 W, 1980 MHz, 16 %, 39
2026/10/10 17:26:02.669, 3, 75479 MiB, 100 %, 248.83 W, 1980 MHz, 16 %, 33
2026/10/10 17:26:02.669, 4, 75479 MiB, 100 %, 252.20 W, 1980 MHz, 17 %, 34
2026/10/10 17:26:02.669, 5, 75479 MiB, 100 %, 258.54 W, 1980 MHz, 17 %, 38
2026/10/10 17:26:02.669, 6, 75479 MiB, 100 %, 247.93 W, 1980 MHz, 16 %, 35
2026/10/10 17:26:02.669, 7, 75479 MiB, 100 %, 283.51 W, 1980 MHz, 16 %, 70
2026/10/10 17:26:03.669, 0, 75479 MiB, 100 %, 252.36 W, 1980 MHz, 15 %, 34
2026/10/10 17:26:03.669, 1, 75479 MiB, 100 %, 269.35 W, 1980 MHz, 15 %, 59
2026/10/10 17:26:03.669, 2, 75479 MiB, 100 %, 259.77 W, 1980 MHz, 16 %, 39
2026/10/10 17:26:03.669, 3, 75479 MiB, 100 %, 252.64 W, 1980 MHz, 16 %, 33
2026/10/10 17:26:03.669, 4, 75479 MiB, 100 %, 250.40 W, 1980 MHz, 16 %, 34
2026/10/10 17:26:03.669, 5, 75479 MiB, 100 %, 260.12 W, 1980 MHz, 17 %, 38
2026/10/10 17:26:03.669, 6, 75479 MiB, 100 %, 249.03 W, 1980 MHz, 16 %, 35
2026/10/10 17:26:03.669, 7, 75479 MiB, 100 %, 284.96 W, 1980 MHz, 16 %, 70
2026/10/10 17:26:04.670, 0, 75479 MiB, 100 %, 251.97 W, 1980 MHz, 16 %, 34
2026/10/10 17:26:04.670, 1, 75479 MiB, 100 %, 268.21 W, 1980 MHz, 15 %, 59
2026/10/10 17:26:04.670, 2, 75479 MiB, 100 %, 260.08 W, 1980 MHz, 16 %, 39
2026/10/10 17:26:04.670, 3, 75479 MiB, 100 %, 252.93 W, 1980 MHz, 16 %, 33
2026/10/10 17:26:04.670, 4, 75479 MiB, 100 %, 250.79 W, 1980 MHz, 16 %, 34
2026/10/10 17:26:04.670, 5, 75479 MiB, 100 %, 261.40 W, 1980 MHz, 17 %, 38
2026/10/10 17:26:04.670, 6, 75479 MiB, 100 %, 247.93 W, 1980 MHz, 16 %, 35
2026/10/10 17:26:04.670, 7, 75479 MiB, 100 %, 283.25 W, 1980 MHz, 16 %, 70
2026/10/10 17:26:05.670, 0, 75479 MiB, 100 %, 252.51 W, 1980 MHz, 16 %, 34
2026/10/10 17:26:05.670, 1, 75479 MiB, 100 %, 272.15 W, 1980 MHz, 16 %, 59
2026/10/10 17:26:05.670, 2, 75479 MiB, 100 %, 259.20 W, 1980 MHz, 16 %, 39
2026/10/10 17:26:05.670, 3, 75479 MiB, 100 %, 251.50 W, 1980 MHz, 16 %, 33
2026/10/10 17:26:05.670, 4, 75479 MiB, 100 %, 249.56 W, 1980 MHz, 16 %, 33
2026/10/10 17:26:05.671, 5, 75479 MiB, 100 %, 262.30 W, 1980 MHz, 17 %, 38
2026/10/10 17:26:05.671, 6, 75479 MiB, 100 %, 243.75 W, 1980 MHz, 15 %, 35
2026/10/10 17:26:05.671, 7, 75479 MiB, 100 %, 284.64 W, 1980 MHz, 16 %, 70
2026/10/10 17:26:06.671, 0, 75479 MiB, 100 %, 255.20 W, 1980 MHz, 16 %, 34
2026/10/10 17:26:06.671, 1, 75479 MiB, 100 %, 271.11 W, 1980 MHz, 16 %, 59
2026/10/10 17:26:06.671, 2, 75479 MiB, 100 %, 259.20 W, 1980 MHz, 16 %, 39
2026/10/10 17:26:06.671, 3, 75479 MiB, 100 %, 251.96 W, 1980 MHz, 16 %, 33
2026/10/10 17:26:06.671, 4, 75479 MiB, 100 %, 249.46 W, 1980 MHz, 16 %, 33
2026/10/10 17:26:06.671, 5, 75479 MiB, 100 %, 263.01 W, 1980 MHz, 17 %, 38
2026/10/10 17:26:06.671, 6, 75479 MiB, 100 %, 245.27 W, 1980 MHz, 16 %, 35
2026/10/10 17:26:06.671, 7, 75479 MiB, 100 %, 286.08 W, 1980 MHz, 16 %, 70
2026/10/10 17:26:07.671, 0, 75479 MiB, 100 %, 252.68 W, 1980 MHz, 16 %, 34
2026/10/10 17:26:07.672, 1, 75479 MiB, 100 %, 268.93 W, 1980 MHz, 16 %, 59
2026/10/10 17:26:07.672, 2, 75479 MiB, 100 %, 259.61 W, 1980 MHz, 16 %, 39
2026/10/10 17:26:07.672, 3, 75479 MiB, 100 %, 250.00 W, 1980 MHz, 16 %, 33
2026/10/10 17:26:07.672, 4, 75479 MiB, 100 %, 247.87 W, 1980 MHz, 16 %, 33
2026/10/10 17:26:07.672, 5, 75479 MiB, 100 %, 264.17 W, 1980 MHz, 17 %, 38
2026/10/10 17:26:07.672, 6, 75479 MiB, 100 %, 246.29 W, 1980 MHz, 16 %, 35
2026/10/10 17:26:07.672, 7, 75479 MiB, 100 %, 287.11 W, 1980 MHz, 16 %, 70
2026/10/10 17:26:08.672, 0, 75479 MiB, 100 %, 287.21 W, 1980 MHz, 16 %, 35
2026/10/10 17:26:08.672, 1, 75479 MiB, 100 %, 305.93 W, 1980 MHz, 16 %, 59
2026/10/10 17:26:08.672, 2, 75479 MiB, 100 %, 289.26 W, 1980 MHz, 16 %, 39
2026/10/10 17:26:08.672, 3, 75479 MiB, 100 %, 284.85 W, 1980 MHz, 16 %, 33
2026/10/10 17:26:08.672, 4, 75479 MiB, 100 %, 276.09 W, 1980 MHz, 16 %, 34
2026/10/10 17:26:08.672, 5, 75479 MiB, 100 %, 286.49 W, 1980 MHz, 15 %, 38
2026/10/10 17:26:08.672, 6, 75479 MiB, 100 %, 275.34 W, 1980 MHz, 16 %, 35
2026/10/10 17:26:08.672, 7, 75479 MiB, 100 %, 321.39 W, 1980 MHz, 16 %, 70
2026/10/10 17:26:09.673, 0, 75479 MiB, 100 %, 256.84 W, 1980 MHz, 16 %, 35
2026/10/10 17:26:09.673, 1, 75479 MiB, 100 %, 272.31 W, 1980 MHz, 16 %, 59
2026/10/10 17:26:09.673, 2, 75479 MiB, 100 %, 260.07 W, 1980 MHz, 16 %, 39
2026/10/10 17:26:09.673, 3, 75479 MiB, 100 %, 254.76 W, 1980 MHz, 16 %, 33
2026/10/10 17:26:09.673, 4, 75479 MiB, 100 %, 248.47 W, 1980 MHz, 16 %, 34
2026/10/10 17:26:09.673, 5, 75479 MiB, 100 %, 256.49 W, 1980 MHz, 16 %, 38
2026/10/10 17:26:09.673, 6, 75479 MiB, 100 %, 246.88 W, 1980 MHz, 16 %, 35
2026/10/10 17:26:09.673, 7, 75479 MiB, 100 %, 285.47 W, 1980 MHz, 16 %, 70
2026/10/10 17:26:10.673, 0, 75479 MiB, 100 %, 258.25 W, 1980 MHz, 16 %, 35
2026/10/10 17:26:10.673, 1, 75479 MiB, 100 %, 272.87 W, 1980 MHz, 16 %, 59
2026/10/10 17:26:10.673, 2, 75479 MiB, 100 %, 257.99 W, 1980 MHz, 16 %, 39
2026/10/10 17:26:10.673, 3, 75479 MiB, 100 %, 256.05 W, 1980 MHz, 16 %, 33
2026/10/10 17:26:10.674, 4, 75479 MiB, 100 %, 249.59 W, 1980 MHz, 16 %, 33
2026/10/10 17:26:10.674, 5, 75479 MiB, 100 %, 253.53 W, 1980 MHz, 16 %, 38
2026/10/10 17:26:10.674, 6, 75479 MiB, 100 %, 246.57 W, 1980 MHz, 16 %, 35
2026/10/10 17:26:10.674, 7, 75479 MiB, 100 %, 283.73 W, 1980 MHz, 16 %, 70
2026/10/10 17:26:11.674, 0, 75479 MiB, 100 %, 258.51 W, 1980 MHz, 16 %, 35
2026/10/10 17:26:11.674, 1, 75479 MiB, 100 %, 273.07 W, 1980 MHz, 16 %, 59
2026/10/10 17:26:11.674, 2, 75479 MiB, 100 %, 257.54 W, 1980 MHz, 16 %, 39
2026/10/10 17:26:11.674, 3, 75479 MiB, 100 %, 255.88 W, 1980 MHz, 16 %, 33
2026/10/10 17:26:11.674, 4, 75479 MiB, 100 %, 248.98 W, 1980 MHz, 16 %, 33
2026/10/10 17:26:11.674, 5, 75479 MiB, 100 %, 253.68 W, 1980 MHz, 16 %, 38
2026/10/10 17:26:11.674, 6, 75479 MiB, 100 %, 246.28 W, 1980 MHz, 17 %, 35
2026/10/10 17:26:11.674, 7, 75479 MiB, 100 %, 282.80 W, 1980 MHz, 16 %, 70
2026/10/10 17:26:12.674, 0, 75479 MiB, 100 %, 258.43 W, 1980 MHz, 16 %, 35
2026/10/10 17:26:12.675, 1, 75479 MiB, 100 %, 273.13 W, 1980 MHz, 16 %, 59
2026/10/10 17:26:12.675, 2, 75479 MiB, 100 %, 257.22 W, 1980 MHz, 16 %, 39
2026/10/10 17:26:12.675, 3, 75479 MiB, 100 %, 256.64 W, 1980 MHz, 16 %, 33
2026/10/10 17:26:12.675, 4, 75479 MiB, 100 %, 249.30 W, 1980 MHz, 16 %, 33
2026/10/10 17:26:12.675, 5, 75479 MiB, 100 %, 256.83 W, 1980 MHz, 16 %, 37
2026/10/10 17:26:12.675, 6, 75479 MiB, 100 %, 247.81 W, 1980 MHz, 16 %, 35
2026/10/10 17:26:12.675, 7, 75479 MiB, 100 %, 284.98 W, 1980 MHz, 16 %, 70
2026/10/10 17:26:13.675, 0, 75479 MiB, 100 %, 256.89 W, 1980 MHz, 16 %, 34
2026/10/10 17:26:13.675, 1, 75479 MiB, 100 %, 271.01 W, 1980 MHz, 16 %, 59
2026/10/10 17:26:13.675, 2, 75479 MiB, 100 %, 260.23 W, 1980 MHz, 16 %, 39
2026/10/10 17:26:13.675, 3, 75479 MiB, 100 %, 254.72 W, 1980 MHz, 16 %, 33
2026/10/10 17:26:13.675, 4, 75479 MiB, 100 %, 248.55 W, 1980 MHz, 16 %, 33
2026/10/10 17:26:13.675, 5, 75479 MiB, 100 %, 255.42 W, 1980 MHz, 16 %, 37
2026/10/10 17:26:13.675, 6, 75479 MiB, 100 %, 247.60 W, 1980 MHz, 16 %, 35
2026/10/10 17:26:13.676, 7, 75479 MiB, 100 %, 285.79 W, 1980 MHz, 16 %, 70
2026/10/10 17:26:14.676, 0, 75479 MiB, 100 %, 258.09 W, 1980 MHz, 16 %, 34
2026/10/10 17:26:14.676, 1, 75479 MiB, 100 %, 274.03 W, 1980 MHz, 16 %, 59
2026/10/10 17:26:14.676, 2, 75479 MiB, 100 %, 259.88 W, 1980 MHz, 16 %, 39
2026/10/10 17:26:14.676, 3, 75479 MiB, 100 %, 256.15 W, 1980 MHz, 16 %, 33
2026/10/10 17:26:14.676, 4, 75479 MiB, 100 %, 250.14 W, 1980 MHz, 16 %, 33
2026/10/10 17:26:14.676, 5, 75479 MiB, 100 %, 254.49 W, 1980 MHz, 15 %, 37
2026/10/10 17:26:14.676, 6, 75479 MiB, 100 %, 247.88 W, 1980 MHz, 17 %, 35
2026/10/10 17:26:14.676, 7, 75479 MiB, 100 %, 287.21 W, 1980 MHz, 16 %, 70
2026/10/10 17:26:15.676, 0, 75479 MiB, 100 %, 255.40 W, 1980 MHz, 16 %, 34
2026/10/10 17:26:15.676, 1, 75479 MiB, 100 %, 274.76 W, 1980 MHz, 16 %, 59
2026/10/10 17:26:15.676, 2, 75479 MiB, 100 %, 257.70 W, 1980 MHz, 15 %, 39
2026/10/10 17:26:15.676, 3, 75479 MiB, 100 %, 256.48 W, 1980 MHz, 16 %, 33
2026/10/10 17:26:15.677, 4, 75479 MiB, 100 %, 248.59 W, 1980 MHz, 16 %, 33
2026/10/10 17:26:15.677, 5, 75479 MiB, 100 %, 257.01 W, 1980 MHz, 16 %, 37
2026/10/10 17:26:15.677, 6, 75479 MiB, 100 %, 246.40 W, 1980 MHz, 16 %, 35
2026/10/10 17:26:15.677, 7, 75479 MiB, 100 %, 285.75 W, 1980 MHz, 16 %, 70
2026/10/10 17:26:16.677, 0, 75479 MiB, 100 %, 255.56 W, 1980 MHz, 16 %, 34
2026/10/10 17:26:16.677, 1, 75479 MiB, 100 %, 269.56 W, 1980 MHz, 15 %, 59
2026/10/10 17:26:16.677, 2, 75479 MiB, 100 %, 258.40 W, 1980 MHz, 16 %, 39
2026/10/10 17:26:16.677, 3, 75479 MiB, 100 %, 250.50 W, 1980 MHz, 15 %, 33
2026/10/10 17:26:16.677, 4, 75479 MiB, 100 %, 249.89 W, 1980 MHz, 16 %, 33
2026/10/10 17:26:16.677, 5, 75479 MiB, 100 %, 260.29 W, 1980 MHz, 17 %, 38
2026/10/10 17:26:16.677, 6, 75479 MiB, 100 %, 247.74 W, 1980 MHz, 16 %, 35
2026/10/10 17:26:16.677, 7, 75479 MiB, 100 %, 285.65 W, 1980 MHz, 16 %, 70
2026/10/10 17:26:17.677, 0, 75479 MiB, 100 %, 254.71 W, 1980 MHz, 16 %, 34
2026/10/10 17:26:17.678, 1, 75479 MiB, 100 %, 267.76 W, 1980 MHz, 15 %, 59
2026/10/10 17:26:17.678, 2, 75479 MiB, 100 %, 261.69 W, 1980 MHz, 17 %, 39
2026/10/10 17:26:17.678, 3, 75479 MiB, 100 %, 253.38 W, 1980 MHz, 15 %, 33
2026/10/10 17:26:17.678, 4, 75479 MiB, 100 %, 250.68 W, 1980 MHz, 16 %, 33
2026/10/10 17:26:17.678, 5, 75479 MiB, 100 %, 257.86 W, 1980 MHz, 17 %, 38
2026/10/10 17:26:17.678, 6, 75479 MiB, 100 %, 245.74 W, 1980 MHz, 16 %, 35
2026/10/10 17:26:17.678, 7, 75479 MiB, 100 %, 286.47 W, 1980 MHz, 16 %, 70
2026/10/10 17:26:18.678, 0, 75479 MiB, 100 %, 253.00 W, 1980 MHz, 15 %, 34
2026/10/10 17:26:18.678, 1, 75479 MiB, 100 %, 269.85 W, 1980 MHz, 15 %, 59
2026/10/10 17:26:18.678, 2, 75479 MiB, 100 %, 264.32 W, 1980 MHz, 17 %, 39
2026/10/10 17:26:18.678, 3, 75479 MiB, 100 %, 252.22 W, 1980 MHz, 16 %, 33
2026/10/10 17:26:18.678, 4, 75479 MiB, 100 %, 250.14 W, 1980 MHz, 16 %, 33
2026/10/10 17:26:18.678, 5, 75479 MiB, 100 %, 260.68 W, 1980 MHz, 16 %, 38
2026/10/10 17:26:18.678, 6, 75479 MiB, 100 %, 245.41 W, 1980 MHz, 16 %, 35
2026/10/10 17:26:18.679, 7, 75479 MiB, 100 %, 285.43 W, 1980 MHz, 16 %, 70
2026/10/10 17:26:19.679, 0, 75479 MiB, 100 %, 252.49 W, 1980 MHz, 15 %, 34
2026/10/10 17:26:19.679, 1, 75479 MiB, 100 %, 271.39 W, 1980 MHz, 16 %, 59
2026/10/10 17:26:19.679, 2, 75479 MiB, 100 %, 264.35 W, 1980 MHz, 17 %, 39
2026/10/10 17:26:19.679, 3, 75479 MiB, 100 %, 256.77 W, 1980 MHz, 16 %, 33
2026/10/10 17:26:19.679, 4, 75479 MiB, 100 %, 250.32 W, 1980 MHz, 16 %, 33
2026/10/10 17:26:19.679, 5, 75479 MiB, 100 %, 259.77 W, 1980 MHz, 16 %, 38
2026/10/10 17:26:19.679, 6, 75479 MiB, 100 %, 245.38 W, 1980 MHz, 16 %, 35
2026/10/10 17:26:19.679, 7, 75479 MiB, 100 %, 286.10 W, 1980 MHz, 16 %, 70
2026/10/10 17:26:20.679, 0, 75479 MiB, 100 %, 289.94 W, 1980 MHz, 16 %, 35
2026/10/10 17:26:20.679, 1, 75479 MiB, 100 %, 307.70 W, 1980 MHz, 16 %, 59
2026/10/10 17:26:20.680, 2, 75479 MiB, 100 %, 296.48 W, 1980 MHz, 16 %, 39
2026/10/10 17:26:20.680, 3, 75479 MiB, 100 %, 294.47 W, 1980 MHz, 16 %, 33
2026/10/10 17:26:20.680, 4, 75479 MiB, 100 %, 283.44 W, 1980 MHz, 16 %, 34
2026/10/10 17:26:20.680, 5, 75479 MiB, 100 %, 291.98 W, 1980 MHz, 16 %, 38
2026/10/10 17:26:20.680, 6, 75479 MiB, 100 %, 279.99 W, 1980 MHz, 16 %, 35
2026/10/10 17:26:20.680, 7, 75479 MiB, 100 %, 319.64 W, 1980 MHz, 15 %, 70
2026/10/10 17:26:21.680, 0, 75479 MiB, 100 %, 253.93 W, 1980 MHz, 15 %, 34
2026/10/10 17:26:21.680, 1, 75479 MiB, 100 %, 270.89 W, 1980 MHz, 16 %, 59
2026/10/10 17:26:21.680, 2, 75479 MiB, 100 %, 259.22 W, 1980 MHz, 16 %, 39
2026/10/10 17:26:21.680, 3, 75479 MiB, 100 %, 258.40 W, 1980 MHz, 16 %, 33
2026/10/10 17:26:21.680, 4, 75479 MiB, 100 %, 245.85 W, 1980 MHz, 16 %, 34
2026/10/10 17:26:21.680, 5, 75479 MiB, 100 %, 259.80 W, 1980 MHz, 16 %, 38
2026/10/10 17:26:21.680, 6, 75479 MiB, 100 %, 248.56 W, 1980 MHz, 16 %, 35
2026/10/10 17:26:21.681, 7, 75479 MiB, 100 %, 279.63 W, 1980 MHz, 16 %, 70
2026/10/10 17:26:22.681, 0, 75479 MiB, 100 %, 253.90 W, 1980 MHz, 16 %, 34
2026/10/10 17:26:22.681, 1, 75479 MiB, 100 %, 271.47 W, 1980 MHz, 16 %, 59
2026/10/10 17:26:22.681, 2, 75479 MiB, 100 %, 257.65 W, 1980 MHz, 16 %, 39
2026/10/10 17:26:22.681, 3, 75479 MiB, 100 %, 255.46 W, 1980 MHz, 16 %, 33
2026/10/10 17:26:22.681, 4, 75479 MiB, 100 %, 248.90 W, 1980 MHz, 16 %, 33
2026/10/10 17:26:22.681, 5, 75479 MiB, 100 %, 257.60 W, 1980 MHz, 16 %, 38
2026/10/10 17:26:22.681, 6, 75479 MiB, 100 %, 247.07 W, 1980 MHz, 16 %, 35
2026/10/10 17:26:22.681, 7, 75479 MiB, 100 %, 281.58 W, 1980 MHz, 15 %, 70
2026/10/10 17:26:23.681, 0, 75479 MiB, 100 %, 257.52 W, 1980 MHz, 16 %, 34
2026/10/10 17:26:23.681, 1, 75479 MiB, 100 %, 270.77 W, 1980 MHz, 16 %, 59
2026/10/10 17:26:23.681, 2, 75479 MiB, 100 %, 257.18 W, 1980 MHz, 16 %, 39
2026/10/10 17:26:23.681, 3, 75479 MiB, 100 %, 257.50 W, 1980 MHz, 16 %, 33
2026/10/10 17:26:23.682, 4, 75479 MiB, 100 %, 249.96 W, 1980 MHz, 16 %, 33
2026/10/10 17:26:23.682, 5, 75479 MiB, 100 %, 255.58 W, 1980 MHz, 16 %, 38
2026/10/10 17:26:23.682, 6, 75479 MiB, 100 %, 246.96 W, 1980 MHz, 16 %, 35
2026/10/10 17:26:23.682, 7, 75479 MiB, 100 %, 281.67 W, 1980 MHz, 16 %, 70
2026/10/10 17:26:24.682, 0, 75479 MiB, 100 %, 255.21 W, 1980 MHz, 16 %, 34
2026/10/10 17:26:24.682, 1, 75479 MiB, 100 %, 271.19 W, 1980 MHz, 15 %, 59
2026/10/10 17:26:24.682, 2, 75479 MiB, 100 %, 258.98 W, 1980 MHz, 16 %, 39
2026/10/10 17:26:24.682, 3, 75479 MiB, 100 %, 258.14 W, 1980 MHz, 17 %, 33
2026/10/10 17:26:24.682, 4, 75479 MiB, 100 %, 249.51 W, 1980 MHz, 16 %, 33
2026/10/10 17:26:24.682, 5, 75479 MiB, 100 %, 256.89 W, 1980 MHz, 16 %, 37
2026/10/10 17:26:24.682, 6, 75479 MiB, 100 %, 246.51 W, 1980 MHz, 16 %, 35
2026/10/10 17:26:24.682, 7, 75479 MiB, 100 %, 281.08 W, 1980 MHz, 15 %, 70
2026/10/10 17:26:25.683, 0, 75479 MiB, 100 %, 257.26 W, 1980 MHz, 16 %, 34
2026/10/10 17:26:25.683, 1, 75479 MiB, 100 %, 272.24 W, 1980 MHz, 16 %, 59
2026/10/10 17:26:25.683, 2, 75479 MiB, 100 %, 259.20 W, 1980 MHz, 16 %, 39
2026/10/10 17:26:25.683, 3, 75479 MiB, 100 %, 256.19 W, 1980 MHz, 16 %, 33
2026/10/10 17:26:25.683, 4, 75479 MiB, 100 %, 247.90 W, 1980 MHz, 16 %, 33
2026/10/10 17:26:25.683, 5, 75479 MiB, 100 %, 257.11 W, 1980 MHz, 16 %, 37
2026/10/10 17:26:25.683, 6, 75479 MiB, 100 %, 246.99 W, 1980 MHz, 16 %, 35
2026/10/10 17:26:25.683, 7, 75479 MiB, 100 %, 283.39 W, 1980 MHz, 16 %, 70
2026/10/10 17:26:26.683, 0, 75479 MiB, 100 %, 254.48 W, 1980 MHz, 15 %, 34
2026/10/10 17:26:26.683, 1, 75479 MiB, 100 %, 271.98 W, 1980 MHz, 15 %, 59
2026/10/10 17:26:26.683, 2, 75479 MiB, 100 %, 257.08 W, 1980 MHz, 16 %, 39
2026/10/10 17:26:26.683, 3, 75479 MiB, 100 %, 256.40 W, 1980 MHz, 16 %, 33
2026/10/10 17:26:26.683, 4, 75479 MiB, 100 %, 249.43 W, 1980 MHz, 16 %, 33
2026/10/10 17:26:26.684, 5, 75479 MiB, 100 %, 257.92 W, 1980 MHz, 16 %, 38
2026/10/10 17:26:26.684, 6, 75479 MiB, 100 %, 247.53 W, 1980 MHz, 16 %, 35
2026/10/10 17:26:26.684, 7, 75479 MiB, 100 %, 282.50 W, 1980 MHz, 16 %, 70
2026/10/10 17:26:27.684, 0, 75479 MiB, 100 %, 254.35 W, 1980 MHz, 16 %, 34
2026/10/10 17:26:27.684, 1, 75479 MiB, 100 %, 270.44 W, 1980 MHz, 15 %, 59
2026/10/10 17:26:27.684, 2, 75479 MiB, 100 %, 259.28 W, 1980 MHz, 16 %, 39
2026/10/10 17:26:27.685, 3, 75479 MiB, 100 %, 254.24 W, 1980 MHz, 16 %, 33
2026/10/10 17:26:27.685, 4, 75479 MiB, 100 %, 250.17 W, 1980 MHz, 16 %, 33
2026/10/10 17:26:27.685, 5, 75479 MiB, 100 %, 259.81 W, 1980 MHz, 16 %, 37
2026/10/10 17:26:27.685, 6, 75479 MiB, 100 %, 247.82 W, 1980 MHz, 16 %, 35
2026/10/10 17:26:27.685, 7, 75479 MiB, 100 %, 281.28 W, 1980 MHz, 16 %, 70
2026/10/10 17:26:28.685, 0, 75479 MiB, 100 %, 252.98 W, 1980 MHz, 16 %, 34
2026/10/10 17:26:28.686, 1, 75479 MiB, 100 %, 269.86 W, 1980 MHz, 16 %, 59
2026/10/10 17:26:28.687, 2, 75479 MiB, 100 %, 260.41 W, 1980 MHz, 16 %, 39
2026/10/10 17:26:28.688, 3, 75479 MiB, 100 %, 253.36 W, 1980 MHz, 16 %, 33
2026/10/10 17:26:28.689, 4, 75479 MiB, 100 %, 250.07 W, 1980 MHz, 16 %, 33
2026/10/10 17:26:28.691, 5, 75479 MiB, 100 %, 258.17 W, 1980 MHz, 17 %, 38
2026/10/10 17:26:28.693, 6, 75479 MiB, 100 %, 247.50 W, 1980 MHz, 16 %, 35
2026/10/10 17:26:28.694, 7, 75479 MiB, 100 %, 282.42 W, 1980 MHz, 16 %, 70
2026/10/10 17:26:29.695, 0, 75479 MiB, 100 %, 253.48 W, 1980 MHz, 15 %, 34
2026/10/10 17:26:29.695, 1, 75479 MiB, 100 %, 270.87 W, 1980 MHz, 16 %, 59
2026/10/10 17:26:29.695, 2, 75479 MiB, 100 %, 260.13 W, 1980 MHz, 16 %, 39
2026/10/10 17:26:29.695, 3, 75479 MiB, 100 %, 253.57 W, 1980 MHz, 16 %, 33
2026/10/10 17:26:29.695, 4, 75479 MiB, 100 %, 250.36 W, 1980 MHz, 16 %, 33
2026/10/10 17:26:29.695, 5, 75479 MiB, 100 %, 261.18 W, 1980 MHz, 17 %, 38
2026/10/10 17:26:29.695, 6, 75479 MiB, 100 %, 247.52 W, 1980 MHz, 16 %, 35
2026/10/10 17:26:29.695, 7, 75479 MiB, 100 %, 280.91 W, 1980 MHz, 15 %, 70
2026/10/10 17:26:30.696, 0, 75479 MiB, 100 %, 251.24 W, 1980 MHz, 15 %, 34
2026/10/10 17:26:30.696, 1, 75479 MiB, 100 %, 270.63 W, 1980 MHz, 16 %, 59
2026/10/10 17:26:30.696, 2, 75479 MiB, 100 %, 260.11 W, 1980 MHz, 16 %, 39
2026/10/10 17:26:30.696, 3, 75479 MiB, 100 %, 253.92 W, 1980 MHz, 16 %, 33
2026/10/10 17:26:30.696, 4, 75479 MiB, 100 %, 249.34 W, 1980 MHz, 16 %, 33
2026/10/10 17:26:30.696, 5, 75479 MiB, 100 %, 261.36 W, 1980 MHz, 17 %, 38
2026/10/10 17:26:30.696, 6, 75479 MiB, 100 %, 246.95 W, 1980 MHz, 16 %, 35
2026/10/10 17:26:30.696, 7, 75479 MiB, 100 %, 281.83 W, 1980 MHz, 15 %, 70
2026/10/10 17:26:31.696, 0, 75479 MiB, 100 %, 258.47 W, 1980 MHz, 15 %, 34
2026/10/10 17:26:31.696, 1, 75479 MiB, 100 %, 279.12 W, 1980 MHz, 16 %, 59
2026/10/10 17:26:31.696, 2, 75479 MiB, 100 %, 259.80 W, 1980 MHz, 16 %, 39
2026/10/10 17:26:31.696, 3, 75479 MiB, 100 %, 255.45 W, 1980 MHz, 16 %, 33
2026/10/10 17:26:31.696, 4, 75479 MiB, 100 %, 248.32 W, 1980 MHz, 16 %, 33
2026/10/10 17:26:31.697, 5, 75479 MiB, 100 %, 262.20 W, 1980 MHz, 17 %, 38
2026/10/10 17:26:31.697, 6, 75479 MiB, 100 %, 247.01 W, 1980 MHz, 16 %, 35
2026/10/10 17:26:31.697, 7, 75479 MiB, 100 %, 281.74 W, 1980 MHz, 16 %, 70
2026/10/10 17:26:32.697, 0, 75479 MiB, 100 %, 282.70 W, 1980 MHz, 16 %, 34
2026/10/10 17:26:32.697, 1, 75479 MiB, 100 %, 303.14 W, 1980 MHz, 16 %, 59
2026/10/10 17:26:32.697, 2, 75479 MiB, 100 %, 288.27 W, 1980 MHz, 16 %, 39
2026/10/10 17:26:32.697, 3, 75479 MiB, 100 %, 283.61 W, 1980 MHz, 16 %, 33
2026/10/10 17:26:32.698, 4, 75479 MiB, 100 %, 286.45 W, 1980 MHz, 16 %, 34
2026/10/10 17:26:32.698, 5, 75479 MiB, 100 %, 284.91 W, 1980 MHz, 16 %, 38
2026/10/10 17:26:32.698, 6, 75479 MiB, 100 %, 278.91 W, 1980 MHz, 16 %, 35
2026/10/10 17:26:32.698, 7, 75479 MiB, 100 %, 320.17 W, 1980 MHz, 16 %, 70
2026/10/10 17:26:33.698, 0, 75479 MiB, 100 %, 253.66 W, 1980 MHz, 16 %, 34
2026/10/10 17:26:33.698, 1, 75479 MiB, 100 %, 274.12 W, 1980 MHz, 16 %, 59
2026/10/10 17:26:33.698, 2, 75479 MiB, 100 %, 256.01 W, 1980 MHz, 16 %, 39
2026/10/10 17:26:33.698, 3, 75479 MiB, 100 %, 248.04 W, 1980 MHz, 16 %, 33
2026/10/10 17:26:33.698, 4, 75479 MiB, 100 %, 252.59 W, 1980 MHz, 17 %, 34
2026/10/10 17:26:33.698, 5, 75479 MiB, 100 %, 253.22 W, 1980 MHz, 16 %, 37
2026/10/10 17:26:33.698, 6, 75479 MiB, 100 %, 247.45 W, 1980 MHz, 16 %, 35
2026/10/10 17:26:33.699, 7, 75479 MiB, 100 %, 287.05 W, 1980 MHz, 16 %, 70
2026/10/10 17:26:34.699, 0, 75479 MiB, 100 %, 253.29 W, 1980 MHz, 15 %, 34
2026/10/10 17:26:34.699, 1, 75479 MiB, 100 %, 276.22 W, 1980 MHz, 16 %, 59
2026/10/10 17:26:34.699, 2, 75479 MiB, 100 %, 256.68 W, 1980 MHz, 16 %, 39
2026/10/10 17:26:34.699, 3, 75479 MiB, 100 %, 252.38 W, 1980 MHz, 16 %, 33
2026/10/10 17:26:34.699, 4, 75479 MiB, 100 %, 253.36 W, 1980 MHz, 16 %, 34
2026/10/10 17:26:34.699, 5, 75479 MiB, 100 %, 252.91 W, 1980 MHz, 16 %, 37
2026/10/10 17:26:34.699, 6, 75479 MiB, 100 %, 248.07 W, 1980 MHz, 16 %, 35
2026/10/10 17:26:34.699, 7, 75479 MiB, 100 %, 285.14 W, 1980 MHz, 16 %, 70
2026/10/10 17:26:35.699, 0, 75479 MiB, 100 %, 251.32 W, 1980 MHz, 16 %, 34
2026/10/10 17:26:35.700, 1, 75479 MiB, 100 %, 273.74 W, 1980 MHz, 15 %, 59
2026/10/10 17:26:35.700, 2, 75479 MiB, 100 %, 256.95 W, 1980 MHz, 16 %, 39
2026/10/10 17:26:35.700, 3, 75479 MiB, 100 %, 249.77 W, 1980 MHz, 16 %, 33
2026/10/10 17:26:35.700, 4, 75479 MiB, 100 %, 253.05 W, 1980 MHz, 16 %, 34
2026/10/10 17:26:35.700, 5, 75479 MiB, 100 %, 256.54 W, 1980 MHz, 16 %, 37
2026/10/10 17:26:35.700, 6, 75479 MiB, 100 %, 245.36 W, 1980 MHz, 16 %, 35
2026/10/10 17:26:35.700, 7, 75479 MiB, 100 %, 286.24 W, 1980 MHz, 16 %, 70
2026/10/10 17:26:36.700, 0, 75479 MiB, 100 %, 255.86 W, 1980 MHz, 16 %, 34
2026/10/10 17:26:36.700, 1, 75479 MiB, 100 %, 273.57 W, 1980 MHz, 16 %, 59
2026/10/10 17:26:36.700, 2, 75479 MiB, 100 %, 258.75 W, 1980 MHz, 16 %, 39
2026/10/10 17:26:36.700, 3, 75479 MiB, 100 %, 253.62 W, 1980 MHz, 16 %, 33
2026/10/10 17:26:36.700, 4, 75479 MiB, 100 %, 252.84 W, 1980 MHz, 16 %, 34
2026/10/10 17:26:36.700, 5, 75479 MiB, 100 %, 254.57 W, 1980 MHz, 16 %, 37
2026/10/10 17:26:36.700, 6, 75479 MiB, 100 %, 244.22 W, 1980 MHz, 16 %, 35
2026/10/10 17:26:36.701, 7, 75479 MiB, 100 %, 283.81 W, 1980 MHz, 16 %, 70
2026/10/10 17:26:37.701, 0, 75479 MiB, 100 %, 254.80 W, 1980 MHz, 16 %, 34
2026/10/10 17:26:37.701, 1, 75479 MiB, 100 %, 276.27 W, 1980 MHz, 16 %, 59
2026/10/10 17:26:37.701, 2, 75479 MiB, 100 %, 258.63 W, 1980 MHz, 16 %, 39
2026/10/10 17:26:37.701, 3, 75479 MiB, 100 %, 251.23 W, 1980 MHz, 16 %, 33
2026/10/10 17:26:37.701, 4, 75479 MiB, 100 %, 252.57 W, 1980 MHz, 16 %, 33
2026/10/10 17:26:37.701, 5, 75479 MiB, 100 %, 252.10 W, 1980 MHz, 16 %, 37
2026/10/10 17:26:37.701, 6, 75479 MiB, 100 %, 245.89 W, 1980 MHz, 16 %, 35
2026/10/10 17:26:37.701, 7, 75479 MiB, 100 %, 284.29 W, 1980 MHz, 16 %, 70
2026/10/10 17:26:38.701, 0, 75479 MiB, 100 %, 253.11 W, 1980 MHz, 16 %, 34
2026/10/10 17:26:38.701, 1, 75479 MiB, 100 %, 275.35 W, 1980 MHz, 16 %, 59
2026/10/10 17:26:38.702, 2, 75479 MiB, 100 %, 257.17 W, 1980 MHz, 16 %, 39
2026/10/10 17:26:38.702, 3, 75479 MiB, 100 %, 250.11 W, 1980 MHz, 15 %, 33
2026/10/10 17:26:38.702, 4, 75479 MiB, 100 %, 253.72 W, 1980 MHz, 17 %, 34
2026/10/10 17:26:38.702, 5, 75479 MiB, 100 %, 253.51 W, 1980 MHz, 16 %, 37
2026/10/10 17:26:38.702, 6, 75479 MiB, 100 %, 247.28 W, 1980 MHz, 16 %, 35
2026/10/10 17:26:38.702, 7, 75479 MiB, 100 %, 285.79 W, 1980 MHz, 16 %, 70
2026/10/10 17:26:39.702, 0, 75479 MiB, 100 %, 254.21 W, 1980 MHz, 16 %, 34
2026/10/10 17:26:39.703, 1, 75479 MiB, 100 %, 275.03 W, 1980 MHz, 16 %, 59
2026/10/10 17:26:39.704, 2, 75479 MiB, 100 %, 256.03 W, 1980 MHz, 16 %, 38
2026/10/10 17:26:39.705, 3, 75479 MiB, 100 %, 251.49 W, 1980 MHz, 15 %, 33
2026/10/10 17:26:39.706, 4, 75479 MiB, 100 %, 255.36 W, 1980 MHz, 17 %, 34
2026/10/10 17:26:39.707, 5, 75479 MiB, 100 %, 256.48 W, 1980 MHz, 16 %, 37
2026/10/10 17:26:39.709, 6, 75479 MiB, 100 %, 246.82 W, 1980 MHz, 16 %, 35
2026/10/10 17:26:39.710, 7, 75479 MiB, 100 %, 286.83 W, 1980 MHz, 16 %, 70
2026/10/10 17:26:40.711, 0, 75479 MiB, 100 %, 253.68 W, 1980 MHz, 16 %, 34
2026/10/10 17:26:40.711, 1, 75479 MiB, 100 %, 274.38 W, 1980 MHz, 15 %, 59
2026/10/10 17:26:40.711, 2, 75479 MiB, 100 %, 256.58 W, 1980 MHz, 16 %, 39
2026/10/10 17:26:40.711, 3, 75479 MiB, 100 %, 251.23 W, 1980 MHz, 16 %, 33
2026/10/10 17:26:40.711, 4, 75479 MiB, 100 %, 255.39 W, 1980 MHz, 16 %, 34
2026/10/10 17:26:40.711, 5, 75479 MiB, 100 %, 250.91 W, 1980 MHz, 16 %, 37
2026/10/10 17:26:40.711, 6, 75479 MiB, 100 %, 247.08 W, 1980 MHz, 16 %, 35
2026/10/10 17:26:40.711, 7, 75479 MiB, 100 %, 287.47 W, 1980 MHz, 16 %, 70
2026/10/10 17:26:41.711, 0, 75479 MiB, 100 %, 253.55 W, 1980 MHz, 16 %, 34
2026/10/10 17:26:41.712, 1, 75479 MiB, 100 %, 273.43 W, 1980 MHz, 16 %, 59
2026/10/10 17:26:41.712, 2, 75479 MiB, 100 %, 257.18 W, 1980 MHz, 16 %, 38
2026/10/10 17:26:41.712, 3, 75479 MiB, 100 %, 253.69 W, 1980 MHz, 16 %, 33
2026/10/10 17:26:41.712, 4, 75479 MiB, 100 %, 253.66 W, 1980 MHz, 16 %, 34
2026/10/10 17:26:41.712, 5, 75479 MiB, 100 %, 252.00 W, 1980 MHz, 16 %, 37
2026/10/10 17:26:41.712, 6, 75479 MiB, 100 %, 246.99 W, 1980 MHz, 16 %, 35
2026/10/10 17:26:41.712, 7, 75479 MiB, 100 %, 287.57 W, 1980 MHz, 16 %, 70
2026/10/10 17:26:42.712, 0, 75479 MiB, 100 %, 253.63 W, 1980 MHz, 16 %, 34
2026/10/10 17:26:42.712, 1, 75479 MiB, 100 %, 275.68 W, 1980 MHz, 16 %, 59
2026/10/10 17:26:42.712, 2, 75479 MiB, 100 %, 254.63 W, 1980 MHz, 16 %, 38
2026/10/10 17:26:42.712, 3, 75479 MiB, 100 %, 250.06 W, 1980 MHz, 16 %, 33
2026/10/10 17:26:42.712, 4, 75479 MiB, 100 %, 255.92 W, 1980 MHz, 16 %, 34
2026/10/10 17:26:42.713, 5, 75479 MiB, 100 %, 254.64 W, 1980 MHz, 16 %, 37
2026/10/10 17:26:42.713, 6, 75479 MiB, 100 %, 246.58 W, 1980 MHz, 16 %, 35
2026/10/10 17:26:42.713, 7, 75479 MiB, 100 %, 286.75 W, 1980 MHz, 16 %, 70
2026/10/10 17:26:43.713, 0, 75479 MiB, 81 %, 285.82 W, 1965 MHz, 13 %, 41
2026/10/10 17:26:43.713, 1, 75479 MiB, 81 %, 309.64 W, 1965 MHz, 13 %, 66
2026/10/10 17:26:43.713, 2, 75479 MiB, 76 %, 287.10 W, 1980 MHz, 14 %, 45
2026/10/10 17:26:43.713, 3, 75479 MiB, 80 %, 268.42 W, 1980 MHz, 14 %, 32
2026/10/10 17:26:43.713, 4, 75479 MiB, 100 %, 272.42 W, 1980 MHz, 16 %, 36
2026/10/10 17:26:43.713, 5, 75479 MiB, 80 %, 275.90 W, 1980 MHz, 13 %, 43
2026/10/10 17:26:43.713, 6, 75479 MiB, 94 %, 275.58 W, 1980 MHz, 15 %, 38
2026/10/10 17:26:43.713, 7, 75479 MiB, 80 %, 315.02 W, 1920 MHz, 13 %, 78
2026/10/10 17:26:44.713, 0, 75479 MiB, 100 %, 254.68 W, 1980 MHz, 16 %, 34
2026/10/10 17:26:44.714, 1, 75479 MiB, 100 %, 273.65 W, 1980 MHz, 16 %, 59
2026/10/10 17:26:44.714, 2, 75479 MiB, 100 %, 258.78 W, 1980 MHz, 15 %, 39
2026/10/10 17:26:44.714, 3, 75479 MiB, 100 %, 264.52 W, 1980 MHz, 16 %, 33
2026/10/10 17:26:44.714, 4, 75479 MiB, 100 %, 264.21 W, 1980 MHz, 16 %, 34
2026/10/10 17:26:44.714, 5, 75479 MiB, 100 %, 264.43 W, 1980 MHz, 16 %, 37
2026/10/10 17:26:44.714, 6, 75479 MiB, 100 %, 262.17 W, 1980 MHz, 16 %, 35
2026/10/10 17:26:44.714, 7, 75479 MiB, 100 %, 287.28 W, 1980 MHz, 16 %, 70
2026/10/10 17:26:45.714, 0, 75479 MiB, 100 %, 256.27 W, 1980 MHz, 16 %, 34
2026/10/10 17:26:45.714, 1, 75479 MiB, 100 %, 271.72 W, 1980 MHz, 16 %, 59
2026/10/10 17:26:45.714, 2, 75479 MiB, 100 %, 259.62 W, 1980 MHz, 16 %, 39
2026/10/10 17:26:45.714, 3, 75479 MiB, 100 %, 259.51 W, 1980 MHz, 17 %, 33
2026/10/10 17:26:45.714, 4, 75479 MiB, 100 %, 250.41 W, 1980 MHz, 16 %, 34
2026/10/10 17:26:45.714, 5, 75479 MiB, 100 %, 253.66 W, 1980 MHz, 16 %, 37
2026/10/10 17:26:45.715, 6, 75479 MiB, 100 %, 247.30 W, 1980 MHz, 16 %, 35
2026/10/10 17:26:45.715, 7, 75479 MiB, 100 %, 283.33 W, 1980 MHz, 16 %, 70
2026/10/10 17:26:46.715, 0, 75479 MiB, 100 %, 257.83 W, 1980 MHz, 16 %, 34
2026/10/10 17:26:46.715, 1, 75479 MiB, 100 %, 274.19 W, 1980 MHz, 16 %, 59
2026/10/10 17:26:46.715, 2, 75479 MiB, 100 %, 259.60 W, 1980 MHz, 16 %, 39
2026/10/10 17:26:46.715, 3, 75479 MiB, 100 %, 258.51 W, 1980 MHz, 16 %, 33
2026/10/10 17:26:46.715, 4, 75479 MiB, 100 %, 247.69 W, 1980 MHz, 15 %, 33
2026/10/10 17:26:46.715, 5, 75479 MiB, 100 %, 253.71 W, 1980 MHz, 16 %, 37
2026/10/10 17:26:46.715, 6, 75479 MiB, 100 %, 246.90 W, 1980 MHz, 16 %, 35
2026/10/10 17:26:46.715, 7, 75479 MiB, 100 %, 284.29 W, 1980 MHz, 16 %, 70
2026/10/10 17:26:47.715, 0, 75479 MiB, 100 %, 256.05 W, 1980 MHz, 16 %, 34
2026/10/10 17:26:47.715, 1, 75479 MiB, 100 %, 273.34 W, 1980 MHz, 16 %, 59
2026/10/10 17:26:47.716, 2, 75479 MiB, 100 %, 258.98 W, 1980 MHz, 16 %, 39
2026/10/10 17:26:47.716, 3, 75479 MiB, 100 %, 257.62 W, 1980 MHz, 16 %, 33
2026/10/10 17:26:47.716, 4, 75479 MiB, 100 %, 249.51 W, 1980 MHz, 16 %, 33
2026/10/10 17:26:47.716, 5, 75479 MiB, 100 %, 255.97 W, 1980 MHz, 16 %, 37
2026/10/10 17:26:47.716, 6, 75479 MiB, 100 %, 247.45 W, 1980 MHz, 16 %, 35
2026/10/10 17:26:47.716, 7, 75479 MiB, 100 %, 285.32 W, 1980 MHz, 16 %, 70
2026/10/10 17:26:48.716, 0, 75479 MiB, 100 %, 255.54 W, 1980 MHz, 16 %, 34
2026/10/10 17:26:48.716, 1, 75479 MiB, 100 %, 272.85 W, 1980 MHz, 16 %, 59
2026/10/10 17:26:48.716, 2, 75479 MiB, 100 %, 259.12 W, 1980 MHz, 16 %, 39
2026/10/10 17:26:48.716, 3, 75479 MiB, 100 %, 257.31 W, 1980 MHz, 16 %, 33
2026/10/10 17:26:48.716, 4, 75479 MiB, 100 %, 248.59 W, 1980 MHz, 16 %, 33
2026/10/10 17:26:48.716, 5, 75479 MiB, 100 %, 252.54 W, 1980 MHz, 16 %, 37
2026/10/10 17:26:48.717, 6, 75479 MiB, 100 %, 247.37 W, 1980 MHz, 16 %, 35
2026/10/10 17:26:48.717, 7, 75479 MiB, 100 %, 284.58 W, 1980 MHz, 16 %, 70
2026/10/10 17:26:49.717, 0, 75479 MiB, 100 %, 255.45 W, 1980 MHz, 16 %, 34
2026/10/10 17:26:49.717, 1, 75479 MiB, 100 %, 272.73 W, 1980 MHz, 16 %, 59
2026/10/10 17:26:49.717, 2, 75479 MiB, 100 %, 257.87 W, 1980 MHz, 16 %, 39
2026/10/10 17:26:49.717, 3, 75479 MiB, 100 %, 258.97 W, 1980 MHz, 16 %, 33
2026/10/10 17:26:49.717, 4, 75479 MiB, 100 %, 250.60 W, 1980 MHz, 16 %, 33
2026/10/10 17:26:49.717, 5, 75479 MiB, 100 %, 252.19 W, 1980 MHz, 16 %, 37
2026/10/10 17:26:49.717, 6, 75479 MiB, 100 %, 245.35 W, 1980 MHz, 16 %, 35
2026/10/10 17:26:49.717, 7, 75479 MiB, 100 %, 286.26 W, 1980 MHz, 16 %, 70
2026/10/10 17:26:50.717, 0, 75479 MiB, 100 %, 256.89 W, 1980 MHz, 16 %, 34
2026/10/10 17:26:50.718, 1, 75479 MiB, 100 %, 273.84 W, 1980 MHz, 16 %, 59
2026/10/10 17:26:50.718, 2, 75479 MiB, 100 %, 259.02 W, 1980 MHz, 16 %, 39
2026/10/10 17:26:50.718, 3, 75479 MiB, 100 %, 254.48 W, 1980 MHz, 16 %, 33
2026/10/10 17:26:50.718, 4, 75479 MiB, 100 %, 248.98 W, 1980 MHz, 16 %, 33
2026/10/10 17:26:50.718, 5, 75479 MiB, 100 %, 253.71 W, 1980 MHz, 16 %, 37
2026/10/10 17:26:50.718, 6, 75479 MiB, 100 %, 246.60 W, 1980 MHz, 16 %, 35
2026/10/10 17:26:50.718, 7, 75479 MiB, 100 %, 284.77 W, 1980 MHz, 15 %, 70
2026/10/10 17:26:51.718, 0, 75479 MiB, 100 %, 256.33 W, 1980 MHz, 16 %, 34
2026/10/10 17:26:51.718, 1, 75479 MiB, 100 %, 273.92 W, 1980 MHz, 16 %, 59
2026/10/10 17:26:51.718, 2, 75479 MiB, 100 %, 260.91 W, 1980 MHz, 16 %, 39
2026/10/10 17:26:51.718, 3, 75479 MiB, 100 %, 251.73 W, 1980 MHz, 16 %, 33
2026/10/10 17:26:51.718, 4, 75479 MiB, 100 %, 249.57 W, 1980 MHz, 16 %, 33
2026/10/10 17:26:51.719, 5, 75479 MiB, 100 %, 255.97 W, 1980 MHz, 16 %, 37
2026/10/10 17:26:51.719, 6, 75479 MiB, 100 %, 246.95 W, 1980 MHz, 16 %, 35
2026/10/10 17:26:51.719, 7, 75479 MiB, 100 %, 284.53 W, 1980 MHz, 16 %, 70
2026/10/10 17:26:52.719, 0, 75479 MiB, 100 %, 256.89 W, 1980 MHz, 16 %, 34
2026/10/10 17:26:52.719, 1, 75479 MiB, 100 %, 273.05 W, 1980 MHz, 16 %, 59
2026/10/10 17:26:52.719, 2, 75479 MiB, 100 %, 261.52 W, 1980 MHz, 16 %, 39
2026/10/10 17:26:52.719, 3, 75479 MiB, 100 %, 250.36 W, 1980 MHz, 15 %, 33
2026/10/10 17:26:52.719, 4, 75479 MiB, 100 %, 251.04 W, 1980 MHz, 16 %, 33
2026/10/10 17:26:52.719, 5, 75479 MiB, 100 %, 253.73 W, 1980 MHz, 16 %, 37
2026/10/10 17:26:52.719, 6, 75479 MiB, 100 %, 245.17 W, 1980 MHz, 16 %, 35
2026/10/10 17:26:52.719, 7, 75479 MiB, 100 %, 282.34 W, 1980 MHz, 16 %, 70
2026/10/10 17:26:53.719, 0, 75479 MiB, 100 %, 258.76 W, 1980 MHz, 16 %, 34
2026/10/10 17:26:53.720, 1, 75479 MiB, 100 %, 273.87 W, 1980 MHz, 16 %, 59
2026/10/10 17:26:53.720, 2, 75479 MiB, 100 %, 259.57 W, 1980 MHz, 16 %, 39
2026/10/10 17:26:53.720, 3, 75479 MiB, 100 %, 250.83 W, 1980 MHz, 16 %, 33
2026/10/10 17:26:53.720, 4, 75479 MiB, 100 %, 251.93 W, 1980 MHz, 17 %, 33
2026/10/10 17:26:53.720, 5, 75479 MiB, 100 %, 257.96 W, 1980 MHz, 16 %, 37
2026/10/10 17:26:53.720, 6, 75479 MiB, 100 %, 244.68 W, 1980 MHz, 16 %, 35
2026/10/10 17:26:53.720, 7, 75479 MiB, 100 %, 282.04 W, 1980 MHz, 15 %, 70
2026/10/10 17:26:54.720, 0, 75479 MiB, 100 %, 256.85 W, 1980 MHz, 16 %, 34
2026/10/10 17:26:54.720, 1, 75479 MiB, 100 %, 275.17 W, 1980 MHz, 16 %, 59
2026/10/10 17:26:54.720, 2, 75479 MiB, 100 %, 262.27 W, 1980 MHz, 16 %, 39
2026/10/10 17:26:54.720, 3, 75479 MiB, 100 %, 253.83 W, 1980 MHz, 16 %, 33
2026/10/10 17:26:54.720, 4, 75479 MiB, 100 %, 251.26 W, 1980 MHz, 16 %, 33
2026/10/10 17:26:54.721, 5, 75479 MiB, 100 %, 253.70 W, 1980 MHz, 16 %, 37
2026/10/10 17:26:54.721, 6, 75479 MiB, 100 %, 246.55 W, 1980 MHz, 16 %, 35
2026/10/10 17:26:54.721, 7, 75479 MiB, 100 %, 281.74 W, 1980 MHz, 16 %, 70
2026/10/10 17:26:55.721, 0, 75479 MiB, 100 %, 289.90 W, 1980 MHz, 18 %, 37
2026/10/10 17:26:55.721, 1, 75479 MiB, 100 %, 310.64 W, 1965 MHz, 17 %, 61
2026/10/10 17:26:55.721, 2, 75479 MiB, 100 %, 298.27 W, 1980 MHz, 17 %, 40
2026/10/10 17:26:55.721, 3, 75479 MiB, 100 %, 286.41 W, 1980 MHz, 17 %, 34
2026/10/10 17:26:55.721, 4, 75479 MiB, 83 %, 286.33 W, 1980 MHz, 14 %, 35
2026/10/10 17:26:55.721, 5, 75479 MiB, 100 %, 292.93 W, 1980 MHz, 17 %, 39
2026/10/10 17:26:55.721, 6, 75479 MiB, 85 %, 281.64 W, 1980 MHz, 15 %, 38
2026/10/10 17:26:55.721, 7, 75479 MiB, 100 %, 318.10 W, 1965 MHz, 17 %, 72
2026/10/10 17:26:56.722, 0, 75479 MiB, 100 %, 250.59 W, 1980 MHz, 15 %, 34
2026/10/10 17:26:56.723, 1, 75479 MiB, 100 %, 274.27 W, 1980 MHz, 15 %, 59
2026/10/10 17:26:56.723, 2, 75479 MiB, 100 %, 261.40 W, 1980 MHz, 16 %, 39
2026/10/10 17:26:56.723, 3, 75479 MiB, 100 %, 252.69 W, 1980 MHz, 16 %, 33
2026/10/10 17:26:56.723, 4, 75479 MiB, 100 %, 250.45 W, 1980 MHz, 16 %, 34
2026/10/10 17:26:56.723, 5, 75479 MiB, 100 %, 253.75 W, 1980 MHz, 16 %, 37
2026/10/10 17:26:56.723, 6, 75479 MiB, 100 %, 249.78 W, 1980 MHz, 16 %, 35
2026/10/10 17:26:56.723, 7, 75479 MiB, 100 %, 283.26 W, 1980 MHz, 16 %, 70
2026/10/10 17:26:57.723, 0, 75479 MiB, 100 %, 249.65 W, 1980 MHz, 15 %, 34
2026/10/10 17:26:57.723, 1, 75479 MiB, 100 %, 275.00 W, 1980 MHz, 16 %, 59
2026/10/10 17:26:57.724, 2, 75479 MiB, 100 %, 258.68 W, 1980 MHz, 16 %, 39
2026/10/10 17:26:57.724, 3, 75479 MiB, 100 %, 255.55 W, 1980 MHz, 16 %, 33
2026/10/10 17:26:57.724, 4, 75479 MiB, 100 %, 251.34 W, 1980 MHz, 16 %, 33
2026/10/10 17:26:57.724, 5, 75479 MiB, 100 %, 258.13 W, 1980 MHz, 16 %, 37
2026/10/10 17:26:57.724, 6, 75479 MiB, 100 %, 249.62 W, 1980 MHz, 16 %, 35
2026/10/10 17:26:57.724, 7, 75479 MiB, 100 %, 283.49 W, 1980 MHz, 16 %, 70
2026/10/10 17:26:58.724, 0, 75479 MiB, 100 %, 252.44 W, 1980 MHz, 16 %, 34
2026/10/10 17:26:58.724, 1, 75479 MiB, 100 %, 274.59 W, 1980 MHz, 16 %, 59
2026/10/10 17:26:58.724, 2, 75479 MiB, 100 %, 258.29 W, 1980 MHz, 16 %, 39
2026/10/10 17:26:58.724, 3, 75479 MiB, 100 %, 254.78 W, 1980 MHz, 16 %, 33
2026/10/10 17:26:58.724, 4, 75479 MiB, 100 %, 250.41 W, 1980 MHz, 15 %, 33
2026/10/10 17:26:58.724, 5, 75479 MiB, 100 %, 255.74 W, 1980 MHz, 16 %, 37
2026/10/10 17:26:58.724, 6, 75479 MiB, 100 %, 250.26 W, 1980 MHz, 16 %, 35
2026/10/10 17:26:58.724, 7, 75479 MiB, 100 %, 282.50 W, 1980 MHz, 15 %, 70
2026/10/10 17:26:59.725, 0, 75479 MiB, 100 %, 254.93 W, 1980 MHz, 16 %, 34
2026/10/10 17:26:59.725, 1, 75479 MiB, 100 %, 272.78 W, 1980 MHz, 15 %, 59
2026/10/10 17:26:59.725, 2, 75479 MiB, 100 %, 259.56 W, 1980 MHz, 16 %, 39
2026/10/10 17:26:59.725, 3, 75479 MiB, 100 %, 254.81 W, 1980 MHz, 16 %, 33
2026/10/10 17:26:59.725, 4, 75479 MiB, 100 %, 251.08 W, 1980 MHz, 16 %, 33
2026/10/10 17:26:59.725, 5, 75479 MiB, 100 %, 256.31 W, 1980 MHz, 16 %, 37
2026/10/10 17:26:59.725, 6, 75479 MiB, 100 %, 248.77 W, 1980 MHz, 17 %, 35
2026/10/10 17:26:59.725, 7, 75479 MiB, 100 %, 283.24 W, 1980 MHz, 16 %, 70
2026/10/10 17:27:00.725, 0, 75479 MiB, 100 %, 253.07 W, 1980 MHz, 16 %, 34
2026/10/10 17:27:00.725, 1, 75479 MiB, 100 %, 273.73 W, 1980 MHz, 16 %, 59
2026/10/10 17:27:00.726, 2, 75479 MiB, 100 %, 259.66 W, 1980 MHz, 16 %, 39
2026/10/10 17:27:00.726, 3, 75479 MiB, 100 %, 256.36 W, 1980 MHz, 16 %, 33
2026/10/10 17:27:00.726, 4, 75479 MiB, 100 %, 249.01 W, 1980 MHz, 16 %, 33
2026/10/10 17:27:00.726, 5, 75479 MiB, 100 %, 255.60 W, 1980 MHz, 16 %, 37
2026/10/10 17:27:00.726, 6, 75479 MiB, 100 %, 248.62 W, 1980 MHz, 16 %, 35
2026/10/10 17:27:00.726, 7, 75479 MiB, 100 %, 282.94 W, 1980 MHz, 15 %, 70
2026/10/10 17:27:01.726, 0, 75479 MiB, 100 %, 252.42 W, 1980 MHz, 16 %, 34
2026/10/10 17:27:01.726, 1, 75479 MiB, 100 %, 274.18 W, 1980 MHz, 16 %, 59
2026/10/10 17:27:01.726, 2, 75479 MiB, 100 %, 260.93 W, 1980 MHz, 16 %, 39
2026/10/10 17:27:01.726, 3, 75479 MiB, 100 %, 255.39 W, 1980 MHz, 17 %, 33
2026/10/10 17:27:01.726, 4, 75479 MiB, 100 %, 249.91 W, 1980 MHz, 16 %, 33
2026/10/10 17:27:01.726, 5, 75479 MiB, 100 %, 254.72 W, 1980 MHz, 16 %, 37
2026/10/10 17:27:01.727, 6, 75479 MiB, 100 %, 246.80 W, 1980 MHz, 16 %, 35
2026/10/10 17:27:01.727, 7, 75479 MiB, 100 %, 281.53 W, 1980 MHz, 16 %, 70
2026/10/10 17:27:02.727, 0, 75479 MiB, 100 %, 254.49 W, 1980 MHz, 16 %, 34
2026/10/10 17:27:02.727, 1, 75479 MiB, 100 %, 274.74 W, 1980 MHz, 15 %, 59
2026/10/10 17:27:02.727, 2, 75479 MiB, 100 %, 260.82 W, 1980 MHz, 16 %, 39
2026/10/10 17:27:02.727, 3, 75479 MiB, 100 %, 256.14 W, 1980 MHz, 16 %, 33
2026/10/10 17:27:02.727, 4, 75479 MiB, 100 %, 250.79 W, 1980 MHz, 16 %, 33
2026/10/10 17:27:02.727, 5, 75479 MiB, 100 %, 256.75 W, 1980 MHz, 16 %, 37
2026/10/10 17:27:02.727, 6, 75479 MiB, 100 %, 247.79 W, 1980 MHz, 16 %, 35
2026/10/10 17:27:02.727, 7, 75479 MiB, 100 %, 282.53 W, 1980 MHz, 15 %, 70
2026/10/10 17:27:03.727, 0, 75479 MiB, 100 %, 253.90 W, 1980 MHz, 16 %, 34
2026/10/10 17:27:03.728, 1, 75479 MiB, 100 %, 274.27 W, 1980 MHz, 16 %, 59
2026/10/10 17:27:03.728, 2, 75479 MiB, 100 %, 261.12 W, 1980 MHz, 16 %, 39
2026/10/10 17:27:03.728, 3, 75479 MiB, 100 %, 256.41 W, 1980 MHz, 16 %, 33
2026/10/10 17:27:03.728, 4, 75479 MiB, 100 %, 250.41 W, 1980 MHz, 16 %, 33
2026/10/10 17:27:03.728, 5, 75479 MiB, 100 %, 258.26 W, 1980 MHz, 16 %, 37
2026/10/10 17:27:03.728, 6, 75479 MiB, 100 %, 246.64 W, 1980 MHz, 16 %, 35
2026/10/10 17:27:03.728, 7, 75479 MiB, 100 %, 280.05 W, 1980 MHz, 15 %, 70
2026/10/10 17:27:04.728, 0, 75479 MiB, 100 %, 251.47 W, 1980 MHz, 16 %, 34
2026/10/10 17:27:04.728, 1, 75479 MiB, 100 %, 273.41 W, 1980 MHz, 16 %, 59
2026/10/10 17:27:04.728, 2, 75479 MiB, 100 %, 258.80 W, 1980 MHz, 16 %, 38
2026/10/10 17:27:04.728, 3, 75479 MiB, 100 %, 251.73 W, 1980 MHz, 16 %, 33
2026/10/10 17:27:04.728, 4, 75479 MiB, 100 %, 251.17 W, 1980 MHz, 16 %, 33
2026/10/10 17:27:04.728, 5, 75479 MiB, 100 %, 256.88 W, 1980 MHz, 17 %, 37
2026/10/10 17:27:04.728, 6, 75479 MiB, 100 %, 249.23 W, 1980 MHz, 16 %, 35
2026/10/10 17:27:04.729, 7, 75479 MiB, 100 %, 285.43 W, 1980 MHz, 16 %, 70
2026/10/10 17:27:05.729, 0, 75479 MiB, 100 %, 251.57 W, 1980 MHz, 16 %, 34
2026/10/10 17:27:05.729, 1, 75479 MiB, 100 %, 273.54 W, 1980 MHz, 16 %, 59
2026/10/10 17:27:05.729, 2, 75479 MiB, 100 %, 261.19 W, 1980 MHz, 17 %, 39
2026/10/10 17:27:05.729, 3, 75479 MiB, 100 %, 254.29 W, 1980 MHz, 16 %, 33
2026/10/10 17:27:05.729, 4, 75479 MiB, 100 %, 250.31 W, 1980 MHz, 16 %, 33
2026/10/10 17:27:05.729, 5, 75479 MiB, 100 %, 256.32 W, 1980 MHz, 16 %, 37
2026/10/10 17:27:05.729, 6, 75479 MiB, 100 %, 248.47 W, 1980 MHz, 16 %, 35
2026/10/10 17:27:05.729, 7, 75479 MiB, 100 %, 283.98 W, 1980 MHz, 15 %, 70
2026/10/10 17:27:06.729, 0, 75479 MiB, 100 %, 252.49 W, 1980 MHz, 16 %, 34
2026/10/10 17:27:06.730, 1, 75479 MiB, 100 %, 271.73 W, 1980 MHz, 16 %, 59
2026/10/10 17:27:06.730, 2, 75479 MiB, 100 %, 262.18 W, 1980 MHz, 17 %, 39
2026/10/10 17:27:06.730, 3, 75479 MiB, 100 %, 253.08 W, 1980 MHz, 16 %, 33
2026/10/10 17:27:06.730, 4, 75479 MiB, 100 %, 249.29 W, 1980 MHz, 16 %, 33
2026/10/10 17:27:06.730, 5, 75479 MiB, 100 %, 256.24 W, 1980 MHz, 16 %, 37
2026/10/10 17:27:06.730, 6, 75479 MiB, 100 %, 246.49 W, 1980 MHz, 16 %, 35
2026/10/10 17:27:06.730, 7, 75479 MiB, 100 %, 281.77 W, 1980 MHz, 16 %, 70
2026/10/10 17:27:07.730, 0, 75479 MiB, 100 %, 283.76 W, 1980 MHz, 16 %, 36
2026/10/10 17:27:07.730, 1, 75479 MiB, 100 %, 308.14 W, 1980 MHz, 16 %, 60
2026/10/10 17:27:07.730, 2, 75479 MiB, 100 %, 296.72 W, 1980 MHz, 16 %, 39
2026/10/10 17:27:07.730, 3, 75479 MiB, 100 %, 288.27 W, 1980 MHz, 16 %, 34
2026/10/10 17:27:07.730, 4, 75479 MiB, 100 %, 282.77 W, 1980 MHz, 17 %, 34
2026/10/10 17:27:07.730, 5, 75479 MiB, 100 %, 286.45 W, 1980 MHz, 16 %, 38
2026/10/10 17:27:07.730, 6, 75479 MiB, 100 %, 281.27 W, 1980 MHz, 16 %, 36
2026/10/10 17:27:07.731, 7, 75479 MiB, 100 %, 317.26 W, 1965 MHz, 16 %, 71
2026/10/10 17:27:08.731, 0, 75479 MiB, 100 %, 255.01 W, 1980 MHz, 16 %, 34
2026/10/10 17:27:08.731, 1, 75479 MiB, 100 %, 273.40 W, 1980 MHz, 16 %, 59
2026/10/10 17:27:08.731, 2, 75479 MiB, 100 %, 257.23 W, 1980 MHz, 16 %, 39
2026/10/10 17:27:08.731, 3, 75479 MiB, 100 %, 254.69 W, 1980 MHz, 16 %, 33
2026/10/10 17:27:08.731, 4, 75479 MiB, 100 %, 252.41 W, 1980 MHz, 16 %, 34
2026/10/10 17:27:08.731, 5, 75479 MiB, 100 %, 255.83 W, 1980 MHz, 16 %, 37
2026/10/10 17:27:08.731, 6, 75479 MiB, 100 %, 244.86 W, 1980 MHz, 16 %, 35
2026/10/10 17:27:08.731, 7, 75479 MiB, 100 %, 281.42 W, 1980 MHz, 16 %, 70
2026/10/10 17:27:09.731, 0, 75479 MiB, 100 %, 254.99 W, 1980 MHz, 16 %, 34
2026/10/10 17:27:09.732, 1, 75479 MiB, 100 %, 272.86 W, 1980 MHz, 16 %, 59
2026/10/10 17:27:09.732, 2, 75479 MiB, 100 %, 254.56 W, 1980 MHz, 16 %, 38
2026/10/10 17:27:09.732, 3, 75479 MiB, 100 %, 254.09 W, 1980 MHz, 16 %, 33
2026/10/10 17:27:09.732, 4, 75479 MiB, 100 %, 252.93 W, 1980 MHz, 16 %, 34
2026/10/10 17:27:09.732, 5, 75479 MiB, 100 %, 256.14 W, 1980 MHz, 16 %, 37
2026/10/10 17:27:09.732, 6, 75479 MiB, 100 %, 245.97 W, 1980 MHz, 16 %, 35
2026/10/10 17:27:09.732, 7, 75479 MiB, 100 %, 284.03 W, 1980 MHz, 16 %, 70
2026/10/10 17:27:10.732, 0, 75479 MiB, 100 %, 254.43 W, 1980 MHz, 16 %, 34
2026/10/10 17:27:10.732, 1, 75479 MiB, 100 %, 273.95 W, 1980 MHz, 16 %, 59
2026/10/10 17:27:10.732, 2, 75479 MiB, 100 %, 256.00 W, 1980 MHz, 16 %, 38
2026/10/10 17:27:10.732, 3, 75479 MiB, 100 %, 256.62 W, 1980 MHz, 16 %, 33
2026/10/10 17:27:10.732, 4, 75479 MiB, 100 %, 253.31 W, 1980 MHz, 16 %, 33
2026/10/10 17:27:10.732, 5, 75479 MiB, 100 %, 255.19 W, 1980 MHz, 16 %, 37
2026/10/10 17:27:10.732, 6, 75479 MiB, 100 %, 245.68 W, 1980 MHz, 16 %, 35
2026/10/10 17:27:10.733, 7, 75479 MiB, 100 %, 283.22 W, 1980 MHz, 16 %, 70
2026/10/10 17:27:11.733, 0, 75479 MiB, 100 %, 253.90 W, 1980 MHz, 16 %, 34
2026/10/10 17:27:11.733, 1, 75479 MiB, 100 %, 276.90 W, 1980 MHz, 16 %, 59
2026/10/10 17:27:11.733, 2, 75479 MiB, 100 %, 256.94 W, 1980 MHz, 16 %, 38
2026/10/10 17:27:11.733, 3, 75479 MiB, 100 %, 253.35 W, 1980 MHz, 16 %, 33
2026/10/10 17:27:11.733, 4, 75479 MiB, 100 %, 253.07 W, 1980 MHz, 16 %, 33
2026/10/10 17:27:11.733, 5, 75479 MiB, 100 %, 255.07 W, 1980 MHz, 16 %, 37
2026/10/10 17:27:11.733, 6, 75479 MiB, 100 %, 246.16 W, 1980 MHz, 16 %, 35
2026/10/10 17:27:11.733, 7, 75479 MiB, 100 %, 280.75 W, 1980 MHz, 16 %, 70
2026/10/10 17:27:12.733, 0, 75479 MiB, 100 %, 254.06 W, 1980 MHz, 16 %, 34
2026/10/10 17:27:12.734, 1, 75479 MiB, 100 %, 272.75 W, 1980 MHz, 16 %, 59
2026/10/10 17:27:12.734, 2, 75479 MiB, 100 %, 254.68 W, 1980 MHz, 16 %, 38
2026/10/10 17:27:12.734, 3, 75479 MiB, 100 %, 254.15 W, 1980 MHz, 16 %, 33
2026/10/10 17:27:12.734, 4, 75479 MiB, 100 %, 252.58 W, 1980 MHz, 16 %, 33
2026/10/10 17:27:12.734, 5, 75479 MiB, 100 %, 253.43 W, 1980 MHz, 16 %, 37
2026/10/10 17:27:12.734, 6, 75479 MiB, 100 %, 246.94 W, 1980 MHz, 16 %, 35
2026/10/10 17:27:12.734, 7, 75479 MiB, 100 %, 283.85 W, 1980 MHz, 16 %, 70
2026/10/10 17:27:13.734, 0, 75479 MiB, 100 %, 255.91 W, 1980 MHz, 16 %, 34
2026/10/10 17:27:13.734, 1, 75479 MiB, 100 %, 272.61 W, 1980 MHz, 16 %, 59
2026/10/10 17:27:13.734, 2, 75479 MiB, 100 %, 256.56 W, 1980 MHz, 16 %, 38
2026/10/10 17:27:13.734, 3, 75479 MiB, 100 %, 254.31 W, 1980 MHz, 16 %, 33
2026/10/10 17:27:13.734, 4, 75479 MiB, 100 %, 253.16 W, 1980 MHz, 16 %, 33
2026/10/10 17:27:13.735, 5, 75479 MiB, 100 %, 255.45 W, 1980 MHz, 16 %, 37
2026/10/10 17:27:13.735, 6, 75479 MiB, 100 %, 245.94 W, 1980 MHz, 16 %, 35
2026/10/10 17:27:13.735, 7, 75479 MiB, 100 %, 281.92 W, 1980 MHz, 16 %, 70
2026/10/10 17:27:14.735, 0, 75479 MiB, 100 %, 256.27 W, 1980 MHz, 16 %, 34
2026/10/10 17:27:14.735, 1, 75479 MiB, 100 %, 274.26 W, 1980 MHz, 16 %, 59
2026/10/10 17:27:14.735, 2, 75479 MiB, 100 %, 257.01 W, 1980 MHz, 16 %, 38
2026/10/10 17:27:14.735, 3, 75479 MiB, 100 %, 255.53 W, 1980 MHz, 16 %, 33
2026/10/10 17:27:14.735, 4, 75479 MiB, 100 %, 251.19 W, 1980 MHz, 16 %, 33
2026/10/10 17:27:14.735, 5, 75479 MiB, 100 %, 255.02 W, 1980 MHz, 16 %, 37
2026/10/10 17:27:14.735, 6, 75479 MiB, 100 %, 245.24 W, 1980 MHz, 16 %, 35
2026/10/10 17:27:14.735, 7, 75479 MiB, 100 %, 281.13 W, 1980 MHz, 15 %, 70
2026/10/10 17:27:15.735, 0, 75479 MiB, 100 %, 254.77 W, 1980 MHz, 16 %, 34
2026/10/10 17:27:15.736, 1, 75479 MiB, 100 %, 274.27 W, 1980 MHz, 16 %, 59
2026/10/10 17:27:15.736, 2, 75479 MiB, 100 %, 256.34 W, 1980 MHz, 16 %, 38
2026/10/10 17:27:15.736, 3, 75479 MiB, 100 %, 254.96 W, 1980 MHz, 16 %, 33
2026/10/10 17:27:15.736, 4, 75479 MiB, 100 %, 251.87 W, 1980 MHz, 16 %, 33
2026/10/10 17:27:15.736, 5, 75479 MiB, 100 %, 254.73 W, 1980 MHz, 16 %, 37
2026/10/10 17:27:15.736, 6, 75479 MiB, 100 %, 246.59 W, 1980 MHz, 16 %, 35
2026/10/10 17:27:15.736, 7, 75479 MiB, 100 %, 281.49 W, 1980 MHz, 15 %, 70
2026/10/10 17:27:16.736, 0, 75479 MiB, 100 %, 254.97 W, 1980 MHz, 16 %, 34
2026/10/10 17:27:16.736, 1, 75479 MiB, 100 %, 276.05 W, 1980 MHz, 16 %, 59
2026/10/10 17:27:16.736, 2, 75479 MiB, 100 %, 257.23 W, 1980 MHz, 16 %, 38
2026/10/10 17:27:16.737, 3, 75479 MiB, 100 %, 256.34 W, 1980 MHz, 16 %, 33
2026/10/10 17:27:16.737, 4, 75479 MiB, 100 %, 252.02 W, 1980 MHz, 16 %, 33
2026/10/10 17:27:16.737, 5, 75479 MiB, 100 %, 254.76 W, 1980 MHz, 16 %, 37
2026/10/10 17:27:16.737, 6, 75479 MiB, 100 %, 245.02 W, 1980 MHz, 16 %, 35
2026/10/10 17:27:16.737, 7, 75479 MiB, 100 %, 280.58 W, 1980 MHz, 16 %, 70
2026/10/10 17:27:17.737, 0, 75479 MiB, 100 %, 253.40 W, 1980 MHz, 16 %, 34
2026/10/10 17:27:17.737, 1, 75479 MiB, 100 %, 275.59 W, 1980 MHz, 16 %, 59
2026/10/10 17:27:17.737, 2, 75479 MiB, 100 %, 258.33 W, 1980 MHz, 16 %, 38
2026/10/10 17:27:17.739, 3, 75479 MiB, 100 %, 254.03 W, 1980 MHz, 16 %, 33
2026/10/10 17:27:17.739, 4, 75479 MiB, 100 %, 253.18 W, 1980 MHz, 16 %, 33
2026/10/10 17:27:17.740, 5, 75479 MiB, 100 %, 256.75 W, 1980 MHz, 16 %, 37
2026/10/10 17:27:17.740, 6, 75479 MiB, 100 %, 244.24 W, 1980 MHz, 16 %, 35
2026/10/10 17:27:17.740, 7, 75479 MiB, 100 %, 283.47 W, 1980 MHz, 16 %, 70
2026/10/10 17:27:18.740, 0, 75479 MiB, 100 %, 252.72 W, 1980 MHz, 16 %, 34
2026/10/10 17:27:18.740, 1, 75479 MiB, 100 %, 273.55 W, 1980 MHz, 16 %, 59
2026/10/10 17:27:18.740, 2, 75479 MiB, 100 %, 256.52 W, 1980 MHz, 16 %, 38
2026/10/10 17:27:18.740, 3, 75479 MiB, 100 %, 256.37 W, 1980 MHz, 16 %, 33
2026/10/10 17:27:18.740, 4, 75479 MiB, 100 %, 252.80 W, 1980 MHz, 16 %, 33
2026/10/10 17:27:18.740, 5, 75479 MiB, 100 %, 255.39 W, 1980 MHz, 16 %, 37
2026/10/10 17:27:18.740, 6, 75479 MiB, 100 %, 243.56 W, 1980 MHz, 16 %, 35
2026/10/10 17:27:18.740, 7, 75479 MiB, 100 %, 282.21 W, 1980 MHz, 16 %, 70
